PathFileType	4	(X/Y/Z)	2425~aa~Standing.trc
DataRate	CameraRate	NumFrames	NumMarkers	Units	OrigDataRate	OrigDataStartFrame	OrigNumFrames
100.0	100.0	708	61	m	100.0	0	707
Frame#	Time	r_asis			l_asis			r_bar_1			l_bar_1			RATT			LATT			SCR1			SCR2			r_bar_2			SCL1			SCL2			l_bar_2			MIDASIS			PO			RFCG			LFCG			RCCG			LCCG			RA_rel			LA_rel			SHO			LTCG			LK_rel			RTCG			RK_rel			refRMALL			refLMALL			RATTrel			SCR1rel			SCR2rel			rbar2rel			refRA			refLA			LATTrel			SCL1rel			SCL2rel			lbar2rel			N			RASI			LASI			RAC			LAC			HIPL			HIPR			RKNE			LKNE			RANK			LANK			KNER			KNEL			RTIO			LTIO			RHEE			LHEE			RTOE			LTOE			SAC			RMMv			LMMv			RMFC			LMFC
		X1	Y1	Z1	X2	Y2	Z2	X3	Y3	Z3	X4	Y4	Z4	X5	Y5	Z5	X6	Y6	Z6	X7	Y7	Z7	X8	Y8	Z8	X9	Y9	Z9	X10	Y10	Z10	X11	Y11	Z11	X12	Y12	Z12	X13	Y13	Z13	X14	Y14	Z14	X15	Y15	Z15	X16	Y16	Z16	X17	Y17	Z17	X18	Y18	Z18	X19	Y19	Z19	X20	Y20	Z20	X21	Y21	Z21	X22	Y22	Z22	X23	Y23	Z23	X24	Y24	Z24	X25	Y25	Z25	X26	Y26	Z26	X27	Y27	Z27	X28	Y28	Z28	X29	Y29	Z29	X30	Y30	Z30	X31	Y31	Z31	X32	Y32	Z32	X33	Y33	Z33	X34	Y34	Z34	X35	Y35	Z35	X36	Y36	Z36	X37	Y37	Z37	X38	Y38	Z38	X39	Y39	Z39	X40	Y40	Z40	X41	Y41	Z41	X42	Y42	Z42	X43	Y43	Z43	X44	Y44	Z44	X45	Y45	Z45	X46	Y46	Z46	X47	Y47	Z47	X48	Y48	Z48	X49	Y49	Z49	X50	Y50	Z50	X51	Y51	Z51	X52	Y52	Z52	X53	Y53	Z53	X54	Y54	Z54	X55	Y55	Z55	X56	Y56	Z56	X57	Y57	Z57	X58	Y58	Z58	X59	Y59	Z59	X60	Y60	Z60	X61	Y61	Z61	
0	0.00	0.3585	0.8838	0.5611	0.3252	0.8965	0.3617	0.2676	0.4503	0.6170	0.2599	0.4789	0.3064	0.2488	0.3880	0.6230	0.2342	0.3932	0.2919	0.2188	0.2061	0.7028	0.2458	0.1533	0.6844	0.2732	0.1566	0.7279	0.1864	0.2144	0.2214	0.2031	0.1526	0.2348	0.2309	0.1573	0.1915	0.3419	0.8902	0.4614	0.3419	0.8902	0.4614	0.2410	0.0374	0.6660	0.1900	0.0442	0.2589	0.2094	0.2964	0.6230	0.1869	0.3007	0.2978	0.0159	-0.0054	0.0381	0.0096	-0.0003	-0.0374	0.3318	1.2878	0.4724	0.2271	0.6575	0.3710	0.0078	0.0264	-0.0466	0.2394	0.6528	0.5626	0.0130	0.0339	0.0451	-0.0528	-0.0167	-0.0866	-0.0503	-0.0256	0.0754	0.1800	-0.0485	0.1552	0.0621	0.0000	0.0000	0.0000	0.0000	0.0000	0.0038	0.0514	0.0000	-0.0659	-0.0367	-0.0526	-0.0643	-0.0388	0.0420	0.2075	-0.0345	-0.1335	0.0654	0.0000	0.0000	0.0000	0.0000	0.0000	0.0062	0.0513	0.0000	0.2219	1.3363	0.4621	0.3587	0.8838	0.5623	0.3250	0.8966	0.3605	0.3274	1.2896	0.5244	0.3362	1.2860	0.4203	0.2480	0.8294	0.4092	0.2687	0.8215	0.5332	0.1925	0.4580	0.6540	0.1951	0.4637	0.2729	0.1986	0.0628	0.6967	0.1426	0.0810	0.2259	0.2043	0.4508	0.5978	0.2020	0.4516	0.3253	0.2168	0.0695	0.6599	0.1647	0.0791	0.2575	0.1635	0.0373	0.6386	0.1127	0.0507	0.2623	0.3388	0.0375	0.7007	0.2876	0.0361	0.2546	0.1925	0.9572	0.4821	0.2351	0.0762	0.6232	0.1868	0.0771	0.2890	0.2162	0.4436	0.5417	0.2089	0.4395	0.3776
1	0.01	0.3586	0.8838	0.5611	0.3253	0.8965	0.3617	0.2676	0.4503	0.6170	0.2599	0.4789	0.3064	0.2488	0.3880	0.6230	0.2342	0.3932	0.2919	0.2188	0.2061	0.7028	0.2458	0.1533	0.6843	0.2732	0.1566	0.7279	0.1864	0.2144	0.2214	0.2031	0.1526	0.2349	0.2309	0.1572	0.1915	0.3419	0.8901	0.4614	0.3419	0.8901	0.4614	0.2410	0.0374	0.6660	0.1900	0.0443	0.2589	0.2093	0.2964	0.6230	0.1869	0.3007	0.2978	0.0158	-0.0054	0.0381	0.0096	-0.0003	-0.0374	0.3319	1.2878	0.4724	0.2271	0.6575	0.3710	0.0078	0.0264	-0.0466	0.2394	0.6529	0.5626	0.0129	0.0338	0.0451	-0.0527	-0.0167	-0.0867	-0.0502	-0.0256	0.0755	0.1800	-0.0486	0.1552	0.0622	0.0000	0.0000	0.0000	0.0000	0.0000	0.0038	0.0514	0.0000	-0.0659	-0.0366	-0.0526	-0.0643	-0.0388	0.0420	0.2075	-0.0345	-0.1336	0.0654	0.0000	0.0000	0.0000	0.0000	0.0000	0.0062	0.0513	0.0000	0.2221	1.3364	0.4621	0.3588	0.8838	0.5623	0.3251	0.8965	0.3605	0.3275	1.2895	0.5245	0.3364	1.2860	0.4204	0.2480	0.8294	0.4093	0.2687	0.8215	0.5333	0.1925	0.4580	0.6539	0.1952	0.4637	0.2729	0.1985	0.0628	0.6967	0.1426	0.0810	0.2258	0.2042	0.4508	0.5978	0.2021	0.4516	0.3252	0.2168	0.0695	0.6599	0.1647	0.0791	0.2574	0.1635	0.0374	0.6385	0.1126	0.0508	0.2623	0.3387	0.0375	0.7007	0.2876	0.0361	0.2546	0.1926	0.9572	0.4820	0.2350	0.0762	0.6232	0.1868	0.0771	0.2891	0.2160	0.4436	0.5417	0.2089	0.4395	0.3776
2	0.02	0.3587	0.8839	0.5611	0.3254	0.8964	0.3617	0.2677	0.4504	0.6169	0.2599	0.4789	0.3064	0.2488	0.3880	0.6229	0.2343	0.3932	0.2919	0.2188	0.2062	0.7027	0.2458	0.1533	0.6843	0.2733	0.1566	0.7278	0.1864	0.2144	0.2214	0.2032	0.1526	0.2348	0.2309	0.1572	0.1915	0.3420	0.8901	0.4614	0.3420	0.8901	0.4614	0.2410	0.0375	0.6659	0.1899	0.0443	0.2589	0.2093	0.2964	0.6230	0.1870	0.3007	0.2978	0.0158	-0.0053	0.0381	0.0096	-0.0003	-0.0374	0.3322	1.2878	0.4725	0.2271	0.6575	0.3710	0.0078	0.0264	-0.0466	0.2394	0.6529	0.5626	0.0129	0.0337	0.0451	-0.0527	-0.0167	-0.0867	-0.0502	-0.0256	0.0754	0.1800	-0.0486	0.1552	0.0622	0.0000	0.0000	0.0000	0.0000	0.0000	0.0038	0.0514	0.0000	-0.0659	-0.0366	-0.0527	-0.0642	-0.0388	0.0420	0.2075	-0.0345	-0.1335	0.0654	0.0000	0.0000	0.0000	0.0000	0.0000	0.0061	0.0513	0.0000	0.2223	1.3364	0.4621	0.3589	0.8838	0.5623	0.3252	0.8965	0.3605	0.3277	1.2895	0.5245	0.3366	1.2860	0.4205	0.2481	0.8294	0.4093	0.2688	0.8216	0.5333	0.1925	0.4581	0.6539	0.1952	0.4637	0.2729	0.1985	0.0629	0.6966	0.1426	0.0811	0.2258	0.2041	0.4509	0.5978	0.2021	0.4516	0.3252	0.2168	0.0695	0.6599	0.1647	0.0791	0.2574	0.1635	0.0374	0.6385	0.1126	0.0508	0.2623	0.3387	0.0375	0.7006	0.2876	0.0361	0.2546	0.1927	0.9573	0.4820	0.2351	0.0762	0.6232	0.1868	0.0772	0.2890	0.2157	0.4437	0.5418	0.2090	0.4395	0.3776
3	0.03	0.3588	0.8839	0.5610	0.3255	0.8965	0.3617	0.2677	0.4504	0.6168	0.2600	0.4789	0.3063	0.2489	0.3880	0.6229	0.2343	0.3932	0.2918	0.2189	0.2062	0.7027	0.2459	0.1533	0.6843	0.2733	0.1567	0.7278	0.1864	0.2144	0.2214	0.2032	0.1527	0.2348	0.2309	0.1573	0.1915	0.3421	0.8902	0.4613	0.3421	0.8902	0.4613	0.2410	0.0375	0.6659	0.1900	0.0443	0.2589	0.2093	0.2965	0.6229	0.1870	0.3008	0.2978	0.0158	-0.0053	0.0381	0.0096	-0.0003	-0.0374	0.3324	1.2878	0.4725	0.2272	0.6575	0.3710	0.0079	0.0264	-0.0466	0.2395	0.6529	0.5626	0.0129	0.0337	0.0451	-0.0527	-0.0167	-0.0867	-0.0503	-0.0256	0.0754	0.1800	-0.0487	0.1552	0.0622	0.0000	0.0000	0.0000	0.0000	0.0000	0.0038	0.0514	0.0000	-0.0659	-0.0367	-0.0527	-0.0642	-0.0388	0.0419	0.2075	-0.0345	-0.1335	0.0654	0.0000	0.0000	0.0000	0.0000	0.0000	0.0061	0.0513	0.0000	0.2225	1.3364	0.4621	0.3590	0.8838	0.5622	0.3253	0.8966	0.3604	0.3279	1.2896	0.5245	0.3368	1.2860	0.4205	0.2481	0.8295	0.4092	0.2689	0.8216	0.5332	0.1926	0.4581	0.6539	0.1952	0.4637	0.2729	0.1986	0.0629	0.6966	0.1426	0.0811	0.2258	0.2042	0.4509	0.5978	0.2021	0.4516	0.3252	0.2168	0.0696	0.6599	0.1647	0.0791	0.2574	0.1635	0.0375	0.6385	0.1126	0.0508	0.2623	0.3388	0.0375	0.7007	0.2876	0.0361	0.2546	0.1928	0.9573	0.4820	0.2351	0.0763	0.6231	0.1868	0.0772	0.2890	0.2159	0.4437	0.5417	0.2090	0.4396	0.3776
4	0.04	0.3588	0.8839	0.5610	0.3255	0.8965	0.3616	0.2677	0.4504	0.6168	0.2600	0.4790	0.3063	0.2489	0.3880	0.6229	0.2343	0.3932	0.2918	0.2189	0.2062	0.7027	0.2459	0.1533	0.6843	0.2734	0.1566	0.7278	0.1864	0.2145	0.2214	0.2031	0.1527	0.2348	0.2309	0.1573	0.1915	0.3422	0.8902	0.4613	0.3422	0.8902	0.4613	0.2410	0.0375	0.6660	0.1899	0.0443	0.2589	0.2092	0.2965	0.6230	0.1870	0.3008	0.2978	0.0158	-0.0053	0.0381	0.0096	-0.0003	-0.0374	0.3325	1.2878	0.4725	0.2272	0.6576	0.3710	0.0079	0.0264	-0.0466	0.2394	0.6530	0.5626	0.0129	0.0335	0.0451	-0.0527	-0.0167	-0.0867	-0.0503	-0.0256	0.0754	0.1801	-0.0486	0.1551	0.0621	0.0000	0.0000	0.0000	0.0000	0.0000	0.0038	0.0514	0.0000	-0.0659	-0.0367	-0.0526	-0.0643	-0.0388	0.0420	0.2075	-0.0344	-0.1336	0.0654	0.0000	0.0000	0.0000	0.0000	0.0000	0.0061	0.0513	0.0000	0.2227	1.3364	0.4621	0.3590	0.8838	0.5622	0.3253	0.8966	0.3604	0.3281	1.2895	0.5245	0.3370	1.2860	0.4205	0.2482	0.8295	0.4092	0.2689	0.8216	0.5332	0.1926	0.4581	0.6539	0.1952	0.4637	0.2728	0.1986	0.0629	0.6966	0.1426	0.0811	0.2258	0.2041	0.4509	0.5978	0.2021	0.4516	0.3252	0.2168	0.0696	0.6599	0.1647	0.0791	0.2574	0.1635	0.0375	0.6385	0.1126	0.0508	0.2623	0.3388	0.0375	0.7007	0.2876	0.0361	0.2546	0.1930	0.9573	0.4819	0.2350	0.0763	0.6231	0.1868	0.0772	0.2890	0.2155	0.4437	0.5418	0.2090	0.4396	0.3776
5	0.05	0.3589	0.8838	0.5610	0.3256	0.8965	0.3616	0.2677	0.4504	0.6168	0.2600	0.4789	0.3064	0.2489	0.3880	0.6229	0.2343	0.3932	0.2918	0.2189	0.2062	0.7027	0.2459	0.1533	0.6843	0.2734	0.1566	0.7278	0.1864	0.2145	0.2214	0.2032	0.1527	0.2349	0.2309	0.1573	0.1915	0.3422	0.8901	0.4613	0.3422	0.8901	0.4613	0.2410	0.0375	0.6660	0.1899	0.0443	0.2589	0.2093	0.2964	0.6229	0.1869	0.3008	0.2978	0.0158	-0.0053	0.0381	0.0096	-0.0003	-0.0374	0.3327	1.2877	0.4726	0.2273	0.6576	0.3710	0.0078	0.0264	-0.0467	0.2395	0.6529	0.5626	0.0129	0.0336	0.0451	-0.0528	-0.0168	-0.0866	-0.0502	-0.0256	0.0755	0.1801	-0.0486	0.1551	0.0621	0.0000	0.0000	0.0000	0.0000	0.0000	0.0038	0.0514	0.0000	-0.0659	-0.0367	-0.0526	-0.0643	-0.0388	0.0420	0.2075	-0.0345	-0.1336	0.0654	0.0000	0.0000	0.0000	0.0000	0.0000	0.0061	0.0513	0.0000	0.2229	1.3364	0.4621	0.3591	0.8837	0.5622	0.3254	0.8966	0.3604	0.3282	1.2894	0.5246	0.3372	1.2860	0.4206	0.2483	0.8295	0.4092	0.2690	0.8216	0.5332	0.1926	0.4580	0.6539	0.1952	0.4637	0.2728	0.1986	0.0628	0.6966	0.1426	0.0811	0.2258	0.2041	0.4509	0.5978	0.2021	0.4516	0.3252	0.2168	0.0695	0.6599	0.1647	0.0791	0.2574	0.1635	0.0375	0.6385	0.1126	0.0508	0.2623	0.3388	0.0375	0.7007	0.2875	0.0360	0.2546	0.1931	0.9573	0.4819	0.2350	0.0763	0.6231	0.1868	0.0771	0.2891	0.2156	0.4437	0.5417	0.2089	0.4395	0.3776
6	0.06	0.3589	0.8837	0.5610	0.3257	0.8965	0.3616	0.2677	0.4503	0.6169	0.2601	0.4789	0.3063	0.2489	0.3879	0.6229	0.2343	0.3932	0.2919	0.2190	0.2061	0.7028	0.2459	0.1532	0.6843	0.2734	0.1565	0.7278	0.1864	0.2144	0.2214	0.2032	0.1526	0.2349	0.2310	0.1572	0.1915	0.3423	0.8901	0.4613	0.3423	0.8901	0.4613	0.2410	0.0374	0.6660	0.1899	0.0442	0.2589	0.2093	0.2964	0.6229	0.1869	0.3007	0.2978	0.0159	-0.0053	0.0381	0.0096	-0.0003	-0.0374	0.3329	1.2876	0.4726	0.2273	0.6575	0.3709	0.0078	0.0264	-0.0467	0.2395	0.6529	0.5625	0.0130	0.0337	0.0451	-0.0528	-0.0168	-0.0866	-0.0503	-0.0256	0.0755	0.1801	-0.0486	0.1551	0.0621	0.0000	0.0000	0.0000	0.0000	0.0000	0.0038	0.0514	0.0000	-0.0659	-0.0367	-0.0525	-0.0643	-0.0388	0.0421	0.2075	-0.0346	-0.1336	0.0654	0.0000	0.0000	0.0000	0.0000	0.0000	0.0062	0.0513	0.0000	0.2231	1.3364	0.4622	0.3592	0.8836	0.5622	0.3255	0.8965	0.3604	0.3284	1.2893	0.5246	0.3374	1.2859	0.4206	0.2484	0.8294	0.4091	0.2690	0.8215	0.5331	0.1926	0.4580	0.6539	0.1953	0.4637	0.2728	0.1986	0.0628	0.6966	0.1426	0.0810	0.2259	0.2042	0.4508	0.5978	0.2021	0.4516	0.3252	0.2168	0.0695	0.6599	0.1646	0.0790	0.2575	0.1635	0.0374	0.6385	0.1126	0.0507	0.2623	0.3388	0.0374	0.7008	0.2875	0.0360	0.2546	0.1932	0.9572	0.4820	0.2351	0.0762	0.6231	0.1867	0.0770	0.2891	0.2158	0.4437	0.5417	0.2089	0.4395	0.3776
7	0.07	0.3590	0.8837	0.5609	0.3258	0.8964	0.3616	0.2677	0.4503	0.6168	0.2601	0.4789	0.3063	0.2489	0.3879	0.6228	0.2344	0.3932	0.2918	0.2190	0.2061	0.7027	0.2459	0.1532	0.6843	0.2735	0.1565	0.7277	0.1864	0.2144	0.2214	0.2032	0.1526	0.2348	0.2310	0.1572	0.1915	0.3424	0.8901	0.4613	0.3424	0.8901	0.4613	0.2410	0.0374	0.6660	0.1899	0.0442	0.2589	0.2092	0.2964	0.6230	0.1869	0.3007	0.2977	0.0159	-0.0053	0.0381	0.0096	-0.0003	-0.0374	0.3331	1.2876	0.4727	0.2274	0.6575	0.3709	0.0078	0.0264	-0.0467	0.2395	0.6529	0.5625	0.0130	0.0335	0.0451	-0.0528	-0.0168	-0.0866	-0.0503	-0.0256	0.0755	0.1802	-0.0486	0.1550	0.0621	0.0000	0.0000	0.0000	0.0000	0.0000	0.0038	0.0514	0.0000	-0.0659	-0.0367	-0.0526	-0.0643	-0.0388	0.0421	0.2075	-0.0346	-0.1336	0.0655	0.0000	0.0000	0.0000	0.0000	0.0000	0.0062	0.0513	0.0000	0.2233	1.3363	0.4622	0.3592	0.8836	0.5622	0.3256	0.8965	0.3604	0.3286	1.2893	0.5246	0.3376	1.2859	0.4207	0.2484	0.8294	0.4091	0.2691	0.8215	0.5331	0.1927	0.4580	0.6539	0.1953	0.4637	0.2727	0.1986	0.0628	0.6966	0.1425	0.0810	0.2259	0.2041	0.4509	0.5978	0.2021	0.4516	0.3252	0.2168	0.0695	0.6599	0.1646	0.0790	0.2575	0.1635	0.0374	0.6385	0.1126	0.0507	0.2623	0.3388	0.0374	0.7008	0.2875	0.0360	0.2547	0.1933	0.9572	0.4819	0.2350	0.0762	0.6231	0.1867	0.0770	0.2891	0.2155	0.4438	0.5417	0.2089	0.4394	0.3776
8	0.08	0.3591	0.8837	0.5609	0.3259	0.8964	0.3616	0.2677	0.4503	0.6168	0.2601	0.4789	0.3063	0.2489	0.3879	0.6228	0.2344	0.3931	0.2918	0.2191	0.2061	0.7027	0.2460	0.1532	0.6842	0.2735	0.1565	0.7277	0.1864	0.2144	0.2213	0.2032	0.1526	0.2348	0.2310	0.1572	0.1915	0.3425	0.8900	0.4612	0.3425	0.8900	0.4612	0.2410	0.0374	0.6660	0.1899	0.0442	0.2589	0.2092	0.2964	0.6230	0.1869	0.3007	0.2977	0.0158	-0.0053	0.0380	0.0096	-0.0003	-0.0374	0.3333	1.2876	0.4727	0.2274	0.6575	0.3708	0.0078	0.0264	-0.0467	0.2395	0.6529	0.5625	0.0130	0.0335	0.0451	-0.0528	-0.0168	-0.0866	-0.0502	-0.0256	0.0755	0.1802	-0.0487	0.1550	0.0621	0.0000	0.0000	0.0000	0.0000	0.0000	0.0038	0.0514	0.0000	-0.0659	-0.0367	-0.0526	-0.0643	-0.0388	0.0420	0.2075	-0.0346	-0.1336	0.0654	0.0000	0.0000	0.0000	0.0000	0.0000	0.0062	0.0513	0.0000	0.2235	1.3364	0.4622	0.3593	0.8836	0.5621	0.3257	0.8965	0.3603	0.3288	1.2893	0.5246	0.3378	1.2859	0.4207	0.2485	0.8294	0.4090	0.2691	0.8215	0.5330	0.1927	0.4580	0.6539	0.1953	0.4637	0.2727	0.1986	0.0628	0.6966	0.1425	0.0810	0.2258	0.2040	0.4509	0.5978	0.2021	0.4516	0.3251	0.2168	0.0695	0.6599	0.1646	0.0790	0.2574	0.1635	0.0375	0.6385	0.1126	0.0508	0.2623	0.3388	0.0374	0.7008	0.2875	0.0360	0.2546	0.1935	0.9573	0.4819	0.2349	0.0762	0.6232	0.1867	0.0770	0.2890	0.2154	0.4438	0.5418	0.2089	0.4395	0.3775
9	0.09	0.3591	0.8837	0.5609	0.3260	0.8964	0.3615	0.2678	0.4503	0.6167	0.2601	0.4789	0.3062	0.2489	0.3879	0.6227	0.2344	0.3931	0.2917	0.2192	0.2061	0.7027	0.2460	0.1533	0.6842	0.2736	0.1566	0.7276	0.1865	0.2144	0.2213	0.2032	0.1526	0.2348	0.2310	0.1572	0.1915	0.3426	0.8900	0.4612	0.3426	0.8900	0.4612	0.2410	0.0375	0.6660	0.1899	0.0443	0.2589	0.2092	0.2965	0.6229	0.1870	0.3007	0.2977	0.0158	-0.0053	0.0381	0.0096	-0.0003	-0.0374	0.3334	1.2876	0.4727	0.2274	0.6575	0.3708	0.0078	0.0264	-0.0467	0.2395	0.6529	0.5625	0.0129	0.0334	0.0451	-0.0528	-0.0168	-0.0867	-0.0503	-0.0256	0.0755	0.1802	-0.0488	0.1550	0.0621	0.0000	0.0000	0.0000	0.0000	0.0000	0.0038	0.0514	0.0000	-0.0659	-0.0367	-0.0526	-0.0643	-0.0388	0.0420	0.2075	-0.0346	-0.1335	0.0654	0.0000	0.0000	0.0000	0.0000	0.0000	0.0062	0.0513	0.0000	0.2237	1.3364	0.4621	0.3594	0.8836	0.5621	0.3258	0.8965	0.3603	0.3289	1.2892	0.5246	0.3380	1.2859	0.4207	0.2486	0.8294	0.4090	0.2692	0.8215	0.5330	0.1928	0.4580	0.6539	0.1953	0.4637	0.2727	0.1986	0.0628	0.6966	0.1426	0.0810	0.2258	0.2040	0.4509	0.5978	0.2022	0.4516	0.3251	0.2168	0.0695	0.6598	0.1647	0.0791	0.2574	0.1635	0.0375	0.6385	0.1126	0.0508	0.2622	0.3388	0.0374	0.7007	0.2875	0.0360	0.2546	0.1936	0.9573	0.4818	0.2350	0.0762	0.6231	0.1867	0.0771	0.2890	0.2153	0.4438	0.5418	0.2090	0.4395	0.3775
10	0.10	0.3592	0.8837	0.5608	0.3261	0.8964	0.3615	0.2678	0.4503	0.6167	0.2601	0.4789	0.3062	0.2490	0.3880	0.6227	0.2344	0.3932	0.2917	0.2192	0.2062	0.7027	0.2461	0.1533	0.6841	0.2736	0.1566	0.7276	0.1864	0.2144	0.2213	0.2032	0.1526	0.2348	0.2310	0.1572	0.1915	0.3426	0.8900	0.4612	0.3426	0.8900	0.4612	0.2410	0.0375	0.6660	0.1899	0.0443	0.2588	0.2092	0.2965	0.6229	0.1870	0.3008	0.2976	0.0158	-0.0053	0.0381	0.0096	-0.0003	-0.0374	0.3336	1.2876	0.4727	0.2275	0.6576	0.3708	0.0079	0.0264	-0.0467	0.2396	0.6529	0.5625	0.0129	0.0334	0.0451	-0.0527	-0.0168	-0.0867	-0.0503	-0.0256	0.0754	0.1801	-0.0488	0.1550	0.0621	0.0000	0.0000	0.0000	0.0000	0.0000	0.0038	0.0514	0.0000	-0.0659	-0.0367	-0.0526	-0.0643	-0.0388	0.0420	0.2075	-0.0345	-0.1335	0.0655	0.0000	0.0000	0.0000	0.0000	0.0000	0.0062	0.0513	0.0000	0.2239	1.3364	0.4621	0.3594	0.8836	0.5621	0.3259	0.8965	0.3602	0.3291	1.2893	0.5247	0.3382	1.2859	0.4207	0.2486	0.8295	0.4090	0.2692	0.8216	0.5330	0.1928	0.4581	0.6539	0.1954	0.4637	0.2726	0.1986	0.0629	0.6966	0.1426	0.0810	0.2257	0.2040	0.4509	0.5978	0.2022	0.4516	0.3250	0.2168	0.0696	0.6598	0.1647	0.0791	0.2574	0.1635	0.0375	0.6385	0.1126	0.0508	0.2622	0.3388	0.0375	0.7007	0.2875	0.0360	0.2546	0.1937	0.9573	0.4817	0.2350	0.0763	0.6230	0.1867	0.0772	0.2890	0.2153	0.4438	0.5418	0.2090	0.4396	0.3774
11	0.11	0.3593	0.8837	0.5608	0.3262	0.8964	0.3615	0.2678	0.4504	0.6166	0.2601	0.4789	0.3062	0.2490	0.3881	0.6226	0.2344	0.3932	0.2916	0.2193	0.2063	0.7027	0.2461	0.1534	0.6841	0.2737	0.1566	0.7275	0.1864	0.2145	0.2212	0.2032	0.1527	0.2347	0.2310	0.1572	0.1914	0.3427	0.8901	0.4611	0.3427	0.8901	0.4611	0.2410	0.0375	0.6660	0.1899	0.0443	0.2588	0.2092	0.2966	0.6229	0.1870	0.3008	0.2976	0.0158	-0.0053	0.0382	0.0096	-0.0003	-0.0374	0.3338	1.2876	0.4727	0.2275	0.6576	0.3707	0.0079	0.0264	-0.0467	0.2396	0.6530	0.5624	0.0129	0.0334	0.0451	-0.0526	-0.0167	-0.0867	-0.0503	-0.0256	0.0754	0.1801	-0.0489	0.1551	0.0621	0.0000	0.0000	0.0000	0.0000	0.0000	0.0038	0.0514	0.0000	-0.0658	-0.0367	-0.0526	-0.0643	-0.0388	0.0419	0.2075	-0.0345	-0.1336	0.0655	0.0000	0.0000	0.0000	0.0000	0.0000	0.0061	0.0513	0.0000	0.2241	1.3364	0.4621	0.3595	0.8836	0.5620	0.3260	0.8965	0.3602	0.3293	1.2893	0.5246	0.3384	1.2859	0.4207	0.2487	0.8295	0.4089	0.2693	0.8216	0.5329	0.1929	0.4582	0.6538	0.1954	0.4637	0.2726	0.1987	0.0630	0.6967	0.1426	0.0811	0.2257	0.2041	0.4510	0.5978	0.2022	0.4517	0.3250	0.2169	0.0697	0.6598	0.1647	0.0791	0.2573	0.1635	0.0376	0.6385	0.1126	0.0508	0.2622	0.3388	0.0375	0.7007	0.2875	0.0361	0.2546	0.1938	0.9573	0.4817	0.2350	0.0764	0.6229	0.1867	0.0772	0.2890	0.2153	0.4438	0.5417	0.2090	0.4397	0.3774
12	0.12	0.3593	0.8837	0.5607	0.3263	0.8964	0.3614	0.2678	0.4504	0.6165	0.2602	0.4789	0.3061	0.2490	0.3881	0.6226	0.2344	0.3932	0.2916	0.2193	0.2063	0.7026	0.2462	0.1534	0.6841	0.2738	0.1567	0.7275	0.1865	0.2145	0.2212	0.2032	0.1527	0.2347	0.2310	0.1572	0.1914	0.3428	0.8901	0.4611	0.3428	0.8901	0.4611	0.2410	0.0376	0.6660	0.1899	0.0443	0.2588	0.2093	0.2966	0.6229	0.1870	0.3008	0.2976	0.0158	-0.0053	0.0382	0.0096	-0.0003	-0.0374	0.3340	1.2876	0.4727	0.2276	0.6576	0.3707	0.0079	0.0264	-0.0467	0.2396	0.6530	0.5624	0.0129	0.0334	0.0451	-0.0525	-0.0165	-0.0868	-0.0503	-0.0256	0.0754	0.1801	-0.0489	0.1550	0.0621	0.0000	0.0000	0.0000	0.0000	0.0000	0.0038	0.0514	0.0000	-0.0658	-0.0365	-0.0527	-0.0643	-0.0388	0.0420	0.2075	-0.0345	-0.1336	0.0654	0.0000	0.0000	0.0000	0.0000	0.0000	0.0061	0.0513	0.0000	0.2243	1.3364	0.4621	0.3595	0.8836	0.5620	0.3261	0.8965	0.3602	0.3294	1.2893	0.5246	0.3385	1.2859	0.4208	0.2488	0.8295	0.4088	0.2693	0.8216	0.5329	0.1929	0.4582	0.6538	0.1954	0.4637	0.2725	0.1988	0.0631	0.6969	0.1426	0.0811	0.2257	0.2041	0.4510	0.5978	0.2022	0.4517	0.3249	0.2169	0.0697	0.6599	0.1647	0.0792	0.2573	0.1635	0.0376	0.6384	0.1126	0.0509	0.2621	0.3388	0.0375	0.7007	0.2875	0.0361	0.2546	0.1939	0.9574	0.4816	0.2350	0.0763	0.6229	0.1867	0.0772	0.2889	0.2153	0.4438	0.5417	0.2090	0.4397	0.3774
13	0.13	0.3593	0.8837	0.5608	0.3263	0.8964	0.3614	0.2678	0.4504	0.6165	0.2602	0.4789	0.3061	0.2490	0.3880	0.6226	0.2344	0.3932	0.2916	0.2193	0.2062	0.7026	0.2462	0.1533	0.6840	0.2738	0.1566	0.7274	0.1865	0.2144	0.2212	0.2032	0.1526	0.2347	0.2310	0.1572	0.1914	0.3428	0.8900	0.4611	0.3428	0.8900	0.4611	0.2410	0.0376	0.6660	0.1899	0.0443	0.2588	0.2092	0.2966	0.6230	0.1870	0.3008	0.2975	0.0157	-0.0053	0.0382	0.0096	-0.0003	-0.0374	0.3341	1.2875	0.4727	0.2276	0.6576	0.3706	0.0079	0.0264	-0.0467	0.2396	0.6530	0.5624	0.0129	0.0335	0.0451	-0.0525	-0.0164	-0.0867	-0.0503	-0.0256	0.0754	0.1801	-0.0489	0.1550	0.0622	0.0000	0.0000	0.0000	0.0000	0.0000	0.0038	0.0514	0.0000	-0.0657	-0.0365	-0.0527	-0.0643	-0.0388	0.0420	0.2075	-0.0345	-0.1336	0.0654	0.0000	0.0000	0.0000	0.0000	0.0000	0.0061	0.0513	0.0000	0.2244	1.3364	0.4620	0.3595	0.8836	0.5620	0.3261	0.8965	0.3602	0.3295	1.2892	0.5247	0.3387	1.2859	0.4208	0.2488	0.8295	0.4088	0.2693	0.8216	0.5328	0.1929	0.4581	0.6538	0.1955	0.4637	0.2725	0.1988	0.0631	0.6969	0.1426	0.0811	0.2257	0.2041	0.4510	0.5978	0.2022	0.4517	0.3249	0.2169	0.0697	0.6600	0.1646	0.0791	0.2573	0.1635	0.0376	0.6384	0.1126	0.0509	0.2621	0.3388	0.0375	0.7007	0.2875	0.0361	0.2546	0.1940	0.9574	0.4815	0.2349	0.0762	0.6230	0.1867	0.0772	0.2889	0.2152	0.4438	0.5417	0.2089	0.4396	0.3773
14	0.14	0.3593	0.8836	0.5608	0.3264	0.8964	0.3614	0.2678	0.4503	0.6165	0.2602	0.4789	0.3061	0.2490	0.3880	0.6226	0.2344	0.3932	0.2916	0.2194	0.2062	0.7026	0.2462	0.1533	0.6840	0.2738	0.1566	0.7274	0.1865	0.2144	0.2212	0.2032	0.1526	0.2347	0.2311	0.1572	0.1914	0.3429	0.8900	0.4611	0.3429	0.8900	0.4611	0.2410	0.0375	0.6660	0.1899	0.0443	0.2588	0.2093	0.2965	0.6229	0.1870	0.3008	0.2975	0.0158	-0.0053	0.0383	0.0096	-0.0003	-0.0374	0.3342	1.2875	0.4728	0.2276	0.6576	0.3706	0.0078	0.0265	-0.0467	0.2396	0.6529	0.5624	0.0129	0.0334	0.0451	-0.0525	-0.0164	-0.0867	-0.0503	-0.0256	0.0755	0.1802	-0.0489	0.1550	0.0622	0.0000	0.0000	0.0000	0.0000	0.0000	0.0039	0.0514	0.0000	-0.0658	-0.0365	-0.0527	-0.0643	-0.0388	0.0420	0.2075	-0.0345	-0.1336	0.0654	0.0000	0.0000	0.0000	0.0000	0.0000	0.0061	0.0513	0.0000	0.2246	1.3364	0.4620	0.3595	0.8835	0.5620	0.3262	0.8964	0.3601	0.3296	1.2891	0.5247	0.3388	1.2858	0.4208	0.2489	0.8295	0.4088	0.2693	0.8216	0.5328	0.1929	0.4581	0.6538	0.1955	0.4638	0.2724	0.1988	0.0631	0.6969	0.1426	0.0810	0.2257	0.2041	0.4510	0.5977	0.2022	0.4517	0.3249	0.2169	0.0697	0.6599	0.1646	0.0791	0.2573	0.1635	0.0376	0.6385	0.1126	0.0508	0.2621	0.3388	0.0375	0.7007	0.2875	0.0360	0.2546	0.1941	0.9573	0.4815	0.2350	0.0762	0.6230	0.1867	0.0771	0.2889	0.2152	0.4438	0.5417	0.2089	0.4396	0.3773
15	0.15	0.3594	0.8836	0.5607	0.3266	0.8964	0.3614	0.2679	0.4503	0.6165	0.2603	0.4789	0.3061	0.2490	0.3880	0.6225	0.2345	0.3932	0.2916	0.2195	0.2062	0.7026	0.2462	0.1533	0.6840	0.2739	0.1566	0.7274	0.1866	0.2144	0.2211	0.2032	0.1526	0.2347	0.2311	0.1572	0.1914	0.3430	0.8900	0.4610	0.3430	0.8900	0.4610	0.2410	0.0375	0.6660	0.1899	0.0443	0.2588	0.2093	0.2965	0.6229	0.1870	0.3008	0.2975	0.0158	-0.0053	0.0383	0.0096	-0.0003	-0.0374	0.3344	1.2875	0.4728	0.2277	0.6576	0.3705	0.0078	0.0265	-0.0467	0.2397	0.6529	0.5623	0.0129	0.0334	0.0451	-0.0525	-0.0165	-0.0867	-0.0503	-0.0256	0.0755	0.1802	-0.0489	0.1550	0.0622	0.0000	0.0000	0.0000	0.0000	0.0000	0.0039	0.0514	0.0000	-0.0658	-0.0366	-0.0526	-0.0643	-0.0388	0.0420	0.2075	-0.0345	-0.1336	0.0654	0.0000	0.0000	0.0000	0.0000	0.0000	0.0062	0.0513	0.0000	0.2248	1.3364	0.4621	0.3596	0.8835	0.5620	0.3263	0.8964	0.3601	0.3298	1.2891	0.5247	0.3390	1.2858	0.4208	0.2490	0.8295	0.4087	0.2694	0.8216	0.5327	0.1930	0.4581	0.6538	0.1955	0.4638	0.2724	0.1988	0.0631	0.6969	0.1426	0.0810	0.2257	0.2041	0.4510	0.5977	0.2023	0.4517	0.3248	0.2170	0.0697	0.6599	0.1646	0.0791	0.2573	0.1636	0.0376	0.6385	0.1126	0.0508	0.2621	0.3389	0.0374	0.7008	0.2875	0.0360	0.2547	0.1943	0.9573	0.4815	0.2351	0.0763	0.6229	0.1867	0.0771	0.2889	0.2152	0.4438	0.5416	0.2090	0.4396	0.3773
16	0.16	0.3594	0.8836	0.5607	0.3266	0.8964	0.3614	0.2679	0.4503	0.6164	0.2603	0.4789	0.3060	0.2491	0.3880	0.6225	0.2345	0.3932	0.2915	0.2195	0.2062	0.7026	0.2463	0.1533	0.6840	0.2739	0.1566	0.7274	0.1866	0.2145	0.2211	0.2032	0.1526	0.2347	0.2311	0.1572	0.1914	0.3430	0.8900	0.4610	0.3430	0.8900	0.4610	0.2411	0.0376	0.6660	0.1899	0.0443	0.2588	0.2093	0.2966	0.6228	0.1871	0.3008	0.2974	0.0158	-0.0053	0.0382	0.0096	-0.0003	-0.0374	0.3345	1.2875	0.4728	0.2278	0.6576	0.3705	0.0078	0.0265	-0.0467	0.2397	0.6530	0.5623	0.0129	0.0334	0.0451	-0.0526	-0.0166	-0.0868	-0.0503	-0.0256	0.0754	0.1802	-0.0490	0.1550	0.0622	0.0000	0.0000	0.0000	0.0000	0.0000	0.0039	0.0514	0.0000	-0.0658	-0.0366	-0.0527	-0.0643	-0.0388	0.0420	0.2075	-0.0346	-0.1336	0.0654	0.0000	0.0000	0.0000	0.0000	0.0000	0.0062	0.0513	0.0000	0.2249	1.3364	0.4620	0.3596	0.8835	0.5620	0.3264	0.8965	0.3601	0.3299	1.2891	0.5247	0.3391	1.2858	0.4209	0.2490	0.8296	0.4087	0.2694	0.8216	0.5327	0.1930	0.4581	0.6538	0.1956	0.4638	0.2724	0.1988	0.0630	0.6967	0.1426	0.0811	0.2256	0.2041	0.4510	0.5977	0.2023	0.4517	0.3248	0.2169	0.0697	0.6598	0.1647	0.0791	0.2573	0.1636	0.0376	0.6385	0.1126	0.0509	0.2621	0.3389	0.0375	0.7007	0.2875	0.0360	0.2547	0.1943	0.9574	0.4814	0.2350	0.0764	0.6228	0.1867	0.0772	0.2889	0.2152	0.4438	0.5416	0.2090	0.4396	0.3773
17	0.17	0.3594	0.8836	0.5607	0.3267	0.8964	0.3614	0.2679	0.4503	0.6163	0.2604	0.4789	0.3060	0.2491	0.3880	0.6224	0.2346	0.3932	0.2915	0.2195	0.2062	0.7025	0.2463	0.1533	0.6839	0.2739	0.1566	0.7273	0.1866	0.2144	0.2211	0.2033	0.1526	0.2347	0.2311	0.1572	0.1914	0.3431	0.8900	0.4610	0.3431	0.8900	0.4610	0.2411	0.0376	0.6659	0.1899	0.0444	0.2587	0.2093	0.2966	0.6228	0.1871	0.3008	0.2974	0.0158	-0.0053	0.0382	0.0096	-0.0003	-0.0374	0.3346	1.2875	0.4728	0.2278	0.6576	0.3705	0.0079	0.0264	-0.0467	0.2397	0.6530	0.5622	0.0129	0.0335	0.0451	-0.0525	-0.0165	-0.0868	-0.0502	-0.0256	0.0755	0.1801	-0.0490	0.1550	0.0621	0.0000	0.0000	0.0000	0.0000	0.0000	0.0039	0.0514	0.0000	-0.0657	-0.0366	-0.0528	-0.0642	-0.0388	0.0420	0.2075	-0.0345	-0.1336	0.0654	0.0000	0.0000	0.0000	0.0000	0.0000	0.0062	0.0513	0.0000	0.2250	1.3365	0.4620	0.3596	0.8835	0.5620	0.3265	0.8964	0.3601	0.3300	1.2891	0.5247	0.3392	1.2858	0.4209	0.2490	0.8296	0.4086	0.2694	0.8216	0.5327	0.1930	0.4581	0.6537	0.1957	0.4637	0.2723	0.1988	0.0631	0.6967	0.1426	0.0811	0.2255	0.2041	0.4510	0.5976	0.2023	0.4517	0.3248	0.2169	0.0697	0.6598	0.1646	0.0792	0.2572	0.1636	0.0377	0.6384	0.1125	0.0510	0.2620	0.3389	0.0375	0.7007	0.2875	0.0360	0.2546	0.1944	0.9574	0.4812	0.2350	0.0763	0.6229	0.1867	0.0772	0.2889	0.2153	0.4438	0.5416	0.2090	0.4396	0.3772
18	0.18	0.3595	0.8836	0.5607	0.3268	0.8964	0.3613	0.2679	0.4503	0.6163	0.2604	0.4789	0.3060	0.2491	0.3880	0.6224	0.2346	0.3932	0.2915	0.2195	0.2062	0.7025	0.2463	0.1533	0.6839	0.2740	0.1566	0.7273	0.1866	0.2144	0.2211	0.2033	0.1526	0.2346	0.2312	0.1571	0.1914	0.3431	0.8900	0.4610	0.3431	0.8900	0.4610	0.2411	0.0376	0.6659	0.1899	0.0443	0.2587	0.2093	0.2965	0.6228	0.1871	0.3008	0.2974	0.0158	-0.0052	0.0382	0.0096	-0.0003	-0.0374	0.3348	1.2875	0.4728	0.2279	0.6576	0.3704	0.0079	0.0264	-0.0467	0.2397	0.6530	0.5622	0.0129	0.0335	0.0451	-0.0525	-0.0166	-0.0868	-0.0502	-0.0256	0.0755	0.1801	-0.0490	0.1550	0.0622	0.0000	0.0000	0.0000	0.0000	0.0000	0.0039	0.0514	0.0000	-0.0658	-0.0366	-0.0527	-0.0642	-0.0388	0.0420	0.2075	-0.0345	-0.1336	0.0655	0.0000	0.0000	0.0000	0.0000	0.0000	0.0062	0.0513	0.0000	0.2252	1.3365	0.4620	0.3597	0.8835	0.5620	0.3266	0.8964	0.3601	0.3301	1.2891	0.5247	0.3394	1.2858	0.4209	0.2491	0.8296	0.4086	0.2694	0.8216	0.5326	0.1930	0.4581	0.6537	0.1957	0.4637	0.2723	0.1988	0.0631	0.6966	0.1426	0.0811	0.2255	0.2042	0.4510	0.5976	0.2024	0.4517	0.3247	0.2169	0.0697	0.6597	0.1647	0.0791	0.2572	0.1636	0.0376	0.6384	0.1125	0.0509	0.2619	0.3389	0.0375	0.7007	0.2875	0.0360	0.2546	0.1945	0.9574	0.4812	0.2351	0.0763	0.6228	0.1867	0.0772	0.2889	0.2153	0.4438	0.5415	0.2091	0.4396	0.3772
19	0.19	0.3595	0.8836	0.5607	0.3269	0.8964	0.3613	0.2680	0.4503	0.6163	0.2605	0.4789	0.3060	0.2492	0.3880	0.6224	0.2346	0.3932	0.2914	0.2196	0.2062	0.7025	0.2463	0.1533	0.6839	0.2740	0.1566	0.7273	0.1867	0.2145	0.2210	0.2033	0.1526	0.2346	0.2312	0.1571	0.1913	0.3432	0.8900	0.4610	0.3432	0.8900	0.4610	0.2411	0.0375	0.6660	0.1899	0.0443	0.2587	0.2094	0.2965	0.6228	0.1872	0.3008	0.2974	0.0158	-0.0052	0.0383	0.0096	-0.0003	-0.0374	0.3349	1.2875	0.4728	0.2279	0.6576	0.3704	0.0079	0.0265	-0.0467	0.2398	0.6530	0.5622	0.0129	0.0335	0.0451	-0.0525	-0.0165	-0.0868	-0.0503	-0.0256	0.0754	0.1802	-0.0490	0.1549	0.0622	0.0000	0.0000	0.0000	0.0000	0.0000	0.0039	0.0514	0.0000	-0.0658	-0.0366	-0.0527	-0.0643	-0.0388	0.0419	0.2075	-0.0346	-0.1335	0.0655	0.0000	0.0000	0.0000	0.0000	0.0000	0.0062	0.0513	0.0000	0.2254	1.3365	0.4620	0.3597	0.8835	0.5619	0.3267	0.8965	0.3600	0.3303	1.2891	0.5247	0.3395	1.2858	0.4209	0.2492	0.8296	0.4085	0.2695	0.8216	0.5326	0.1931	0.4581	0.6537	0.1958	0.4637	0.2722	0.1988	0.0631	0.6967	0.1427	0.0811	0.2256	0.2042	0.4510	0.5976	0.2025	0.4517	0.3247	0.2170	0.0697	0.6597	0.1647	0.0791	0.2572	0.1636	0.0376	0.6384	0.1126	0.0509	0.2620	0.3389	0.0375	0.7008	0.2875	0.0360	0.2547	0.1946	0.9573	0.4812	0.2351	0.0763	0.6228	0.1867	0.0772	0.2889	0.2153	0.4438	0.5415	0.2092	0.4397	0.3772
20	0.20	0.3595	0.8836	0.5607	0.3270	0.8964	0.3613	0.2680	0.4504	0.6163	0.2605	0.4789	0.3059	0.2492	0.3880	0.6223	0.2347	0.3932	0.2914	0.2196	0.2063	0.7025	0.2463	0.1533	0.6839	0.2740	0.1566	0.7273	0.1867	0.2145	0.2210	0.2033	0.1526	0.2346	0.2312	0.1572	0.1913	0.3432	0.8900	0.4610	0.3432	0.8900	0.4610	0.2411	0.0376	0.6659	0.1899	0.0443	0.2587	0.2094	0.2966	0.6227	0.1872	0.3008	0.2973	0.0158	-0.0052	0.0382	0.0096	-0.0003	-0.0374	0.3350	1.2875	0.4728	0.2280	0.6577	0.3703	0.0079	0.0265	-0.0467	0.2398	0.6530	0.5621	0.0129	0.0334	0.0451	-0.0526	-0.0167	-0.0868	-0.0503	-0.0256	0.0754	0.1802	-0.0490	0.1550	0.0622	0.0000	0.0000	0.0000	0.0000	0.0000	0.0039	0.0514	0.0000	-0.0658	-0.0367	-0.0527	-0.0643	-0.0388	0.0419	0.2075	-0.0346	-0.1335	0.0654	0.0000	0.0000	0.0000	0.0000	0.0000	0.0062	0.0513	0.0000	0.2255	1.3365	0.4620	0.3597	0.8835	0.5619	0.3268	0.8965	0.3600	0.3304	1.2891	0.5247	0.3397	1.2859	0.4209	0.2493	0.8296	0.4085	0.2695	0.8216	0.5325	0.1931	0.4581	0.6536	0.1958	0.4637	0.2722	0.1988	0.0630	0.6965	0.1427	0.0811	0.2255	0.2042	0.4510	0.5975	0.2025	0.4517	0.3247	0.2170	0.0697	0.6596	0.1647	0.0792	0.2572	0.1636	0.0376	0.6384	0.1126	0.0509	0.2620	0.3389	0.0375	0.7007	0.2875	0.0360	0.2547	0.1946	0.9574	0.4811	0.2351	0.0763	0.6227	0.1867	0.0772	0.2889	0.2153	0.4438	0.5415	0.2092	0.4397	0.3771
21	0.21	0.3595	0.8836	0.5606	0.3271	0.8964	0.3612	0.2679	0.4504	0.6162	0.2605	0.4789	0.3059	0.2492	0.3880	0.6223	0.2347	0.3932	0.2914	0.2195	0.2063	0.7024	0.2463	0.1534	0.6838	0.2740	0.1566	0.7272	0.1867	0.2144	0.2210	0.2033	0.1526	0.2346	0.2313	0.1571	0.1913	0.3433	0.8900	0.4609	0.3433	0.8900	0.4609	0.2411	0.0376	0.6659	0.1899	0.0443	0.2587	0.2093	0.2966	0.6226	0.1872	0.3008	0.2973	0.0158	-0.0052	0.0382	0.0096	-0.0003	-0.0374	0.3351	1.2875	0.4728	0.2280	0.6577	0.3703	0.0079	0.0265	-0.0467	0.2398	0.6530	0.5621	0.0129	0.0334	0.0451	-0.0526	-0.0167	-0.0868	-0.0503	-0.0256	0.0754	0.1801	-0.0490	0.1550	0.0622	0.0000	0.0000	0.0000	0.0000	0.0000	0.0039	0.0514	0.0000	-0.0658	-0.0367	-0.0527	-0.0643	-0.0388	0.0420	0.2075	-0.0345	-0.1335	0.0654	0.0000	0.0000	0.0000	0.0000	0.0000	0.0061	0.0513	0.0000	0.2256	1.3365	0.4619	0.3597	0.8835	0.5619	0.3268	0.8965	0.3600	0.3304	1.2891	0.5247	0.3398	1.2858	0.4209	0.2493	0.8296	0.4084	0.2695	0.8217	0.5325	0.1930	0.4581	0.6535	0.1959	0.4637	0.2721	0.1987	0.0630	0.6964	0.1426	0.0811	0.2255	0.2042	0.4510	0.5975	0.2025	0.4517	0.3246	0.2169	0.0697	0.6595	0.1646	0.0792	0.2571	0.1636	0.0376	0.6383	0.1126	0.0509	0.2619	0.3389	0.0375	0.7007	0.2875	0.0360	0.2546	0.1947	0.9574	0.4810	0.2351	0.0764	0.6226	0.1866	0.0772	0.2888	0.2153	0.4438	0.5414	0.2091	0.4397	0.3770
22	0.22	0.3595	0.8836	0.5606	0.3271	0.8964	0.3612	0.2679	0.4504	0.6162	0.2605	0.4789	0.3059	0.2491	0.3880	0.6222	0.2347	0.3932	0.2913	0.2195	0.2063	0.7024	0.2463	0.1533	0.6838	0.2739	0.1566	0.7272	0.1867	0.2144	0.2209	0.2033	0.1526	0.2345	0.2313	0.1571	0.1913	0.3433	0.8900	0.4609	0.3433	0.8900	0.4609	0.2411	0.0376	0.6659	0.1898	0.0443	0.2587	0.2093	0.2966	0.6226	0.1872	0.3008	0.2973	0.0158	-0.0052	0.0382	0.0096	-0.0003	-0.0374	0.3352	1.2874	0.4728	0.2280	0.6577	0.3703	0.0079	0.0264	-0.0467	0.2398	0.6530	0.5620	0.0129	0.0335	0.0451	-0.0526	-0.0168	-0.0868	-0.0503	-0.0256	0.0755	0.1801	-0.0490	0.1550	0.0622	0.0000	0.0000	0.0000	0.0000	0.0000	0.0039	0.0514	0.0000	-0.0658	-0.0367	-0.0527	-0.0643	-0.0388	0.0420	0.2075	-0.0345	-0.1336	0.0654	0.0000	0.0000	0.0000	0.0000	0.0000	0.0061	0.0513	0.0000	0.2257	1.3366	0.4618	0.3597	0.8835	0.5619	0.3269	0.8964	0.3600	0.3304	1.2891	0.5246	0.3399	1.2858	0.4209	0.2494	0.8296	0.4084	0.2695	0.8217	0.5325	0.1930	0.4581	0.6535	0.1959	0.4637	0.2721	0.1987	0.0630	0.6964	0.1426	0.0811	0.2254	0.2042	0.4510	0.5974	0.2025	0.4517	0.3246	0.2169	0.0697	0.6595	0.1646	0.0792	0.2571	0.1636	0.0376	0.6383	0.1125	0.0509	0.2618	0.3389	0.0375	0.7007	0.2875	0.0360	0.2546	0.1947	0.9574	0.4809	0.2351	0.0764	0.6226	0.1866	0.0772	0.2888	0.2154	0.4438	0.5414	0.2091	0.4397	0.3770
23	0.23	0.3596	0.8836	0.5606	0.3272	0.8964	0.3612	0.2680	0.4503	0.6161	0.2606	0.4789	0.3059	0.2492	0.3880	0.6222	0.2348	0.3932	0.2913	0.2195	0.2063	0.7024	0.2463	0.1533	0.6838	0.2740	0.1566	0.7272	0.1867	0.2145	0.2209	0.2033	0.1527	0.2345	0.2313	0.1572	0.1913	0.3434	0.8900	0.4609	0.3434	0.8900	0.4609	0.2411	0.0376	0.6659	0.1899	0.0443	0.2587	0.2094	0.2965	0.6225	0.1872	0.3008	0.2973	0.0158	-0.0052	0.0382	0.0096	-0.0003	-0.0374	0.3353	1.2874	0.4728	0.2281	0.6577	0.3702	0.0079	0.0265	-0.0467	0.2399	0.6530	0.5620	0.0129	0.0336	0.0451	-0.0526	-0.0167	-0.0868	-0.0503	-0.0257	0.0755	0.1801	-0.0490	0.1549	0.0622	0.0000	0.0000	0.0000	0.0000	0.0000	0.0039	0.0514	0.0000	-0.0658	-0.0367	-0.0527	-0.0643	-0.0389	0.0420	0.2074	-0.0345	-0.1336	0.0654	0.0000	0.0000	0.0000	0.0000	0.0000	0.0061	0.0513	0.0000	0.2258	1.3365	0.4619	0.3598	0.8835	0.5619	0.3270	0.8965	0.3600	0.3306	1.2890	0.5247	0.3400	1.2858	0.4209	0.2495	0.8296	0.4084	0.2696	0.8217	0.5325	0.1931	0.4581	0.6535	0.1959	0.4638	0.2721	0.1988	0.0630	0.6964	0.1427	0.0811	0.2255	0.2043	0.4509	0.5974	0.2026	0.4517	0.3246	0.2170	0.0697	0.6595	0.1646	0.0791	0.2571	0.1636	0.0376	0.6383	0.1126	0.0509	0.2619	0.3389	0.0375	0.7007	0.2875	0.0360	0.2547	0.1948	0.9574	0.4810	0.2352	0.0763	0.6226	0.1866	0.0772	0.2888	0.2156	0.4438	0.5412	0.2092	0.4397	0.3771
24	0.24	0.3596	0.8836	0.5606	0.3273	0.8964	0.3612	0.2680	0.4503	0.6162	0.2606	0.4789	0.3059	0.2492	0.3880	0.6222	0.2348	0.3932	0.2913	0.2196	0.2063	0.7024	0.2464	0.1533	0.6838	0.2740	0.1566	0.7272	0.1868	0.2145	0.2209	0.2034	0.1527	0.2345	0.2314	0.1571	0.1913	0.3435	0.8900	0.4609	0.3435	0.8900	0.4609	0.2411	0.0376	0.6659	0.1899	0.0443	0.2587	0.2096	0.2965	0.6225	0.1873	0.3008	0.2972	0.0159	-0.0053	0.0382	0.0096	-0.0003	-0.0374	0.3354	1.2874	0.4728	0.2282	0.6577	0.3702	0.0079	0.0265	-0.0467	0.2400	0.6530	0.5619	0.0130	0.0338	0.0451	-0.0526	-0.0167	-0.0868	-0.0503	-0.0257	0.0755	0.1801	-0.0490	0.1549	0.0622	0.0000	0.0000	0.0000	0.0000	0.0000	0.0039	0.0514	0.0000	-0.0658	-0.0367	-0.0527	-0.0643	-0.0388	0.0420	0.2074	-0.0346	-0.1337	0.0654	0.0000	0.0000	0.0000	0.0000	0.0000	0.0062	0.0513	0.0000	0.2260	1.3366	0.4619	0.3598	0.8835	0.5619	0.3271	0.8965	0.3599	0.3307	1.2890	0.5247	0.3401	1.2858	0.4209	0.2495	0.8296	0.4083	0.2696	0.8216	0.5324	0.1931	0.4581	0.6534	0.1960	0.4638	0.2720	0.1988	0.0630	0.6964	0.1427	0.0811	0.2255	0.2046	0.4509	0.5972	0.2026	0.4517	0.3245	0.2170	0.0697	0.6595	0.1647	0.0791	0.2571	0.1637	0.0376	0.6383	0.1126	0.0509	0.2619	0.3389	0.0375	0.7008	0.2875	0.0360	0.2547	0.1949	0.9574	0.4809	0.2352	0.0764	0.6226	0.1867	0.0772	0.2888	0.2161	0.4437	0.5410	0.2092	0.4397	0.3770
25	0.25	0.3596	0.8835	0.5606	0.3273	0.8964	0.3612	0.2680	0.4503	0.6162	0.2606	0.4789	0.3059	0.2492	0.3880	0.6222	0.2348	0.3932	0.2913	0.2196	0.2063	0.7023	0.2464	0.1533	0.6837	0.2740	0.1566	0.7272	0.1868	0.2144	0.2209	0.2034	0.1526	0.2345	0.2314	0.1571	0.1913	0.3435	0.8899	0.4609	0.3435	0.8899	0.4609	0.2411	0.0376	0.6658	0.1899	0.0444	0.2586	0.2096	0.2965	0.6224	0.1872	0.3008	0.2972	0.0158	-0.0053	0.0382	0.0096	-0.0003	-0.0374	0.3355	1.2874	0.4728	0.2282	0.6577	0.3702	0.0079	0.0265	-0.0467	0.2400	0.6529	0.5619	0.0129	0.0337	0.0451	-0.0526	-0.0167	-0.0868	-0.0502	-0.0256	0.0755	0.1801	-0.0491	0.1549	0.0622	0.0000	0.0000	0.0000	0.0000	0.0000	0.0039	0.0514	0.0000	-0.0658	-0.0366	-0.0527	-0.0643	-0.0388	0.0421	0.2074	-0.0346	-0.1337	0.0654	0.0000	0.0000	0.0000	0.0000	0.0000	0.0062	0.0513	0.0000	0.2261	1.3366	0.4618	0.3598	0.8834	0.5619	0.3271	0.8964	0.3599	0.3307	1.2890	0.5247	0.3402	1.2857	0.4210	0.2495	0.8296	0.4083	0.2696	0.8216	0.5324	0.1931	0.4581	0.6534	0.1960	0.4638	0.2720	0.1988	0.0630	0.6964	0.1427	0.0811	0.2254	0.2046	0.4509	0.5972	0.2026	0.4517	0.3245	0.2170	0.0697	0.6595	0.1647	0.0792	0.2571	0.1637	0.0377	0.6382	0.1126	0.0510	0.2618	0.3389	0.0375	0.7007	0.2875	0.0360	0.2547	0.1949	0.9574	0.4808	0.2352	0.0763	0.6226	0.1866	0.0772	0.2888	0.2160	0.4437	0.5411	0.2092	0.4397	0.3770
26	0.26	0.3596	0.8835	0.5606	0.3274	0.8963	0.3612	0.2680	0.4504	0.6162	0.2607	0.4789	0.3059	0.2492	0.3880	0.6221	0.2348	0.3932	0.2913	0.2196	0.2063	0.7023	0.2464	0.1534	0.6837	0.2740	0.1566	0.7271	0.1868	0.2144	0.2209	0.2034	0.1526	0.2345	0.2313	0.1571	0.1913	0.3435	0.8899	0.4609	0.3435	0.8899	0.4609	0.2411	0.0376	0.6658	0.1899	0.0444	0.2586	0.2095	0.2965	0.6224	0.1872	0.3009	0.2972	0.0158	-0.0052	0.0382	0.0096	-0.0003	-0.0374	0.3356	1.2874	0.4728	0.2282	0.6577	0.3702	0.0079	0.0265	-0.0467	0.2400	0.6530	0.5619	0.0129	0.0336	0.0451	-0.0526	-0.0167	-0.0868	-0.0502	-0.0255	0.0755	0.1801	-0.0490	0.1550	0.0622	0.0000	0.0000	0.0000	0.0000	0.0000	0.0039	0.0514	0.0000	-0.0658	-0.0367	-0.0527	-0.0642	-0.0388	0.0420	0.2074	-0.0346	-0.1336	0.0654	0.0000	0.0000	0.0000	0.0000	0.0000	0.0062	0.0513	0.0000	0.2261	1.3366	0.4618	0.3598	0.8834	0.5619	0.3272	0.8964	0.3599	0.3308	1.2890	0.5247	0.3403	1.2857	0.4210	0.2495	0.8296	0.4083	0.2696	0.8216	0.5324	0.1931	0.4581	0.6534	0.1960	0.4638	0.2720	0.1988	0.0630	0.6963	0.1427	0.0812	0.2253	0.2044	0.4509	0.5972	0.2026	0.4517	0.3245	0.2170	0.0697	0.6594	0.1647	0.0792	0.2570	0.1637	0.0377	0.6382	0.1125	0.0510	0.2617	0.3389	0.0375	0.7007	0.2875	0.0360	0.2547	0.1949	0.9574	0.4808	0.2352	0.0763	0.6226	0.1866	0.0772	0.2888	0.2158	0.4437	0.5411	0.2092	0.4397	0.3769
27	0.27	0.3597	0.8835	0.5606	0.3275	0.8964	0.3612	0.2680	0.4504	0.6161	0.2607	0.4789	0.3058	0.2493	0.3880	0.6221	0.2348	0.3932	0.2913	0.2196	0.2063	0.7023	0.2464	0.1534	0.6837	0.2740	0.1567	0.7271	0.1868	0.2145	0.2208	0.2034	0.1526	0.2345	0.2314	0.1571	0.1912	0.3436	0.8899	0.4609	0.3436	0.8899	0.4609	0.2411	0.0376	0.6658	0.1899	0.0444	0.2586	0.2097	0.2965	0.6224	0.1873	0.3009	0.2972	0.0159	-0.0053	0.0382	0.0096	-0.0003	-0.0374	0.3357	1.2874	0.4728	0.2283	0.6577	0.3701	0.0079	0.0265	-0.0466	0.2401	0.6530	0.5618	0.0129	0.0338	0.0451	-0.0526	-0.0167	-0.0868	-0.0503	-0.0255	0.0754	0.1801	-0.0491	0.1550	0.0622	0.0000	0.0000	0.0000	0.0000	0.0000	0.0039	0.0514	0.0000	-0.0658	-0.0367	-0.0527	-0.0643	-0.0388	0.0420	0.2075	-0.0347	-0.1335	0.0655	0.0000	0.0000	0.0000	0.0000	0.0000	0.0062	0.0513	0.0000	0.2263	1.3366	0.4618	0.3599	0.8834	0.5619	0.3273	0.8965	0.3599	0.3309	1.2890	0.5247	0.3405	1.2858	0.4209	0.2497	0.8296	0.4082	0.2697	0.8216	0.5323	0.1931	0.4581	0.6533	0.1961	0.4637	0.2720	0.1988	0.0631	0.6963	0.1427	0.0811	0.2254	0.2047	0.4509	0.5971	0.2027	0.4517	0.3244	0.2170	0.0697	0.6594	0.1647	0.0792	0.2571	0.1637	0.0376	0.6382	0.1126	0.0510	0.2618	0.3389	0.0375	0.7007	0.2875	0.0360	0.2547	0.1950	0.9574	0.4808	0.2352	0.0764	0.6225	0.1867	0.0772	0.2888	0.2162	0.4437	0.5409	0.2093	0.4397	0.3769
28	0.28	0.3597	0.8835	0.5606	0.3275	0.8964	0.3611	0.2681	0.4504	0.6161	0.2607	0.4789	0.3058	0.2493	0.3880	0.6221	0.2348	0.3932	0.2912	0.2196	0.2063	0.7023	0.2464	0.1534	0.6837	0.2740	0.1567	0.7271	0.1868	0.2145	0.2208	0.2034	0.1526	0.2345	0.2314	0.1571	0.1912	0.3436	0.8899	0.4608	0.3436	0.8899	0.4608	0.2412	0.0376	0.6658	0.1899	0.0444	0.2586	0.2096	0.2966	0.6224	0.1873	0.3009	0.2971	0.0159	-0.0053	0.0382	0.0096	-0.0003	-0.0374	0.3358	1.2874	0.4728	0.2283	0.6577	0.3701	0.0079	0.0265	-0.0466	0.2401	0.6530	0.5618	0.0129	0.0337	0.0451	-0.0526	-0.0167	-0.0868	-0.0503	-0.0255	0.0754	0.1801	-0.0491	0.1550	0.0622	0.0000	0.0000	0.0000	0.0000	0.0000	0.0039	0.0514	0.0000	-0.0658	-0.0367	-0.0527	-0.0643	-0.0387	0.0419	0.2075	-0.0347	-0.1335	0.0655	0.0000	0.0000	0.0000	0.0000	0.0000	0.0062	0.0513	0.0000	0.2264	1.3366	0.4618	0.3599	0.8834	0.5618	0.3273	0.8965	0.3599	0.3310	1.2890	0.5247	0.3406	1.2858	0.4209	0.2497	0.8296	0.4082	0.2697	0.8216	0.5323	0.1932	0.4581	0.6533	0.1961	0.4637	0.2720	0.1988	0.0631	0.6963	0.1428	0.0811	0.2254	0.2046	0.4509	0.5971	0.2027	0.4517	0.3244	0.2170	0.0698	0.6594	0.1647	0.0792	0.2571	0.1637	0.0376	0.6382	0.1126	0.0510	0.2618	0.3389	0.0375	0.7007	0.2875	0.0360	0.2547	0.1951	0.9574	0.4808	0.2352	0.0765	0.6224	0.1867	0.0773	0.2888	0.2161	0.4437	0.5410	0.2094	0.4398	0.3769
29	0.29	0.3597	0.8835	0.5606	0.3276	0.8963	0.3611	0.2680	0.4504	0.6161	0.2607	0.4788	0.3058	0.2493	0.3880	0.6221	0.2348	0.3932	0.2912	0.2196	0.2063	0.7023	0.2464	0.1534	0.6837	0.2740	0.1567	0.7271	0.1868	0.2144	0.2208	0.2034	0.1526	0.2345	0.2313	0.1571	0.1912	0.3436	0.8899	0.4608	0.3436	0.8899	0.4608	0.2411	0.0376	0.6658	0.1899	0.0444	0.2586	0.2095	0.2966	0.6224	0.1873	0.3009	0.2971	0.0159	-0.0052	0.0382	0.0096	-0.0003	-0.0374	0.3359	1.2874	0.4728	0.2283	0.6577	0.3701	0.0079	0.0265	-0.0467	0.2400	0.6530	0.5618	0.0129	0.0335	0.0451	-0.0526	-0.0167	-0.0868	-0.0503	-0.0255	0.0754	0.1801	-0.0491	0.1550	0.0622	0.0000	0.0000	0.0000	0.0000	0.0000	0.0039	0.0514	0.0000	-0.0658	-0.0367	-0.0527	-0.0643	-0.0387	0.0420	0.2075	-0.0347	-0.1335	0.0655	0.0000	0.0000	0.0000	0.0000	0.0000	0.0062	0.0513	0.0000	0.2265	1.3366	0.4617	0.3599	0.8834	0.5618	0.3273	0.8964	0.3599	0.3311	1.2890	0.5247	0.3407	1.2857	0.4209	0.2497	0.8296	0.4082	0.2697	0.8216	0.5323	0.1931	0.4582	0.6533	0.1960	0.4637	0.2720	0.1988	0.0631	0.6963	0.1427	0.0811	0.2253	0.2044	0.4509	0.5972	0.2027	0.4517	0.3244	0.2170	0.0697	0.6594	0.1647	0.0792	0.2570	0.1637	0.0376	0.6382	0.1126	0.0510	0.2617	0.3389	0.0375	0.7007	0.2875	0.0360	0.2546	0.1950	0.9575	0.4808	0.2352	0.0764	0.6225	0.1866	0.0773	0.2887	0.2156	0.4437	0.5411	0.2093	0.4397	0.3769
30	0.30	0.3598	0.8835	0.5605	0.3276	0.8963	0.3611	0.2680	0.4504	0.6161	0.2607	0.4788	0.3058	0.2493	0.3880	0.6221	0.2348	0.3932	0.2912	0.2196	0.2063	0.7023	0.2464	0.1534	0.6837	0.2740	0.1567	0.7271	0.1868	0.2144	0.2208	0.2034	0.1526	0.2345	0.2313	0.1571	0.1912	0.3437	0.8899	0.4608	0.3437	0.8899	0.4608	0.2411	0.0376	0.6658	0.1899	0.0444	0.2586	0.2095	0.2966	0.6224	0.1873	0.3009	0.2971	0.0159	-0.0052	0.0382	0.0096	-0.0003	-0.0374	0.3360	1.2873	0.4728	0.2283	0.6577	0.3701	0.0079	0.0265	-0.0467	0.2400	0.6530	0.5618	0.0129	0.0336	0.0451	-0.0526	-0.0167	-0.0868	-0.0503	-0.0255	0.0754	0.1801	-0.0491	0.1550	0.0622	0.0000	0.0000	0.0000	0.0000	0.0000	0.0039	0.0514	0.0000	-0.0658	-0.0367	-0.0527	-0.0643	-0.0388	0.0420	0.2075	-0.0347	-0.1335	0.0654	0.0000	0.0000	0.0000	0.0000	0.0000	0.0062	0.0513	0.0000	0.2266	1.3366	0.4617	0.3600	0.8834	0.5618	0.3274	0.8964	0.3598	0.3311	1.2890	0.5246	0.3408	1.2857	0.4209	0.2497	0.8296	0.4082	0.2697	0.8216	0.5323	0.1931	0.4582	0.6533	0.1960	0.4637	0.2720	0.1988	0.0631	0.6963	0.1427	0.0811	0.2253	0.2044	0.4509	0.5972	0.2026	0.4517	0.3244	0.2170	0.0697	0.6594	0.1647	0.0792	0.2570	0.1637	0.0377	0.6382	0.1125	0.0510	0.2617	0.3389	0.0375	0.7007	0.2875	0.0360	0.2546	0.1951	0.9575	0.4807	0.2352	0.0764	0.6225	0.1866	0.0773	0.2887	0.2157	0.4437	0.5411	0.2092	0.4397	0.3769
31	0.31	0.3598	0.8835	0.5605	0.3276	0.8964	0.3611	0.2680	0.4504	0.6161	0.2607	0.4789	0.3057	0.2493	0.3880	0.6221	0.2348	0.3932	0.2912	0.2196	0.2063	0.7023	0.2464	0.1534	0.6837	0.2740	0.1567	0.7271	0.1868	0.2145	0.2208	0.2034	0.1526	0.2345	0.2313	0.1571	0.1912	0.3437	0.8899	0.4608	0.3437	0.8899	0.4608	0.2411	0.0376	0.6658	0.1899	0.0443	0.2586	0.2096	0.2966	0.6223	0.1872	0.3009	0.2971	0.0159	-0.0052	0.0382	0.0096	-0.0003	-0.0374	0.3360	1.2873	0.4728	0.2283	0.6577	0.3701	0.0079	0.0265	-0.0467	0.2401	0.6530	0.5618	0.0129	0.0337	0.0451	-0.0526	-0.0167	-0.0868	-0.0503	-0.0256	0.0755	0.1801	-0.0490	0.1550	0.0622	0.0000	0.0000	0.0000	0.0000	0.0000	0.0039	0.0514	0.0000	-0.0658	-0.0367	-0.0526	-0.0643	-0.0388	0.0420	0.2075	-0.0346	-0.1336	0.0654	0.0000	0.0000	0.0000	0.0000	0.0000	0.0062	0.0513	0.0000	0.2267	1.3366	0.4617	0.3600	0.8834	0.5618	0.3274	0.8964	0.3598	0.3312	1.2889	0.5246	0.3409	1.2858	0.4209	0.2498	0.8296	0.4082	0.2698	0.8216	0.5323	0.1932	0.4581	0.6533	0.1960	0.4638	0.2719	0.1988	0.0631	0.6963	0.1427	0.0811	0.2254	0.2046	0.4509	0.5971	0.2026	0.4517	0.3244	0.2170	0.0697	0.6594	0.1646	0.0792	0.2571	0.1637	0.0377	0.6382	0.1126	0.0509	0.2618	0.3389	0.0375	0.7007	0.2875	0.0360	0.2546	0.1951	0.9574	0.4807	0.2352	0.0764	0.6224	0.1866	0.0773	0.2887	0.2160	0.4437	0.5410	0.2092	0.4397	0.3769
32	0.32	0.3598	0.8835	0.5605	0.3277	0.8964	0.3611	0.2681	0.4504	0.6161	0.2607	0.4789	0.3057	0.2493	0.3880	0.6221	0.2348	0.3932	0.2912	0.2196	0.2063	0.7023	0.2464	0.1534	0.6837	0.2740	0.1566	0.7271	0.1868	0.2145	0.2208	0.2034	0.1527	0.2345	0.2313	0.1571	0.1912	0.3437	0.8900	0.4608	0.3437	0.8900	0.4608	0.2411	0.0376	0.6659	0.1899	0.0443	0.2587	0.2096	0.2965	0.6224	0.1872	0.3008	0.2972	0.0159	-0.0052	0.0382	0.0096	-0.0003	-0.0374	0.3361	1.2873	0.4728	0.2283	0.6577	0.3701	0.0079	0.0265	-0.0467	0.2401	0.6530	0.5618	0.0129	0.0336	0.0451	-0.0526	-0.0167	-0.0868	-0.0503	-0.0257	0.0755	0.1801	-0.0490	0.1550	0.0622	0.0000	0.0000	0.0000	0.0000	0.0000	0.0039	0.0514	0.0000	-0.0658	-0.0367	-0.0526	-0.0643	-0.0388	0.0420	0.2074	-0.0346	-0.1336	0.0654	0.0000	0.0000	0.0000	0.0000	0.0000	0.0061	0.0513	0.0000	0.2268	1.3366	0.4617	0.3600	0.8834	0.5618	0.3274	0.8965	0.3598	0.3313	1.2889	0.5247	0.3410	1.2858	0.4209	0.2498	0.8296	0.4081	0.2699	0.8216	0.5322	0.1932	0.4581	0.6533	0.1960	0.4638	0.2720	0.1988	0.0630	0.6963	0.1426	0.0811	0.2254	0.2045	0.4509	0.5972	0.2026	0.4517	0.3244	0.2170	0.0697	0.6594	0.1646	0.0792	0.2571	0.1637	0.0376	0.6382	0.1126	0.0509	0.2618	0.3389	0.0375	0.7007	0.2875	0.0360	0.2547	0.1951	0.9574	0.4808	0.2352	0.0764	0.6225	0.1866	0.0772	0.2888	0.2158	0.4438	0.5411	0.2092	0.4397	0.3769
33	0.33	0.3598	0.8835	0.5605	0.3277	0.8963	0.3611	0.2681	0.4503	0.6161	0.2607	0.4789	0.3058	0.2493	0.3879	0.6221	0.2348	0.3932	0.2912	0.2196	0.2063	0.7023	0.2464	0.1533	0.6837	0.2740	0.1566	0.7271	0.1868	0.2144	0.2209	0.2034	0.1526	0.2345	0.2313	0.1571	0.1912	0.3438	0.8899	0.4608	0.3438	0.8899	0.4608	0.2411	0.0376	0.6659	0.1899	0.0443	0.2587	0.2097	0.2965	0.6224	0.1872	0.3008	0.2972	0.0158	-0.0052	0.0382	0.0096	-0.0003	-0.0374	0.3362	1.2872	0.4728	0.2283	0.6577	0.3701	0.0078	0.0265	-0.0467	0.2402	0.6529	0.5618	0.0130	0.0337	0.0451	-0.0526	-0.0167	-0.0868	-0.0503	-0.0256	0.0755	0.1801	-0.0490	0.1550	0.0622	0.0000	0.0000	0.0000	0.0000	0.0000	0.0039	0.0514	0.0000	-0.0658	-0.0366	-0.0526	-0.0643	-0.0388	0.0420	0.2074	-0.0346	-0.1336	0.0654	0.0000	0.0000	0.0000	0.0000	0.0000	0.0062	0.0513	0.0000	0.2269	1.3366	0.4617	0.3601	0.8834	0.5618	0.3275	0.8964	0.3598	0.3314	1.2888	0.5247	0.3411	1.2857	0.4209	0.2498	0.8296	0.4081	0.2698	0.8216	0.5322	0.1932	0.4581	0.6533	0.1960	0.4638	0.2720	0.1988	0.0630	0.6964	0.1427	0.0811	0.2254	0.2046	0.4509	0.5972	0.2026	0.4517	0.3245	0.2170	0.0697	0.6595	0.1646	0.0791	0.2571	0.1637	0.0376	0.6382	0.1126	0.0509	0.2618	0.3389	0.0375	0.7008	0.2875	0.0360	0.2547	0.1952	0.9574	0.4808	0.2353	0.0763	0.6226	0.1866	0.0772	0.2888	0.2160	0.4437	0.5410	0.2092	0.4396	0.3769
34	0.34	0.3599	0.8834	0.5605	0.3277	0.8963	0.3611	0.2681	0.4503	0.6161	0.2607	0.4788	0.3058	0.2493	0.3879	0.6221	0.2348	0.3932	0.2913	0.2196	0.2062	0.7023	0.2464	0.1533	0.6837	0.2740	0.1566	0.7271	0.1868	0.2144	0.2209	0.2034	0.1526	0.2345	0.2313	0.1571	0.1912	0.3438	0.8899	0.4608	0.3438	0.8899	0.4608	0.2411	0.0375	0.6658	0.1899	0.0443	0.2586	0.2095	0.2965	0.6224	0.1872	0.3008	0.2972	0.0158	-0.0052	0.0382	0.0096	-0.0003	-0.0374	0.3363	1.2872	0.4728	0.2283	0.6576	0.3701	0.0078	0.0264	-0.0467	0.2401	0.6529	0.5618	0.0129	0.0335	0.0451	-0.0526	-0.0167	-0.0868	-0.0503	-0.0256	0.0755	0.1801	-0.0490	0.1550	0.0622	0.0000	0.0000	0.0000	0.0000	0.0000	0.0039	0.0514	0.0000	-0.0658	-0.0367	-0.0527	-0.0643	-0.0388	0.0421	0.2074	-0.0347	-0.1336	0.0654	0.0000	0.0000	0.0000	0.0000	0.0000	0.0062	0.0513	0.0000	0.2269	1.3366	0.4616	0.3601	0.8833	0.5618	0.3275	0.8964	0.3598	0.3314	1.2887	0.5246	0.3412	1.2856	0.4209	0.2498	0.8296	0.4081	0.2699	0.8216	0.5322	0.1932	0.4581	0.6533	0.1960	0.4637	0.2720	0.1988	0.0630	0.6963	0.1426	0.0810	0.2254	0.2044	0.4509	0.5972	0.2026	0.4517	0.3245	0.2170	0.0697	0.6595	0.1646	0.0791	0.2571	0.1637	0.0376	0.6382	0.1126	0.0509	0.2618	0.3389	0.0374	0.7007	0.2875	0.0360	0.2547	0.1952	0.9574	0.4808	0.2352	0.0764	0.6226	0.1866	0.0772	0.2888	0.2157	0.4438	0.5411	0.2092	0.4396	0.3769
35	0.35	0.3599	0.8834	0.5605	0.3277	0.8963	0.3611	0.2681	0.4503	0.6161	0.2607	0.4788	0.3058	0.2493	0.3879	0.6221	0.2348	0.3931	0.2913	0.2196	0.2062	0.7023	0.2464	0.1533	0.6837	0.2740	0.1566	0.7271	0.1868	0.2144	0.2209	0.2033	0.1526	0.2345	0.2313	0.1571	0.1912	0.3438	0.8899	0.4608	0.3438	0.8899	0.4608	0.2411	0.0375	0.6658	0.1898	0.0443	0.2586	0.2095	0.2965	0.6225	0.1872	0.3008	0.2972	0.0158	-0.0052	0.0381	0.0096	-0.0003	-0.0374	0.3364	1.2871	0.4727	0.2283	0.6576	0.3701	0.0079	0.0264	-0.0467	0.2401	0.6529	0.5618	0.0129	0.0334	0.0451	-0.0526	-0.0167	-0.0868	-0.0503	-0.0256	0.0755	0.1801	-0.0491	0.1549	0.0622	0.0000	0.0000	0.0000	0.0000	0.0000	0.0039	0.0514	0.0000	-0.0657	-0.0367	-0.0527	-0.0643	-0.0388	0.0421	0.2074	-0.0347	-0.1336	0.0654	0.0000	0.0000	0.0000	0.0000	0.0000	0.0062	0.0513	0.0000	0.2270	1.3366	0.4616	0.3601	0.8833	0.5618	0.3275	0.8964	0.3598	0.3315	1.2887	0.5246	0.3413	1.2856	0.4208	0.2498	0.8296	0.4082	0.2699	0.8216	0.5322	0.1932	0.4581	0.6533	0.1960	0.4637	0.2720	0.1988	0.0630	0.6963	0.1426	0.0810	0.2254	0.2044	0.4509	0.5973	0.2026	0.4517	0.3245	0.2169	0.0697	0.6595	0.1646	0.0791	0.2571	0.1637	0.0376	0.6382	0.1125	0.0509	0.2618	0.3389	0.0374	0.7007	0.2875	0.0360	0.2547	0.1952	0.9574	0.4808	0.2350	0.0764	0.6226	0.1866	0.0772	0.2888	0.2156	0.4438	0.5412	0.2092	0.4396	0.3769
36	0.36	0.3599	0.8834	0.5604	0.3277	0.8963	0.3611	0.2681	0.4503	0.6161	0.2607	0.4788	0.3058	0.2494	0.3879	0.6221	0.2348	0.3931	0.2913	0.2197	0.2062	0.7023	0.2464	0.1533	0.6837	0.2741	0.1566	0.7271	0.1868	0.2144	0.2209	0.2033	0.1526	0.2345	0.2313	0.1571	0.1913	0.3438	0.8898	0.4608	0.3438	0.8898	0.4608	0.2412	0.0375	0.6659	0.1899	0.0443	0.2587	0.2096	0.2965	0.6224	0.1873	0.3008	0.2972	0.0159	-0.0053	0.0382	0.0096	-0.0003	-0.0374	0.3365	1.2871	0.4727	0.2284	0.6576	0.3701	0.0079	0.0265	-0.0467	0.2402	0.6529	0.5618	0.0129	0.0335	0.0451	-0.0526	-0.0167	-0.0868	-0.0503	-0.0256	0.0754	0.1801	-0.0491	0.1549	0.0622	0.0000	0.0000	0.0000	0.0000	0.0000	0.0039	0.0514	0.0000	-0.0658	-0.0367	-0.0527	-0.0643	-0.0388	0.0420	0.2075	-0.0346	-0.1336	0.0654	0.0000	0.0000	0.0000	0.0000	0.0000	0.0062	0.0513	0.0000	0.2271	1.3366	0.4616	0.3602	0.8833	0.5618	0.3275	0.8964	0.3598	0.3317	1.2887	0.5246	0.3414	1.2856	0.4208	0.2499	0.8296	0.4081	0.2699	0.8215	0.5322	0.1933	0.4581	0.6534	0.1960	0.4637	0.2720	0.1988	0.0630	0.6964	0.1427	0.0810	0.2254	0.2045	0.4509	0.5972	0.2026	0.4517	0.3245	0.2170	0.0697	0.6594	0.1647	0.0791	0.2571	0.1637	0.0376	0.6383	0.1126	0.0509	0.2619	0.3389	0.0375	0.7007	0.2875	0.0360	0.2547	0.1952	0.9574	0.4809	0.2352	0.0764	0.6225	0.1867	0.0772	0.2888	0.2158	0.4437	0.5411	0.2093	0.4396	0.3769
37	0.37	0.3599	0.8834	0.5605	0.3277	0.8963	0.3611	0.2682	0.4503	0.6161	0.2606	0.4788	0.3058	0.2494	0.3880	0.6221	0.2348	0.3931	0.2913	0.2197	0.2063	0.7023	0.2465	0.1533	0.6837	0.2741	0.1566	0.7271	0.1867	0.2144	0.2209	0.2033	0.1526	0.2345	0.2313	0.1571	0.1913	0.3438	0.8898	0.4608	0.3438	0.8898	0.4608	0.2412	0.0376	0.6658	0.1899	0.0443	0.2587	0.2097	0.2965	0.6224	0.1873	0.3008	0.2972	0.0158	-0.0053	0.0382	0.0096	-0.0003	-0.0374	0.3366	1.2871	0.4727	0.2284	0.6576	0.3701	0.0079	0.0265	-0.0467	0.2402	0.6529	0.5618	0.0129	0.0337	0.0451	-0.0526	-0.0167	-0.0868	-0.0503	-0.0256	0.0754	0.1801	-0.0491	0.1550	0.0622	0.0000	0.0000	0.0000	0.0000	0.0000	0.0039	0.0514	0.0000	-0.0658	-0.0367	-0.0527	-0.0643	-0.0388	0.0419	0.2075	-0.0346	-0.1335	0.0654	0.0000	0.0000	0.0000	0.0000	0.0000	0.0062	0.0513	0.0000	0.2272	1.3366	0.4616	0.3602	0.8833	0.5618	0.3275	0.8963	0.3598	0.3318	1.2887	0.5246	0.3415	1.2855	0.4208	0.2498	0.8296	0.4082	0.2699	0.8216	0.5323	0.1933	0.4581	0.6534	0.1960	0.4637	0.2720	0.1988	0.0631	0.6964	0.1427	0.0811	0.2254	0.2047	0.4509	0.5972	0.2026	0.4517	0.3245	0.2170	0.0697	0.6594	0.1647	0.0791	0.2571	0.1637	0.0376	0.6382	0.1126	0.0509	0.2618	0.3390	0.0375	0.7007	0.2875	0.0360	0.2547	0.1952	0.9575	0.4809	0.2352	0.0764	0.6225	0.1867	0.0772	0.2888	0.2160	0.4437	0.5410	0.2093	0.4397	0.3769
38	0.38	0.3599	0.8834	0.5605	0.3277	0.8962	0.3612	0.2681	0.4504	0.6161	0.2606	0.4788	0.3058	0.2494	0.3880	0.6221	0.2347	0.3931	0.2913	0.2197	0.2063	0.7023	0.2464	0.1534	0.6837	0.2741	0.1567	0.7271	0.1867	0.2144	0.2209	0.2033	0.1526	0.2345	0.2312	0.1571	0.1913	0.3438	0.8898	0.4608	0.3438	0.8898	0.4608	0.2411	0.0376	0.6658	0.1898	0.0444	0.2586	0.2095	0.2966	0.6224	0.1872	0.3008	0.2972	0.0158	-0.0052	0.0381	0.0096	-0.0003	-0.0374	0.3367	1.2871	0.4727	0.2283	0.6577	0.3701	0.0079	0.0265	-0.0467	0.2401	0.6530	0.5619	0.0129	0.0335	0.0451	-0.0526	-0.0167	-0.0868	-0.0502	-0.0255	0.0754	0.1801	-0.0491	0.1550	0.0622	0.0000	0.0000	0.0000	0.0000	0.0000	0.0039	0.0514	0.0000	-0.0658	-0.0367	-0.0528	-0.0642	-0.0388	0.0420	0.2075	-0.0346	-0.1335	0.0654	0.0000	0.0000	0.0000	0.0000	0.0000	0.0061	0.0513	0.0000	0.2273	1.3367	0.4615	0.3602	0.8833	0.5618	0.3275	0.8963	0.3598	0.3319	1.2887	0.5245	0.3415	1.2855	0.4208	0.2498	0.8296	0.4082	0.2699	0.8216	0.5323	0.1933	0.4582	0.6533	0.1959	0.4637	0.2721	0.1988	0.0631	0.6963	0.1427	0.0811	0.2254	0.2044	0.4510	0.5973	0.2025	0.4517	0.3245	0.2169	0.0697	0.6595	0.1646	0.0792	0.2571	0.1637	0.0377	0.6382	0.1125	0.0510	0.2618	0.3389	0.0375	0.7007	0.2875	0.0360	0.2546	0.1952	0.9575	0.4808	0.2351	0.0764	0.6226	0.1866	0.0772	0.2888	0.2156	0.4437	0.5412	0.2092	0.4397	0.3770
39	0.39	0.3600	0.8835	0.5605	0.3277	0.8963	0.3611	0.2682	0.4505	0.6160	0.2606	0.4789	0.3058	0.2494	0.3881	0.6221	0.2347	0.3932	0.2913	0.2197	0.2064	0.7023	0.2465	0.1534	0.6837	0.2741	0.1567	0.7271	0.1867	0.2145	0.2209	0.2033	0.1526	0.2345	0.2312	0.1571	0.1913	0.3439	0.8899	0.4608	0.3439	0.8899	0.4608	0.2411	0.0376	0.6658	0.1899	0.0444	0.2586	0.2095	0.2966	0.6225	0.1872	0.3009	0.2972	0.0158	-0.0052	0.0381	0.0096	-0.0003	-0.0374	0.3368	1.2871	0.4726	0.2283	0.6577	0.3701	0.0079	0.0265	-0.0466	0.2401	0.6530	0.5619	0.0128	0.0334	0.0451	-0.0525	-0.0167	-0.0869	-0.0503	-0.0256	0.0754	0.1800	-0.0492	0.1550	0.0622	0.0000	0.0000	0.0000	0.0000	0.0000	0.0039	0.0514	0.0000	-0.0657	-0.0367	-0.0528	-0.0642	-0.0388	0.0419	0.2075	-0.0345	-0.1335	0.0655	0.0000	0.0000	0.0000	0.0000	0.0000	0.0061	0.0513	0.0000	0.2274	1.3367	0.4615	0.3602	0.8834	0.5618	0.3275	0.8964	0.3598	0.3320	1.2887	0.5245	0.3416	1.2855	0.4207	0.2499	0.8296	0.4082	0.2700	0.8216	0.5323	0.1933	0.4582	0.6533	0.1959	0.4637	0.2721	0.1988	0.0631	0.6963	0.1427	0.0812	0.2254	0.2044	0.4510	0.5973	0.2026	0.4518	0.3245	0.2169	0.0698	0.6595	0.1647	0.0792	0.2571	0.1637	0.0377	0.6382	0.1125	0.0510	0.2618	0.3389	0.0375	0.7007	0.2875	0.0361	0.2546	0.1952	0.9575	0.4809	0.2350	0.0765	0.6226	0.1867	0.0773	0.2888	0.2155	0.4438	0.5412	0.2093	0.4398	0.3770
40	0.40	0.3600	0.8835	0.5605	0.3278	0.8963	0.3612	0.2682	0.4505	0.6161	0.2606	0.4789	0.3058	0.2494	0.3881	0.6221	0.2347	0.3932	0.2913	0.2197	0.2064	0.7023	0.2465	0.1534	0.6837	0.2741	0.1567	0.7271	0.1867	0.2145	0.2210	0.2033	0.1527	0.2345	0.2312	0.1571	0.1913	0.3439	0.8899	0.4608	0.3439	0.8899	0.4608	0.2412	0.0376	0.6658	0.1899	0.0444	0.2587	0.2095	0.2966	0.6225	0.1872	0.3009	0.2973	0.0159	-0.0052	0.0382	0.0096	-0.0003	-0.0374	0.3369	1.2871	0.4726	0.2284	0.6577	0.3702	0.0079	0.0265	-0.0467	0.2401	0.6530	0.5619	0.0129	0.0334	0.0451	-0.0526	-0.0167	-0.0868	-0.0503	-0.0256	0.0754	0.1801	-0.0492	0.1550	0.0622	0.0000	0.0000	0.0000	0.0000	0.0000	0.0039	0.0514	0.0000	-0.0658	-0.0367	-0.0527	-0.0643	-0.0388	0.0419	0.2075	-0.0345	-0.1335	0.0655	0.0000	0.0000	0.0000	0.0000	0.0000	0.0061	0.0513	0.0000	0.2275	1.3367	0.4615	0.3602	0.8834	0.5618	0.3276	0.8964	0.3598	0.3321	1.2887	0.5245	0.3417	1.2856	0.4207	0.2499	0.8296	0.4082	0.2700	0.8216	0.5323	0.1933	0.4582	0.6534	0.1959	0.4637	0.2721	0.1988	0.0631	0.6963	0.1427	0.0811	0.2255	0.2044	0.4510	0.5973	0.2026	0.4518	0.3246	0.2170	0.0698	0.6594	0.1647	0.0792	0.2572	0.1637	0.0377	0.6382	0.1126	0.0509	0.2619	0.3390	0.0375	0.7007	0.2875	0.0361	0.2546	0.1953	0.9575	0.4810	0.2352	0.0765	0.6225	0.1867	0.0773	0.2888	0.2155	0.4438	0.5412	0.2093	0.4398	0.3770
41	0.41	0.3599	0.8834	0.5605	0.3277	0.8963	0.3612	0.2681	0.4504	0.6161	0.2605	0.4788	0.3059	0.2493	0.3880	0.6221	0.2347	0.3932	0.2914	0.2197	0.2063	0.7023	0.2464	0.1534	0.6837	0.2741	0.1567	0.7271	0.1866	0.2145	0.2210	0.2033	0.1526	0.2346	0.2312	0.1571	0.1913	0.3438	0.8898	0.4609	0.3438	0.8898	0.4609	0.2411	0.0376	0.6658	0.1899	0.0443	0.2587	0.2095	0.2966	0.6225	0.1872	0.3008	0.2973	0.0159	-0.0052	0.0382	0.0096	-0.0003	-0.0374	0.3369	1.2871	0.4726	0.2283	0.6577	0.3702	0.0079	0.0265	-0.0467	0.2401	0.6530	0.5619	0.0129	0.0334	0.0451	-0.0526	-0.0167	-0.0868	-0.0503	-0.0256	0.0755	0.1801	-0.0491	0.1550	0.0622	0.0000	0.0000	0.0000	0.0000	0.0000	0.0039	0.0514	0.0000	-0.0658	-0.0367	-0.0527	-0.0643	-0.0388	0.0420	0.2074	-0.0345	-0.1336	0.0655	0.0000	0.0000	0.0000	0.0000	0.0000	0.0061	0.0513	0.0000	0.2275	1.3367	0.4614	0.3602	0.8834	0.5619	0.3275	0.8963	0.3599	0.3321	1.2887	0.5245	0.3417	1.2855	0.4207	0.2498	0.8296	0.4083	0.2699	0.8216	0.5324	0.1933	0.4581	0.6534	0.1958	0.4637	0.2721	0.1988	0.0631	0.6963	0.1426	0.0811	0.2255	0.2044	0.4510	0.5973	0.2025	0.4517	0.3246	0.2170	0.0698	0.6594	0.1646	0.0792	0.2572	0.1637	0.0377	0.6382	0.1126	0.0509	0.2619	0.3389	0.0375	0.7007	0.2875	0.0360	0.2546	0.1952	0.9575	0.4810	0.2352	0.0764	0.6225	0.1866	0.0772	0.2888	0.2155	0.4438	0.5413	0.2092	0.4397	0.3771
42	0.42	0.3599	0.8834	0.5606	0.3278	0.8962	0.3613	0.2681	0.4503	0.6162	0.2605	0.4788	0.3059	0.2493	0.3879	0.6222	0.2347	0.3931	0.2914	0.2196	0.2062	0.7023	0.2464	0.1533	0.6837	0.2741	0.1566	0.7271	0.1866	0.2144	0.2210	0.2033	0.1526	0.2346	0.2312	0.1571	0.1913	0.3438	0.8898	0.4609	0.3438	0.8898	0.4609	0.2411	0.0376	0.6658	0.1898	0.0443	0.2587	0.2095	0.2965	0.6225	0.1871	0.3008	0.2973	0.0158	-0.0052	0.0382	0.0096	-0.0003	-0.0374	0.3370	1.2870	0.4726	0.2283	0.6576	0.3702	0.0078	0.0265	-0.0467	0.2401	0.6529	0.5620	0.0129	0.0334	0.0451	-0.0526	-0.0167	-0.0868	-0.0503	-0.0256	0.0755	0.1801	-0.0490	0.1550	0.0622	0.0000	0.0000	0.0000	0.0000	0.0000	0.0039	0.0514	0.0000	-0.0658	-0.0367	-0.0527	-0.0643	-0.0388	0.0421	0.2074	-0.0345	-0.1336	0.0654	0.0000	0.0000	0.0000	0.0000	0.0000	0.0061	0.0513	0.0000	0.2276	1.3367	0.4614	0.3602	0.8833	0.5619	0.3275	0.8963	0.3599	0.3321	1.2886	0.5245	0.3418	1.2854	0.4207	0.2499	0.8296	0.4083	0.2699	0.8216	0.5324	0.1933	0.4581	0.6534	0.1958	0.4637	0.2722	0.1988	0.0630	0.6963	0.1426	0.0811	0.2255	0.2044	0.4510	0.5974	0.2025	0.4517	0.3247	0.2170	0.0697	0.6594	0.1646	0.0791	0.2572	0.1637	0.0377	0.6382	0.1125	0.0509	0.2620	0.3389	0.0375	0.7007	0.2875	0.0360	0.2546	0.1952	0.9575	0.4810	0.2352	0.0763	0.6225	0.1866	0.0771	0.2888	0.2155	0.4438	0.5413	0.2091	0.4396	0.3771
43	0.43	0.3600	0.8834	0.5606	0.3278	0.8962	0.3613	0.2681	0.4503	0.6162	0.2605	0.4788	0.3059	0.2493	0.3879	0.6222	0.2347	0.3931	0.2914	0.2196	0.2062	0.7023	0.2464	0.1533	0.6837	0.2741	0.1566	0.7271	0.1866	0.2144	0.2210	0.2033	0.1526	0.2346	0.2312	0.1571	0.1913	0.3439	0.8898	0.4609	0.3439	0.8898	0.4609	0.2411	0.0376	0.6659	0.1899	0.0443	0.2588	0.2095	0.2965	0.6225	0.1872	0.3007	0.2974	0.0158	-0.0052	0.0382	0.0096	-0.0003	-0.0374	0.3371	1.2870	0.4726	0.2283	0.6576	0.3702	0.0078	0.0265	-0.0467	0.2401	0.6529	0.5620	0.0130	0.0334	0.0451	-0.0526	-0.0167	-0.0868	-0.0503	-0.0256	0.0755	0.1801	-0.0490	0.1550	0.0622	0.0000	0.0000	0.0000	0.0000	0.0000	0.0039	0.0514	0.0000	-0.0658	-0.0366	-0.0527	-0.0643	-0.0389	0.0421	0.2074	-0.0345	-0.1336	0.0655	0.0000	0.0000	0.0000	0.0000	0.0000	0.0061	0.0513	0.0000	0.2277	1.3367	0.4615	0.3602	0.8833	0.5619	0.3276	0.8963	0.3599	0.3323	1.2886	0.5245	0.3419	1.2854	0.4207	0.2499	0.8295	0.4083	0.2699	0.8216	0.5324	0.1933	0.4581	0.6535	0.1959	0.4637	0.2722	0.1988	0.0630	0.6963	0.1426	0.0810	0.2256	0.2044	0.4509	0.5974	0.2025	0.4516	0.3247	0.2170	0.0697	0.6595	0.1646	0.0791	0.2572	0.1637	0.0376	0.6382	0.1126	0.0508	0.2620	0.3389	0.0374	0.7007	0.2875	0.0360	0.2547	0.1953	0.9574	0.4811	0.2352	0.0763	0.6226	0.1866	0.0771	0.2889	0.2155	0.4438	0.5413	0.2091	0.4395	0.3771
44	0.44	0.3599	0.8834	0.5606	0.3278	0.8962	0.3613	0.2681	0.4503	0.6163	0.2606	0.4788	0.3059	0.2493	0.3879	0.6222	0.2347	0.3931	0.2914	0.2196	0.2062	0.7024	0.2464	0.1533	0.6837	0.2740	0.1566	0.7271	0.1866	0.2144	0.2210	0.2033	0.1526	0.2346	0.2312	0.1571	0.1913	0.3439	0.8898	0.4610	0.3439	0.8898	0.4610	0.2411	0.0375	0.6659	0.1899	0.0442	0.2588	0.2095	0.2965	0.6226	0.1871	0.3007	0.2974	0.0158	-0.0052	0.0381	0.0096	-0.0003	-0.0374	0.3371	1.2870	0.4726	0.2283	0.6576	0.3703	0.0078	0.0264	-0.0467	0.2401	0.6529	0.5620	0.0129	0.0334	0.0451	-0.0526	-0.0167	-0.0868	-0.0503	-0.0256	0.0755	0.1801	-0.0490	0.1549	0.0622	0.0000	0.0000	0.0000	0.0000	0.0000	0.0039	0.0514	0.0000	-0.0657	-0.0367	-0.0527	-0.0643	-0.0388	0.0421	0.2074	-0.0345	-0.1337	0.0655	0.0000	0.0000	0.0000	0.0000	0.0000	0.0061	0.0513	0.0000	0.2278	1.3367	0.4614	0.3602	0.8833	0.5620	0.3276	0.8963	0.3600	0.3323	1.2886	0.5245	0.3419	1.2854	0.4207	0.2499	0.8295	0.4083	0.2699	0.8216	0.5324	0.1932	0.4581	0.6535	0.1958	0.4637	0.2722	0.1988	0.0630	0.6963	0.1426	0.0810	0.2256	0.2044	0.4509	0.5974	0.2025	0.4516	0.3247	0.2169	0.0697	0.6595	0.1646	0.0790	0.2572	0.1637	0.0376	0.6382	0.1126	0.0508	0.2620	0.3389	0.0374	0.7007	0.2875	0.0360	0.2546	0.1952	0.9574	0.4811	0.2351	0.0764	0.6226	0.1866	0.0771	0.2889	0.2156	0.4438	0.5413	0.2091	0.4395	0.3772
45	0.45	0.3599	0.8834	0.5607	0.3278	0.8961	0.3614	0.2681	0.4503	0.6163	0.2605	0.4788	0.3060	0.2493	0.3879	0.6222	0.2347	0.3931	0.2915	0.2196	0.2062	0.7024	0.2464	0.1533	0.6837	0.2740	0.1566	0.7271	0.1866	0.2144	0.2211	0.2033	0.1526	0.2346	0.2311	0.1571	0.1913	0.3438	0.8898	0.4610	0.3438	0.8898	0.4610	0.2411	0.0375	0.6658	0.1898	0.0442	0.2587	0.2095	0.2965	0.6225	0.1871	0.3007	0.2974	0.0159	-0.0052	0.0382	0.0096	-0.0003	-0.0374	0.3371	1.2869	0.4726	0.2283	0.6576	0.3703	0.0078	0.0264	-0.0467	0.2401	0.6529	0.5621	0.0129	0.0334	0.0451	-0.0526	-0.0167	-0.0868	-0.0503	-0.0256	0.0755	0.1801	-0.0490	0.1549	0.0622	0.0000	0.0000	0.0000	0.0000	0.0000	0.0039	0.0514	0.0000	-0.0658	-0.0367	-0.0526	-0.0643	-0.0388	0.0421	0.2074	-0.0346	-0.1336	0.0654	0.0000	0.0000	0.0000	0.0000	0.0000	0.0062	0.0513	0.0000	0.2278	1.3367	0.4614	0.3601	0.8833	0.5620	0.3276	0.8962	0.3600	0.3323	1.2886	0.5244	0.3419	1.2853	0.4207	0.2499	0.8295	0.4084	0.2699	0.8216	0.5325	0.1932	0.4581	0.6535	0.1958	0.4637	0.2723	0.1988	0.0630	0.6963	0.1426	0.0810	0.2256	0.2044	0.4509	0.5974	0.2025	0.4516	0.3247	0.2170	0.0697	0.6594	0.1646	0.0790	0.2572	0.1637	0.0376	0.6382	0.1125	0.0508	0.2620	0.3389	0.0374	0.7007	0.2875	0.0360	0.2546	0.1952	0.9574	0.4811	0.2352	0.0764	0.6225	0.1866	0.0771	0.2889	0.2155	0.4438	0.5414	0.2091	0.4395	0.3772
46	0.46	0.3599	0.8834	0.5607	0.3278	0.8961	0.3614	0.2681	0.4503	0.6163	0.2605	0.4788	0.3060	0.2493	0.3879	0.6223	0.2347	0.3931	0.2915	0.2196	0.2062	0.7024	0.2464	0.1533	0.6838	0.2741	0.1566	0.7272	0.1866	0.2144	0.2211	0.2033	0.1526	0.2346	0.2312	0.1571	0.1913	0.3439	0.8898	0.4611	0.3439	0.8898	0.4611	0.2411	0.0375	0.6658	0.1899	0.0442	0.2588	0.2095	0.2965	0.6226	0.1872	0.3007	0.2974	0.0159	-0.0052	0.0382	0.0096	-0.0003	-0.0374	0.3372	1.2869	0.4726	0.2283	0.6575	0.3704	0.0078	0.0264	-0.0467	0.2401	0.6529	0.5621	0.0129	0.0334	0.0451	-0.0526	-0.0167	-0.0868	-0.0503	-0.0256	0.0755	0.1801	-0.0491	0.1549	0.0622	0.0000	0.0000	0.0000	0.0000	0.0000	0.0039	0.0514	0.0000	-0.0658	-0.0367	-0.0526	-0.0643	-0.0388	0.0420	0.2075	-0.0345	-0.1335	0.0654	0.0000	0.0000	0.0000	0.0000	0.0000	0.0062	0.0513	0.0000	0.2279	1.3367	0.4614	0.3601	0.8833	0.5621	0.3276	0.8962	0.3601	0.3324	1.2886	0.5244	0.3420	1.2853	0.4207	0.2499	0.8295	0.4085	0.2699	0.8216	0.5326	0.1932	0.4581	0.6536	0.1958	0.4637	0.2723	0.1988	0.0630	0.6964	0.1426	0.0810	0.2256	0.2044	0.4509	0.5975	0.2025	0.4516	0.3248	0.2170	0.0697	0.6594	0.1646	0.0791	0.2572	0.1637	0.0376	0.6382	0.1126	0.0508	0.2620	0.3389	0.0374	0.7007	0.2875	0.0360	0.2546	0.1952	0.9574	0.4811	0.2352	0.0764	0.6225	0.1867	0.0771	0.2889	0.2155	0.4438	0.5414	0.2091	0.4395	0.3772
47	0.47	0.3599	0.8834	0.5608	0.3278	0.8962	0.3615	0.2681	0.4504	0.6164	0.2605	0.4788	0.3060	0.2493	0.3880	0.6223	0.2347	0.3931	0.2915	0.2197	0.2063	0.7024	0.2464	0.1534	0.6838	0.2741	0.1566	0.7272	0.1866	0.2144	0.2211	0.2032	0.1526	0.2346	0.2311	0.1571	0.1914	0.3439	0.8898	0.4611	0.3439	0.8898	0.4611	0.2411	0.0376	0.6659	0.1899	0.0443	0.2588	0.2095	0.2966	0.6226	0.1872	0.3008	0.2974	0.0159	-0.0052	0.0382	0.0096	-0.0003	-0.0374	0.3373	1.2870	0.4726	0.2283	0.6576	0.3704	0.0079	0.0264	-0.0467	0.2400	0.6530	0.5621	0.0129	0.0334	0.0452	-0.0526	-0.0167	-0.0868	-0.0503	-0.0256	0.0754	0.1801	-0.0491	0.1550	0.0622	0.0000	0.0000	0.0000	0.0000	0.0000	0.0039	0.0514	0.0000	-0.0658	-0.0367	-0.0527	-0.0643	-0.0388	0.0419	0.2075	-0.0345	-0.1335	0.0655	0.0000	0.0000	0.0000	0.0000	0.0000	0.0061	0.0513	0.0000	0.2279	1.3367	0.4614	0.3601	0.8834	0.5621	0.3276	0.8962	0.3601	0.3325	1.2886	0.5244	0.3420	1.2853	0.4207	0.2499	0.8295	0.4085	0.2699	0.8216	0.5326	0.1932	0.4581	0.6536	0.1958	0.4637	0.2723	0.1988	0.0630	0.6964	0.1426	0.0811	0.2256	0.2043	0.4510	0.5975	0.2025	0.4517	0.3248	0.2170	0.0698	0.6594	0.1647	0.0791	0.2572	0.1637	0.0377	0.6382	0.1126	0.0508	0.2620	0.3389	0.0375	0.7007	0.2875	0.0360	0.2546	0.1952	0.9575	0.4812	0.2352	0.0765	0.6225	0.1867	0.0772	0.2889	0.2154	0.4438	0.5414	0.2092	0.4396	0.3773
48	0.48	0.3599	0.8835	0.5608	0.3278	0.8962	0.3615	0.2681	0.4504	0.6163	0.2605	0.4788	0.3060	0.2493	0.3881	0.6223	0.2346	0.3931	0.2915	0.2196	0.2063	0.7024	0.2464	0.1534	0.6837	0.2741	0.1567	0.7271	0.1866	0.2145	0.2211	0.2032	0.1526	0.2346	0.2311	0.1571	0.1914	0.3438	0.8898	0.4611	0.3438	0.8898	0.4611	0.2411	0.0376	0.6658	0.1899	0.0444	0.2587	0.2094	0.2966	0.6226	0.1872	0.3008	0.2974	0.0159	-0.0052	0.0382	0.0096	-0.0003	-0.0374	0.3373	1.2870	0.4725	0.2283	0.6576	0.3704	0.0079	0.0264	-0.0466	0.2400	0.6530	0.5622	0.0129	0.0334	0.0451	-0.0526	-0.0167	-0.0868	-0.0503	-0.0256	0.0754	0.1801	-0.0491	0.1550	0.0622	0.0000	0.0000	0.0000	0.0000	0.0000	0.0039	0.0514	0.0000	-0.0658	-0.0367	-0.0527	-0.0642	-0.0388	0.0419	0.2075	-0.0345	-0.1335	0.0655	0.0000	0.0000	0.0000	0.0000	0.0000	0.0061	0.0513	0.0000	0.2279	1.3368	0.4614	0.3601	0.8834	0.5621	0.3276	0.8962	0.3601	0.3325	1.2887	0.5244	0.3420	1.2853	0.4207	0.2499	0.8295	0.4085	0.2698	0.8216	0.5326	0.1932	0.4582	0.6536	0.1958	0.4637	0.2724	0.1988	0.0631	0.6963	0.1426	0.0811	0.2255	0.2043	0.4510	0.5975	0.2025	0.4517	0.3248	0.2170	0.0698	0.6594	0.1647	0.0792	0.2572	0.1637	0.0377	0.6382	0.1125	0.0509	0.2620	0.3389	0.0375	0.7007	0.2875	0.0361	0.2546	0.1952	0.9575	0.4812	0.2351	0.0765	0.6225	0.1867	0.0772	0.2889	0.2154	0.4438	0.5415	0.2092	0.4397	0.3772
49	0.49	0.3598	0.8834	0.5609	0.3278	0.8961	0.3616	0.2681	0.4504	0.6163	0.2605	0.4788	0.3061	0.2493	0.3881	0.6223	0.2346	0.3931	0.2916	0.2196	0.2063	0.7024	0.2464	0.1534	0.6838	0.2740	0.1567	0.7272	0.1866	0.2145	0.2211	0.2032	0.1526	0.2347	0.2311	0.1571	0.1914	0.3438	0.8898	0.4612	0.3438	0.8898	0.4612	0.2411	0.0376	0.6658	0.1899	0.0444	0.2587	0.2094	0.2966	0.6226	0.1872	0.3008	0.2974	0.0158	-0.0052	0.0382	0.0096	-0.0003	-0.0374	0.3373	1.2870	0.4725	0.2283	0.6576	0.3705	0.0079	0.0264	-0.0467	0.2400	0.6530	0.5622	0.0129	0.0334	0.0451	-0.0526	-0.0167	-0.0868	-0.0502	-0.0255	0.0754	0.1801	-0.0491	0.1550	0.0622	0.0000	0.0000	0.0000	0.0000	0.0000	0.0039	0.0514	0.0000	-0.0658	-0.0367	-0.0527	-0.0642	-0.0388	0.0419	0.2075	-0.0345	-0.1335	0.0655	0.0000	0.0000	0.0000	0.0000	0.0000	0.0061	0.0513	0.0000	0.2280	1.3368	0.4614	0.3601	0.8834	0.5622	0.3276	0.8962	0.3602	0.3325	1.2887	0.5244	0.3421	1.2853	0.4207	0.2498	0.8295	0.4086	0.2698	0.8216	0.5327	0.1931	0.4582	0.6537	0.1958	0.4637	0.2724	0.1988	0.0631	0.6963	0.1426	0.0811	0.2255	0.2043	0.4510	0.5976	0.2025	0.4517	0.3248	0.2170	0.0698	0.6594	0.1647	0.0792	0.2572	0.1637	0.0377	0.6382	0.1125	0.0509	0.2620	0.3389	0.0375	0.7007	0.2875	0.0361	0.2546	0.1952	0.9575	0.4812	0.2352	0.0765	0.6225	0.1867	0.0772	0.2889	0.2154	0.4439	0.5415	0.2092	0.4397	0.3772
50	0.50	0.3598	0.8834	0.5610	0.3278	0.8961	0.3617	0.2681	0.4504	0.6164	0.2605	0.4788	0.3061	0.2492	0.3881	0.6224	0.2346	0.3931	0.2916	0.2196	0.2063	0.7025	0.2464	0.1534	0.6838	0.2740	0.1566	0.7272	0.1866	0.2144	0.2211	0.2032	0.1526	0.2347	0.2311	0.1571	0.1914	0.3438	0.8898	0.4613	0.3438	0.8898	0.4613	0.2411	0.0376	0.6659	0.1899	0.0443	0.2588	0.2094	0.2966	0.6227	0.1872	0.3008	0.2975	0.0158	-0.0052	0.0382	0.0096	-0.0003	-0.0374	0.3373	1.2869	0.4726	0.2283	0.6576	0.3705	0.0079	0.0264	-0.0467	0.2399	0.6530	0.5623	0.0129	0.0334	0.0451	-0.0526	-0.0167	-0.0868	-0.0503	-0.0255	0.0754	0.1801	-0.0491	0.1550	0.0622	0.0000	0.0000	0.0000	0.0000	0.0000	0.0039	0.0514	0.0000	-0.0658	-0.0367	-0.0527	-0.0643	-0.0388	0.0419	0.2075	-0.0345	-0.1335	0.0654	0.0000	0.0000	0.0000	0.0000	0.0000	0.0061	0.0513	0.0000	0.2280	1.3368	0.4615	0.3600	0.8833	0.5623	0.3276	0.8962	0.3603	0.3325	1.2886	0.5244	0.3421	1.2853	0.4208	0.2498	0.8295	0.4087	0.2697	0.8216	0.5328	0.1931	0.4581	0.6537	0.1958	0.4637	0.2724	0.1988	0.0631	0.6964	0.1426	0.0811	0.2256	0.2042	0.4510	0.5976	0.2025	0.4517	0.3249	0.2170	0.0697	0.6595	0.1647	0.0791	0.2572	0.1637	0.0377	0.6382	0.1126	0.0509	0.2620	0.3389	0.0375	0.7007	0.2875	0.0361	0.2546	0.1952	0.9575	0.4813	0.2352	0.0764	0.6226	0.1867	0.0772	0.2889	0.2153	0.4439	0.5416	0.2091	0.4396	0.3773
51	0.51	0.3598	0.8834	0.5610	0.3278	0.8961	0.3617	0.2680	0.4503	0.6164	0.2605	0.4788	0.3061	0.2492	0.3880	0.6224	0.2347	0.3931	0.2916	0.2196	0.2063	0.7025	0.2464	0.1534	0.6838	0.2740	0.1566	0.7272	0.1866	0.2144	0.2212	0.2032	0.1526	0.2347	0.2311	0.1572	0.1914	0.3438	0.8898	0.4614	0.3438	0.8898	0.4614	0.2411	0.0376	0.6659	0.1899	0.0443	0.2588	0.2094	0.2966	0.6227	0.1872	0.3008	0.2975	0.0159	-0.0052	0.0382	0.0096	-0.0003	-0.0374	0.3373	1.2869	0.4726	0.2283	0.6576	0.3706	0.0078	0.0264	-0.0467	0.2399	0.6530	0.5623	0.0129	0.0334	0.0451	-0.0526	-0.0167	-0.0868	-0.0503	-0.0256	0.0754	0.1801	-0.0490	0.1550	0.0622	0.0000	0.0000	0.0000	0.0000	0.0000	0.0039	0.0514	0.0000	-0.0658	-0.0367	-0.0526	-0.0643	-0.0388	0.0420	0.2075	-0.0345	-0.1336	0.0654	0.0000	0.0000	0.0000	0.0000	0.0000	0.0061	0.0513	0.0000	0.2281	1.3368	0.4615	0.3600	0.8833	0.5624	0.3276	0.8962	0.3604	0.3326	1.2886	0.5245	0.3421	1.2852	0.4208	0.2498	0.8295	0.4087	0.2697	0.8216	0.5328	0.1931	0.4581	0.6538	0.1958	0.4637	0.2725	0.1988	0.0630	0.6964	0.1426	0.0811	0.2256	0.2042	0.4510	0.5977	0.2025	0.4516	0.3249	0.2170	0.0697	0.6595	0.1647	0.0791	0.2573	0.1637	0.0377	0.6383	0.1126	0.0509	0.2621	0.3389	0.0375	0.7007	0.2875	0.0361	0.2546	0.1952	0.9575	0.4814	0.2352	0.0765	0.6226	0.1867	0.0772	0.2889	0.2153	0.4439	0.5416	0.2092	0.4396	0.3774
52	0.52	0.3598	0.8834	0.5611	0.3278	0.8961	0.3618	0.2680	0.4503	0.6164	0.2606	0.4788	0.3062	0.2492	0.3880	0.6224	0.2347	0.3931	0.2917	0.2196	0.2062	0.7025	0.2464	0.1533	0.6838	0.2740	0.1566	0.7272	0.1866	0.2144	0.2212	0.2033	0.1526	0.2347	0.2312	0.1572	0.1914	0.3438	0.8897	0.4614	0.3438	0.8897	0.4614	0.2411	0.0376	0.6659	0.1899	0.0443	0.2588	0.2094	0.2966	0.6227	0.1872	0.3007	0.2975	0.0158	-0.0052	0.0382	0.0096	-0.0003	-0.0374	0.3374	1.2869	0.4726	0.2283	0.6576	0.3706	0.0078	0.0264	-0.0467	0.2399	0.6530	0.5624	0.0129	0.0334	0.0451	-0.0526	-0.0167	-0.0868	-0.0503	-0.0256	0.0755	0.1801	-0.0490	0.1550	0.0622	0.0000	0.0000	0.0000	0.0000	0.0000	0.0039	0.0514	0.0000	-0.0658	-0.0367	-0.0527	-0.0643	-0.0388	0.0420	0.2074	-0.0345	-0.1336	0.0654	0.0000	0.0000	0.0000	0.0000	0.0000	0.0061	0.0513	0.0000	0.2281	1.3368	0.4615	0.3600	0.8833	0.5624	0.3276	0.8962	0.3604	0.3326	1.2886	0.5245	0.3421	1.2852	0.4208	0.2498	0.8295	0.4087	0.2697	0.8216	0.5329	0.1931	0.4581	0.6538	0.1958	0.4637	0.2725	0.1988	0.0630	0.6964	0.1426	0.0811	0.2256	0.2042	0.4510	0.5977	0.2025	0.4516	0.3249	0.2170	0.0697	0.6595	0.1647	0.0791	0.2573	0.1637	0.0377	0.6382	0.1126	0.0509	0.2621	0.3389	0.0375	0.7007	0.2875	0.0361	0.2546	0.1952	0.9575	0.4814	0.2351	0.0764	0.6226	0.1867	0.0771	0.2889	0.2153	0.4439	0.5416	0.2092	0.4395	0.3774
53	0.53	0.3597	0.8834	0.5612	0.3278	0.8960	0.3618	0.2680	0.4503	0.6165	0.2606	0.4788	0.3062	0.2491	0.3880	0.6225	0.2347	0.3931	0.2917	0.2196	0.2062	0.7025	0.2463	0.1533	0.6839	0.2740	0.1566	0.7273	0.1866	0.2144	0.2212	0.2033	0.1526	0.2347	0.2312	0.1571	0.1914	0.3438	0.8897	0.4615	0.3438	0.8897	0.4615	0.2411	0.0376	0.6659	0.1899	0.0443	0.2588	0.2093	0.2965	0.6228	0.1871	0.3007	0.2976	0.0157	-0.0052	0.0381	0.0096	-0.0003	-0.0374	0.3373	1.2869	0.4727	0.2283	0.6575	0.3707	0.0078	0.0264	-0.0467	0.2399	0.6530	0.5624	0.0129	0.0335	0.0451	-0.0526	-0.0168	-0.0867	-0.0502	-0.0256	0.0755	0.1801	-0.0490	0.1550	0.0622	0.0000	0.0000	0.0000	0.0000	0.0000	0.0039	0.0514	0.0000	-0.0658	-0.0366	-0.0527	-0.0643	-0.0388	0.0421	0.2074	-0.0345	-0.1337	0.0654	0.0000	0.0000	0.0000	0.0000	0.0000	0.0061	0.0513	0.0000	0.2281	1.3368	0.4615	0.3599	0.8833	0.5625	0.3276	0.8961	0.3605	0.3325	1.2886	0.5245	0.3421	1.2851	0.4208	0.2498	0.8295	0.4088	0.2696	0.8216	0.5330	0.1930	0.4581	0.6539	0.1958	0.4637	0.2725	0.1988	0.0630	0.6964	0.1426	0.0810	0.2256	0.2042	0.4510	0.5978	0.2025	0.4516	0.3250	0.2169	0.0696	0.6596	0.1646	0.0791	0.2573	0.1637	0.0377	0.6382	0.1126	0.0509	0.2621	0.3389	0.0375	0.7007	0.2875	0.0360	0.2546	0.1952	0.9575	0.4814	0.2351	0.0763	0.6228	0.1867	0.0771	0.2889	0.2153	0.4439	0.5417	0.2091	0.4394	0.3774
54	0.54	0.3596	0.8834	0.5613	0.3278	0.8960	0.3619	0.2679	0.4503	0.6165	0.2605	0.4787	0.3063	0.2491	0.3879	0.6226	0.2347	0.3931	0.2918	0.2195	0.2062	0.7026	0.2463	0.1533	0.6839	0.2740	0.1565	0.7273	0.1866	0.2144	0.2212	0.2033	0.1526	0.2348	0.2311	0.1571	0.1914	0.3437	0.8897	0.4616	0.3437	0.8897	0.4616	0.2411	0.0375	0.6659	0.1899	0.0443	0.2588	0.2093	0.2965	0.6229	0.1871	0.3007	0.2976	0.0157	-0.0052	0.0381	0.0096	-0.0003	-0.0374	0.3373	1.2868	0.4727	0.2282	0.6575	0.3707	0.0078	0.0264	-0.0467	0.2398	0.6530	0.5625	0.0130	0.0334	0.0451	-0.0526	-0.0168	-0.0867	-0.0503	-0.0256	0.0755	0.1801	-0.0490	0.1550	0.0621	0.0000	0.0000	0.0000	0.0000	0.0000	0.0039	0.0514	0.0000	-0.0658	-0.0366	-0.0527	-0.0643	-0.0388	0.0420	0.2074	-0.0346	-0.1336	0.0654	0.0000	0.0000	0.0000	0.0000	0.0000	0.0062	0.0513	0.0000	0.2281	1.3368	0.4615	0.3599	0.8833	0.5626	0.3276	0.8961	0.3606	0.3325	1.2886	0.5245	0.3421	1.2851	0.4208	0.2497	0.8295	0.4089	0.2696	0.8216	0.5330	0.1930	0.4580	0.6539	0.1958	0.4637	0.2726	0.1988	0.0629	0.6964	0.1426	0.0810	0.2257	0.2041	0.4510	0.5978	0.2025	0.4515	0.3250	0.2169	0.0696	0.6596	0.1646	0.0790	0.2573	0.1636	0.0376	0.6383	0.1126	0.0508	0.2621	0.3389	0.0374	0.7007	0.2875	0.0360	0.2547	0.1952	0.9575	0.4814	0.2351	0.0762	0.6228	0.1867	0.0771	0.2890	0.2153	0.4439	0.5417	0.2091	0.4394	0.3775
55	0.55	0.3597	0.8834	0.5613	0.3278	0.8960	0.3620	0.2679	0.4503	0.6166	0.2605	0.4788	0.3063	0.2491	0.3880	0.6226	0.2347	0.3931	0.2918	0.2195	0.2062	0.7026	0.2463	0.1533	0.6839	0.2740	0.1565	0.7273	0.1866	0.2144	0.2212	0.2033	0.1526	0.2347	0.2311	0.1571	0.1914	0.3437	0.8897	0.4617	0.3437	0.8897	0.4617	0.2411	0.0375	0.6659	0.1899	0.0442	0.2588	0.2093	0.2965	0.6229	0.1871	0.3007	0.2976	0.0158	-0.0052	0.0381	0.0096	-0.0003	-0.0374	0.3374	1.2869	0.4727	0.2283	0.6575	0.3708	0.0078	0.0264	-0.0467	0.2398	0.6530	0.5626	0.0129	0.0334	0.0451	-0.0526	-0.0168	-0.0868	-0.0503	-0.0256	0.0755	0.1801	-0.0490	0.1550	0.0622	0.0000	0.0000	0.0000	0.0000	0.0000	0.0039	0.0514	0.0000	-0.0658	-0.0366	-0.0528	-0.0643	-0.0388	0.0420	0.2075	-0.0346	-0.1335	0.0655	0.0000	0.0000	0.0000	0.0000	0.0000	0.0062	0.0513	0.0000	0.2282	1.3367	0.4616	0.3599	0.8833	0.5627	0.3276	0.8961	0.3606	0.3326	1.2886	0.5245	0.3422	1.2851	0.4209	0.2498	0.8294	0.4090	0.2696	0.8216	0.5331	0.1930	0.4580	0.6539	0.1958	0.4636	0.2726	0.1988	0.0629	0.6964	0.1426	0.0810	0.2257	0.2041	0.4510	0.5979	0.2025	0.4515	0.3251	0.2169	0.0696	0.6597	0.1646	0.0790	0.2573	0.1636	0.0376	0.6383	0.1126	0.0507	0.2621	0.3389	0.0374	0.7007	0.2875	0.0360	0.2546	0.1952	0.9574	0.4815	0.2350	0.0763	0.6229	0.1867	0.0771	0.2890	0.2152	0.4439	0.5418	0.2091	0.4394	0.3775
56	0.56	0.3596	0.8835	0.5614	0.3278	0.8960	0.3620	0.2679	0.4503	0.6166	0.2605	0.4788	0.3063	0.2490	0.3880	0.6226	0.2347	0.3931	0.2918	0.2195	0.2062	0.7026	0.2463	0.1533	0.6839	0.2739	0.1566	0.7273	0.1866	0.2144	0.2212	0.2032	0.1526	0.2348	0.2311	0.1571	0.1915	0.3437	0.8897	0.4617	0.3437	0.8897	0.4617	0.2411	0.0375	0.6659	0.1899	0.0442	0.2588	0.2093	0.2965	0.6229	0.1871	0.3007	0.2977	0.0158	-0.0052	0.0382	0.0096	-0.0003	-0.0374	0.3374	1.2869	0.4727	0.2282	0.6575	0.3708	0.0078	0.0264	-0.0467	0.2398	0.6530	0.5626	0.0129	0.0334	0.0451	-0.0526	-0.0168	-0.0868	-0.0504	-0.0256	0.0755	0.1801	-0.0490	0.1550	0.0622	0.0000	0.0000	0.0000	0.0000	0.0000	0.0039	0.0514	0.0000	-0.0658	-0.0367	-0.0527	-0.0643	-0.0388	0.0420	0.2075	-0.0346	-0.1335	0.0655	0.0000	0.0000	0.0000	0.0000	0.0000	0.0062	0.0513	0.0000	0.2282	1.3368	0.4616	0.3598	0.8834	0.5627	0.3276	0.8961	0.3607	0.3326	1.2886	0.5246	0.3422	1.2851	0.4209	0.2498	0.8294	0.4090	0.2696	0.8216	0.5332	0.1930	0.4581	0.6540	0.1958	0.4636	0.2727	0.1987	0.0629	0.6964	0.1426	0.0810	0.2257	0.2041	0.4510	0.5979	0.2025	0.4515	0.3251	0.2169	0.0696	0.6596	0.1646	0.0790	0.2573	0.1636	0.0376	0.6383	0.1126	0.0507	0.2621	0.3389	0.0374	0.7007	0.2875	0.0360	0.2546	0.1951	0.9574	0.4815	0.2351	0.0763	0.6228	0.1867	0.0771	0.2890	0.2152	0.4439	0.5418	0.2091	0.4394	0.3775
57	0.57	0.3595	0.8835	0.5615	0.3277	0.8959	0.3621	0.2679	0.4503	0.6167	0.2605	0.4787	0.3064	0.2490	0.3880	0.6226	0.2346	0.3930	0.2918	0.2194	0.2062	0.7026	0.2463	0.1533	0.6840	0.2739	0.1566	0.7273	0.1866	0.2144	0.2213	0.2032	0.1526	0.2348	0.2311	0.1571	0.1915	0.3436	0.8897	0.4618	0.3436	0.8897	0.4618	0.2411	0.0375	0.6659	0.1899	0.0442	0.2588	0.2093	0.2965	0.6229	0.1871	0.3007	0.2977	0.0158	-0.0052	0.0382	0.0096	-0.0003	-0.0374	0.3374	1.2869	0.4727	0.2282	0.6575	0.3709	0.0078	0.0264	-0.0467	0.2397	0.6530	0.5627	0.0129	0.0334	0.0451	-0.0526	-0.0168	-0.0868	-0.0503	-0.0256	0.0754	0.1801	-0.0489	0.1550	0.0622	0.0000	0.0000	0.0000	0.0000	0.0000	0.0039	0.0514	0.0000	-0.0658	-0.0367	-0.0526	-0.0643	-0.0388	0.0420	0.2075	-0.0346	-0.1335	0.0655	0.0000	0.0000	0.0000	0.0000	0.0000	0.0062	0.0513	0.0000	0.2282	1.3368	0.4616	0.3598	0.8834	0.5628	0.3275	0.8960	0.3608	0.3326	1.2886	0.5246	0.3422	1.2851	0.4209	0.2497	0.8294	0.4091	0.2695	0.8216	0.5333	0.1929	0.4581	0.6540	0.1958	0.4636	0.2727	0.1987	0.0629	0.6964	0.1426	0.0810	0.2257	0.2040	0.4510	0.5979	0.2025	0.4515	0.3251	0.2169	0.0696	0.6596	0.1646	0.0791	0.2573	0.1636	0.0376	0.6383	0.1125	0.0508	0.2621	0.3388	0.0374	0.7007	0.2875	0.0360	0.2546	0.1951	0.9575	0.4815	0.2351	0.0764	0.6227	0.1867	0.0771	0.2890	0.2152	0.4439	0.5418	0.2091	0.4394	0.3776
58	0.58	0.3595	0.8835	0.5616	0.3277	0.8959	0.3622	0.2678	0.4503	0.6167	0.2605	0.4787	0.3064	0.2490	0.3880	0.6227	0.2346	0.3930	0.2919	0.2194	0.2062	0.7027	0.2462	0.1533	0.6840	0.2739	0.1566	0.7273	0.1866	0.2144	0.2213	0.2032	0.1526	0.2348	0.2311	0.1571	0.1915	0.3436	0.8897	0.4619	0.3436	0.8897	0.4619	0.2411	0.0375	0.6659	0.1899	0.0442	0.2588	0.2092	0.2966	0.6229	0.1871	0.3007	0.2977	0.0158	-0.0052	0.0382	0.0096	-0.0003	-0.0374	0.3374	1.2869	0.4728	0.2282	0.6575	0.3710	0.0078	0.0264	-0.0467	0.2397	0.6530	0.5628	0.0129	0.0334	0.0451	-0.0526	-0.0168	-0.0868	-0.0503	-0.0256	0.0754	0.1801	-0.0489	0.1550	0.0622	0.0000	0.0000	0.0000	0.0000	0.0000	0.0039	0.0514	0.0000	-0.0658	-0.0367	-0.0526	-0.0643	-0.0388	0.0420	0.2075	-0.0346	-0.1335	0.0655	0.0000	0.0000	0.0000	0.0000	0.0000	0.0062	0.0513	0.0000	0.2282	1.3368	0.4616	0.3597	0.8834	0.5629	0.3275	0.8960	0.3608	0.3326	1.2886	0.5246	0.3422	1.2851	0.4209	0.2497	0.8294	0.4092	0.2695	0.8217	0.5333	0.1929	0.4581	0.6541	0.1958	0.4636	0.2728	0.1987	0.0629	0.6965	0.1426	0.0810	0.2257	0.2040	0.4510	0.5980	0.2025	0.4515	0.3252	0.2169	0.0697	0.6596	0.1646	0.0791	0.2573	0.1636	0.0376	0.6383	0.1126	0.0508	0.2621	0.3388	0.0374	0.7007	0.2875	0.0360	0.2546	0.1951	0.9575	0.4816	0.2351	0.0764	0.6227	0.1867	0.0771	0.2890	0.2151	0.4439	0.5419	0.2091	0.4394	0.3776
59	0.59	0.3595	0.8835	0.5616	0.3277	0.8960	0.3623	0.2679	0.4504	0.6168	0.2606	0.4788	0.3065	0.2490	0.3881	0.6227	0.2347	0.3931	0.2919	0.2194	0.2062	0.7027	0.2463	0.1534	0.6840	0.2739	0.1566	0.7274	0.1866	0.2145	0.2213	0.2032	0.1526	0.2348	0.2311	0.1572	0.1915	0.3436	0.8897	0.4620	0.3436	0.8897	0.4620	0.2411	0.0376	0.6659	0.1899	0.0443	0.2588	0.2093	0.2966	0.6230	0.1872	0.3007	0.2977	0.0158	-0.0052	0.0382	0.0096	-0.0003	-0.0374	0.3374	1.2869	0.4728	0.2282	0.6575	0.3710	0.0078	0.0264	-0.0467	0.2397	0.6531	0.5628	0.0129	0.0334	0.0451	-0.0526	-0.0168	-0.0868	-0.0503	-0.0255	0.0755	0.1801	-0.0489	0.1551	0.0622	0.0000	0.0000	0.0000	0.0000	0.0000	0.0039	0.0514	0.0000	-0.0658	-0.0367	-0.0526	-0.0643	-0.0388	0.0420	0.2074	-0.0346	-0.1336	0.0655	0.0000	0.0000	0.0000	0.0000	0.0000	0.0062	0.0513	0.0000	0.2283	1.3369	0.4616	0.3597	0.8834	0.5630	0.3275	0.8960	0.3609	0.3327	1.2887	0.5246	0.3422	1.2851	0.4209	0.2496	0.8295	0.4093	0.2694	0.8217	0.5334	0.1929	0.4581	0.6541	0.1958	0.4637	0.2728	0.1988	0.0630	0.6965	0.1426	0.0811	0.2257	0.2040	0.4510	0.5980	0.2025	0.4516	0.3252	0.2169	0.0697	0.6596	0.1647	0.0791	0.2574	0.1636	0.0377	0.6383	0.1126	0.0509	0.2622	0.3389	0.0375	0.7007	0.2875	0.0361	0.2546	0.1951	0.9576	0.4816	0.2351	0.0764	0.6227	0.1867	0.0772	0.2890	0.2152	0.4440	0.5419	0.2091	0.4395	0.3776
60	0.60	0.3595	0.8835	0.5617	0.3277	0.8960	0.3623	0.2679	0.4504	0.6168	0.2606	0.4788	0.3065	0.2490	0.3881	0.6228	0.2347	0.3931	0.2920	0.2195	0.2062	0.7027	0.2463	0.1534	0.6840	0.2739	0.1566	0.7274	0.1866	0.2145	0.2213	0.2033	0.1526	0.2348	0.2311	0.1572	0.1915	0.3436	0.8897	0.4620	0.3436	0.8897	0.4620	0.2411	0.0376	0.6659	0.1899	0.0444	0.2588	0.2093	0.2966	0.6230	0.1872	0.3008	0.2978	0.0158	-0.0052	0.0381	0.0096	-0.0003	-0.0374	0.3375	1.2869	0.4728	0.2282	0.6576	0.3711	0.0078	0.0264	-0.0467	0.2397	0.6531	0.5629	0.0129	0.0334	0.0451	-0.0526	-0.0168	-0.0868	-0.0502	-0.0255	0.0755	0.1801	-0.0490	0.1551	0.0621	0.0000	0.0000	0.0000	0.0000	0.0000	0.0039	0.0514	0.0000	-0.0658	-0.0367	-0.0527	-0.0642	-0.0388	0.0420	0.2074	-0.0346	-0.1336	0.0654	0.0000	0.0000	0.0000	0.0000	0.0000	0.0062	0.0513	0.0000	0.2283	1.3370	0.4616	0.3597	0.8834	0.5631	0.3275	0.8960	0.3610	0.3327	1.2887	0.5246	0.3422	1.2851	0.4209	0.2496	0.8295	0.4093	0.2694	0.8218	0.5335	0.1929	0.4581	0.6542	0.1958	0.4637	0.2729	0.1988	0.0630	0.6965	0.1427	0.0812	0.2257	0.2041	0.4511	0.5981	0.2025	0.4516	0.3253	0.2169	0.0697	0.6596	0.1647	0.0792	0.2573	0.1636	0.0377	0.6383	0.1126	0.0509	0.2621	0.3389	0.0375	0.7007	0.2875	0.0361	0.2546	0.1951	0.9576	0.4817	0.2351	0.0764	0.6228	0.1868	0.0772	0.2890	0.2152	0.4440	0.5420	0.2092	0.4395	0.3776
61	0.61	0.3594	0.8835	0.5618	0.3277	0.8959	0.3624	0.2678	0.4504	0.6168	0.2606	0.4788	0.3066	0.2490	0.3881	0.6228	0.2347	0.3931	0.2920	0.2195	0.2062	0.7027	0.2463	0.1534	0.6840	0.2739	0.1566	0.7274	0.1866	0.2144	0.2214	0.2033	0.1526	0.2349	0.2311	0.1572	0.1915	0.3436	0.8897	0.4621	0.3436	0.8897	0.4621	0.2411	0.0376	0.6659	0.1899	0.0444	0.2588	0.2092	0.2966	0.6231	0.1872	0.3007	0.2978	0.0157	-0.0053	0.0380	0.0096	-0.0003	-0.0374	0.3375	1.2868	0.4728	0.2282	0.6575	0.3711	0.0078	0.0264	-0.0466	0.2396	0.6531	0.5629	0.0129	0.0334	0.0451	-0.0526	-0.0168	-0.0867	-0.0502	-0.0255	0.0755	0.1801	-0.0489	0.1550	0.0621	0.0000	0.0000	0.0000	0.0000	0.0000	0.0039	0.0514	0.0000	-0.0658	-0.0366	-0.0528	-0.0642	-0.0387	0.0420	0.2074	-0.0346	-0.1337	0.0654	0.0000	0.0000	0.0000	0.0000	0.0000	0.0062	0.0513	0.0000	0.2283	1.3370	0.4616	0.3596	0.8834	0.5631	0.3275	0.8960	0.3611	0.3327	1.2887	0.5246	0.3422	1.2850	0.4210	0.2496	0.8295	0.4094	0.2693	0.8217	0.5336	0.1929	0.4581	0.6542	0.1958	0.4637	0.2729	0.1988	0.0630	0.6965	0.1427	0.0812	0.2257	0.2040	0.4511	0.5981	0.2026	0.4516	0.3253	0.2169	0.0697	0.6597	0.1647	0.0792	0.2573	0.1636	0.0377	0.6383	0.1126	0.0510	0.2622	0.3389	0.0375	0.7007	0.2876	0.0361	0.2546	0.1951	0.9576	0.4817	0.2349	0.0763	0.6230	0.1868	0.0772	0.2890	0.2152	0.4440	0.5420	0.2093	0.4395	0.3777
62	0.62	0.3594	0.8835	0.5619	0.3277	0.8959	0.3625	0.2678	0.4504	0.6169	0.2605	0.4787	0.3066	0.2490	0.3881	0.6229	0.2347	0.3930	0.2921	0.2194	0.2062	0.7027	0.2462	0.1533	0.6841	0.2739	0.1566	0.7274	0.1866	0.2144	0.2214	0.2033	0.1526	0.2349	0.2311	0.1572	0.1916	0.3435	0.8897	0.4622	0.3435	0.8897	0.4622	0.2411	0.0376	0.6659	0.1899	0.0444	0.2588	0.2092	0.2966	0.6231	0.1872	0.3007	0.2978	0.0157	-0.0052	0.0381	0.0096	-0.0003	-0.0374	0.3375	1.2868	0.4728	0.2282	0.6575	0.3712	0.0078	0.0264	-0.0466	0.2396	0.6531	0.5630	0.0129	0.0335	0.0451	-0.0527	-0.0168	-0.0867	-0.0502	-0.0255	0.0755	0.1801	-0.0489	0.1550	0.0621	0.0000	0.0000	0.0000	0.0000	0.0000	0.0039	0.0514	0.0000	-0.0658	-0.0366	-0.0528	-0.0642	-0.0388	0.0420	0.2074	-0.0346	-0.1337	0.0654	0.0000	0.0000	0.0000	0.0000	0.0000	0.0062	0.0513	0.0000	0.2284	1.3370	0.4616	0.3596	0.8834	0.5632	0.3274	0.8959	0.3612	0.3327	1.2886	0.5247	0.3422	1.2849	0.4210	0.2495	0.8295	0.4095	0.2693	0.8217	0.5337	0.1928	0.4581	0.6543	0.1958	0.4636	0.2730	0.1988	0.0630	0.6965	0.1427	0.0811	0.2257	0.2040	0.4510	0.5982	0.2025	0.4515	0.3253	0.2169	0.0696	0.6598	0.1647	0.0791	0.2574	0.1636	0.0377	0.6383	0.1126	0.0509	0.2621	0.3389	0.0375	0.7007	0.2875	0.0361	0.2546	0.1951	0.9576	0.4817	0.2350	0.0763	0.6230	0.1868	0.0771	0.2890	0.2151	0.4440	0.5421	0.2093	0.4394	0.3777
63	0.63	0.3593	0.8835	0.5620	0.3277	0.8959	0.3626	0.2678	0.4504	0.6169	0.2605	0.4787	0.3066	0.2489	0.3881	0.6229	0.2347	0.3930	0.2921	0.2194	0.2062	0.7028	0.2462	0.1533	0.6841	0.2739	0.1566	0.7275	0.1866	0.2144	0.2214	0.2033	0.1526	0.2349	0.2311	0.1572	0.1916	0.3435	0.8897	0.4623	0.3435	0.8897	0.4623	0.2411	0.0376	0.6659	0.1899	0.0443	0.2589	0.2092	0.2966	0.6231	0.1872	0.3007	0.2978	0.0158	-0.0052	0.0381	0.0096	-0.0003	-0.0374	0.3375	1.2868	0.4729	0.2282	0.6575	0.3713	0.0078	0.0264	-0.0466	0.2396	0.6531	0.5631	0.0129	0.0334	0.0451	-0.0527	-0.0168	-0.0867	-0.0502	-0.0256	0.0755	0.1801	-0.0489	0.1551	0.0621	0.0000	0.0000	0.0000	0.0000	0.0000	0.0039	0.0514	0.0000	-0.0659	-0.0367	-0.0527	-0.0643	-0.0388	0.0420	0.2074	-0.0346	-0.1336	0.0654	0.0000	0.0000	0.0000	0.0000	0.0000	0.0062	0.0513	0.0000	0.2284	1.3369	0.4616	0.3596	0.8834	0.5633	0.3274	0.8959	0.3612	0.3327	1.2886	0.5247	0.3423	1.2849	0.4210	0.2496	0.8294	0.4096	0.2693	0.8217	0.5337	0.1928	0.4581	0.6543	0.1958	0.4636	0.2730	0.1988	0.0629	0.6965	0.1426	0.0811	0.2258	0.2040	0.4510	0.5982	0.2025	0.4515	0.3254	0.2169	0.0696	0.6597	0.1647	0.0791	0.2574	0.1636	0.0376	0.6384	0.1126	0.0509	0.2622	0.3389	0.0375	0.7007	0.2875	0.0360	0.2546	0.1950	0.9575	0.4818	0.2351	0.0763	0.6229	0.1868	0.0771	0.2890	0.2151	0.4440	0.5421	0.2093	0.4393	0.3777
64	0.64	0.3593	0.8835	0.5620	0.3277	0.8959	0.3626	0.2677	0.4503	0.6170	0.2606	0.4788	0.3067	0.2489	0.3880	0.6229	0.2347	0.3931	0.2921	0.2193	0.2061	0.7028	0.2462	0.1533	0.6841	0.2738	0.1566	0.7275	0.1866	0.2145	0.2214	0.2033	0.1526	0.2349	0.2311	0.1572	0.1916	0.3435	0.8897	0.4623	0.3435	0.8897	0.4623	0.2411	0.0375	0.6659	0.1899	0.0443	0.2589	0.2092	0.2966	0.6232	0.1872	0.3006	0.2979	0.0158	-0.0052	0.0382	0.0096	-0.0003	-0.0374	0.3376	1.2868	0.4729	0.2282	0.6574	0.3713	0.0078	0.0264	-0.0467	0.2396	0.6530	0.5631	0.0129	0.0334	0.0451	-0.0527	-0.0168	-0.0867	-0.0503	-0.0256	0.0754	0.1801	-0.0488	0.1551	0.0621	0.0000	0.0000	0.0000	0.0000	0.0000	0.0039	0.0514	0.0000	-0.0659	-0.0367	-0.0526	-0.0643	-0.0388	0.0420	0.2074	-0.0346	-0.1336	0.0654	0.0000	0.0000	0.0000	0.0000	0.0000	0.0062	0.0513	0.0000	0.2285	1.3369	0.4617	0.3595	0.8834	0.5634	0.3274	0.8959	0.3613	0.3328	1.2886	0.5247	0.3423	1.2849	0.4210	0.2496	0.8294	0.4096	0.2693	0.8217	0.5338	0.1928	0.4581	0.6544	0.1958	0.4636	0.2731	0.1987	0.0629	0.6965	0.1426	0.0811	0.2258	0.2039	0.4510	0.5983	0.2026	0.4515	0.3254	0.2169	0.0696	0.6597	0.1647	0.0791	0.2574	0.1636	0.0376	0.6384	0.1126	0.0508	0.2623	0.3389	0.0374	0.7007	0.2875	0.0360	0.2546	0.1950	0.9575	0.4819	0.2351	0.0764	0.6229	0.1868	0.0771	0.2890	0.2151	0.4439	0.5422	0.2093	0.4393	0.3778
65	0.65	0.3593	0.8835	0.5621	0.3276	0.8958	0.3627	0.2677	0.4503	0.6171	0.2605	0.4787	0.3067	0.2488	0.3880	0.6230	0.2347	0.3930	0.2921	0.2193	0.2061	0.7028	0.2461	0.1533	0.6842	0.2738	0.1565	0.7275	0.1866	0.2144	0.2215	0.2033	0.1526	0.2349	0.2311	0.1572	0.1916	0.3434	0.8897	0.4624	0.3434	0.8897	0.4624	0.2410	0.0375	0.6659	0.1899	0.0442	0.2589	0.2091	0.2966	0.6232	0.1872	0.3006	0.2979	0.0158	-0.0052	0.0382	0.0096	-0.0003	-0.0374	0.3375	1.2868	0.4729	0.2281	0.6574	0.3714	0.0078	0.0264	-0.0467	0.2395	0.6530	0.5632	0.0129	0.0335	0.0451	-0.0527	-0.0169	-0.0867	-0.0503	-0.0256	0.0755	0.1801	-0.0488	0.1551	0.0621	0.0000	0.0000	0.0000	0.0000	0.0000	0.0039	0.0514	0.0000	-0.0658	-0.0368	-0.0526	-0.0643	-0.0388	0.0420	0.2074	-0.0346	-0.1336	0.0654	0.0000	0.0000	0.0000	0.0000	0.0000	0.0062	0.0513	0.0000	0.2285	1.3369	0.4617	0.3595	0.8834	0.5634	0.3274	0.8959	0.3613	0.3328	1.2886	0.5247	0.3423	1.2849	0.4211	0.2495	0.8294	0.4097	0.2692	0.8217	0.5339	0.1927	0.4580	0.6544	0.1958	0.4636	0.2731	0.1987	0.0629	0.6965	0.1426	0.0810	0.2258	0.2039	0.4510	0.5983	0.2025	0.4514	0.3255	0.2169	0.0697	0.6597	0.1646	0.0790	0.2574	0.1636	0.0376	0.6384	0.1126	0.0507	0.2623	0.3388	0.0374	0.7007	0.2875	0.0360	0.2546	0.1950	0.9575	0.4819	0.2350	0.0764	0.6229	0.1867	0.0770	0.2891	0.2151	0.4439	0.5422	0.2092	0.4393	0.3778
66	0.66	0.3592	0.8835	0.5622	0.3275	0.8958	0.3627	0.2676	0.4503	0.6171	0.2605	0.4787	0.3067	0.2487	0.3880	0.6230	0.2346	0.3930	0.2922	0.2192	0.2061	0.7029	0.2460	0.1532	0.6842	0.2737	0.1565	0.7276	0.1866	0.2144	0.2215	0.2032	0.1526	0.2349	0.2311	0.1572	0.1916	0.3433	0.8897	0.4624	0.3433	0.8897	0.4624	0.2410	0.0375	0.6659	0.1899	0.0442	0.2589	0.2091	0.2965	0.6232	0.1871	0.3006	0.2979	0.0158	-0.0052	0.0381	0.0096	-0.0003	-0.0374	0.3375	1.2867	0.4729	0.2281	0.6574	0.3714	0.0078	0.0263	-0.0467	0.2394	0.6530	0.5632	0.0130	0.0335	0.0451	-0.0527	-0.0169	-0.0866	-0.0503	-0.0256	0.0755	0.1801	-0.0487	0.1550	0.0621	0.0000	0.0000	0.0000	0.0000	0.0000	0.0039	0.0514	0.0000	-0.0659	-0.0367	-0.0525	-0.0643	-0.0389	0.0421	0.2074	-0.0346	-0.1336	0.0654	0.0000	0.0000	0.0000	0.0000	0.0000	0.0062	0.0513	0.0000	0.2285	1.3369	0.4617	0.3594	0.8834	0.5635	0.3273	0.8959	0.3614	0.3327	1.2886	0.5248	0.3423	1.2849	0.4211	0.2494	0.8293	0.4097	0.2691	0.8217	0.5339	0.1926	0.4580	0.6545	0.1958	0.4636	0.2731	0.1986	0.0628	0.6966	0.1425	0.0810	0.2258	0.2038	0.4510	0.5984	0.2024	0.4514	0.3255	0.2168	0.0696	0.6597	0.1646	0.0790	0.2574	0.1635	0.0375	0.6384	0.1125	0.0507	0.2623	0.3388	0.0374	0.7007	0.2875	0.0360	0.2546	0.1949	0.9574	0.4819	0.2350	0.0763	0.6229	0.1866	0.0770	0.2891	0.2150	0.4440	0.5423	0.2091	0.4392	0.3779
67	0.67	0.3592	0.8836	0.5622	0.3275	0.8958	0.3628	0.2676	0.4503	0.6172	0.2605	0.4787	0.3068	0.2487	0.3880	0.6231	0.2346	0.3930	0.2922	0.2192	0.2061	0.7029	0.2460	0.1533	0.6842	0.2737	0.1565	0.7276	0.1866	0.2145	0.2215	0.2032	0.1526	0.2349	0.2311	0.1572	0.1916	0.3433	0.8897	0.4625	0.3433	0.8897	0.4625	0.2410	0.0375	0.6660	0.1899	0.0442	0.2589	0.2091	0.2965	0.6233	0.1871	0.3006	0.2980	0.0158	-0.0052	0.0382	0.0096	-0.0003	-0.0374	0.3376	1.2867	0.4729	0.2281	0.6574	0.3715	0.0077	0.0264	-0.0467	0.2394	0.6530	0.5633	0.0130	0.0334	0.0451	-0.0527	-0.0169	-0.0867	-0.0504	-0.0256	0.0755	0.1801	-0.0487	0.1551	0.0621	0.0000	0.0000	0.0000	0.0000	0.0000	0.0038	0.0514	0.0000	-0.0659	-0.0367	-0.0525	-0.0644	-0.0388	0.0420	0.2075	-0.0346	-0.1335	0.0654	0.0000	0.0000	0.0000	0.0000	0.0000	0.0062	0.0513	0.0000	0.2285	1.3369	0.4618	0.3594	0.8835	0.5635	0.3273	0.8959	0.3614	0.3328	1.2886	0.5248	0.3423	1.2849	0.4211	0.2494	0.8294	0.4098	0.2691	0.8217	0.5340	0.1926	0.4580	0.6545	0.1957	0.4636	0.2732	0.1987	0.0628	0.6966	0.1426	0.0810	0.2259	0.2038	0.4510	0.5984	0.2025	0.4514	0.3255	0.2169	0.0696	0.6598	0.1646	0.0790	0.2575	0.1635	0.0376	0.6385	0.1126	0.0507	0.2623	0.3388	0.0374	0.7007	0.2875	0.0360	0.2547	0.1949	0.9574	0.4820	0.2351	0.0764	0.6229	0.1867	0.0770	0.2891	0.2149	0.4440	0.5423	0.2092	0.4392	0.3779
68	0.68	0.3591	0.8836	0.5623	0.3275	0.8958	0.3628	0.2676	0.4503	0.6172	0.2605	0.4788	0.3068	0.2487	0.3880	0.6231	0.2347	0.3931	0.2922	0.2192	0.2061	0.7029	0.2461	0.1533	0.6842	0.2737	0.1565	0.7276	0.1866	0.2145	0.2215	0.2033	0.1526	0.2349	0.2311	0.1572	0.1916	0.3433	0.8897	0.4626	0.3433	0.8897	0.4626	0.2410	0.0375	0.6660	0.1899	0.0442	0.2589	0.2091	0.2965	0.6233	0.1872	0.3006	0.2980	0.0158	-0.0052	0.0381	0.0096	-0.0003	-0.0374	0.3376	1.2868	0.4730	0.2281	0.6574	0.3715	0.0077	0.0264	-0.0467	0.2394	0.6531	0.5634	0.0130	0.0334	0.0451	-0.0527	-0.0169	-0.0867	-0.0503	-0.0256	0.0755	0.1800	-0.0487	0.1551	0.0621	0.0000	0.0000	0.0000	0.0000	0.0000	0.0038	0.0514	0.0000	-0.0659	-0.0367	-0.0526	-0.0643	-0.0388	0.0420	0.2074	-0.0346	-0.1336	0.0654	0.0000	0.0000	0.0000	0.0000	0.0000	0.0062	0.0513	0.0000	0.2286	1.3369	0.4618	0.3594	0.8835	0.5636	0.3273	0.8959	0.3615	0.3329	1.2886	0.5248	0.3424	1.2849	0.4211	0.2494	0.8294	0.4099	0.2691	0.8218	0.5340	0.1926	0.4580	0.6546	0.1958	0.4636	0.2732	0.1987	0.0629	0.6966	0.1426	0.0811	0.2259	0.2038	0.4510	0.5984	0.2025	0.4514	0.3256	0.2169	0.0696	0.6598	0.1647	0.0791	0.2575	0.1635	0.0376	0.6385	0.1126	0.0507	0.2623	0.3388	0.0374	0.7007	0.2875	0.0360	0.2546	0.1949	0.9575	0.4821	0.2350	0.0763	0.6230	0.1867	0.0771	0.2891	0.2149	0.4440	0.5423	0.2093	0.4392	0.3779
69	0.69	0.3591	0.8835	0.5624	0.3275	0.8958	0.3629	0.2676	0.4504	0.6172	0.2605	0.4787	0.3068	0.2487	0.3881	0.6232	0.2346	0.3930	0.2923	0.2192	0.2061	0.7029	0.2461	0.1533	0.6842	0.2737	0.1566	0.7276	0.1866	0.2144	0.2215	0.2033	0.1526	0.2350	0.2311	0.1572	0.1917	0.3433	0.8896	0.4626	0.3433	0.8896	0.4626	0.2410	0.0375	0.6659	0.1899	0.0443	0.2589	0.2090	0.2966	0.6233	0.1872	0.3006	0.2980	0.0157	-0.0052	0.0381	0.0096	-0.0003	-0.0374	0.3376	1.2867	0.4730	0.2280	0.6574	0.3716	0.0078	0.0264	-0.0466	0.2393	0.6531	0.5634	0.0129	0.0335	0.0451	-0.0527	-0.0169	-0.0867	-0.0502	-0.0255	0.0755	0.1800	-0.0488	0.1551	0.0621	0.0000	0.0000	0.0000	0.0000	0.0000	0.0039	0.0514	0.0000	-0.0659	-0.0367	-0.0527	-0.0643	-0.0388	0.0421	0.2073	-0.0347	-0.1337	0.0654	0.0000	0.0000	0.0000	0.0000	0.0000	0.0062	0.0513	0.0000	0.2286	1.3370	0.4617	0.3593	0.8835	0.5637	0.3273	0.8958	0.3616	0.3329	1.2886	0.5248	0.3424	1.2849	0.4212	0.2493	0.8294	0.4100	0.2690	0.8218	0.5341	0.1926	0.4581	0.6546	0.1958	0.4636	0.2733	0.1987	0.0629	0.6966	0.1426	0.0811	0.2258	0.2038	0.4510	0.5985	0.2025	0.4514	0.3256	0.2168	0.0696	0.6599	0.1647	0.0791	0.2575	0.1635	0.0376	0.6384	0.1126	0.0508	0.2623	0.3388	0.0374	0.7007	0.2875	0.0360	0.2546	0.1949	0.9575	0.4821	0.2349	0.0763	0.6231	0.1868	0.0771	0.2891	0.2149	0.4440	0.5424	0.2093	0.4392	0.3779
70	0.70	0.3590	0.8835	0.5624	0.3274	0.8957	0.3630	0.2676	0.4504	0.6173	0.2605	0.4787	0.3069	0.2487	0.3881	0.6232	0.2346	0.3930	0.2923	0.2192	0.2061	0.7030	0.2461	0.1533	0.6842	0.2738	0.1566	0.7276	0.1866	0.2144	0.2215	0.2033	0.1526	0.2350	0.2311	0.1572	0.1917	0.3432	0.8896	0.4627	0.3432	0.8896	0.4627	0.2411	0.0376	0.6659	0.1899	0.0443	0.2589	0.2091	0.2966	0.6234	0.1872	0.3006	0.2980	0.0157	-0.0052	0.0381	0.0096	-0.0003	-0.0374	0.3376	1.2867	0.4730	0.2280	0.6574	0.3716	0.0078	0.0264	-0.0466	0.2393	0.6531	0.5635	0.0129	0.0335	0.0451	-0.0527	-0.0168	-0.0867	-0.0502	-0.0255	0.0755	0.1800	-0.0488	0.1551	0.0621	0.0000	0.0000	0.0000	0.0000	0.0000	0.0039	0.0514	0.0000	-0.0659	-0.0367	-0.0527	-0.0642	-0.0387	0.0420	0.2073	-0.0347	-0.1337	0.0654	0.0000	0.0000	0.0000	0.0000	0.0000	0.0062	0.0513	0.0000	0.2286	1.3370	0.4617	0.3592	0.8834	0.5638	0.3272	0.8958	0.3616	0.3329	1.2886	0.5249	0.3424	1.2848	0.4212	0.2492	0.8294	0.4100	0.2689	0.8218	0.5342	0.1926	0.4581	0.6547	0.1957	0.4636	0.2733	0.1987	0.0629	0.6966	0.1427	0.0811	0.2258	0.2037	0.4511	0.5985	0.2025	0.4514	0.3256	0.2169	0.0696	0.6598	0.1647	0.0791	0.2575	0.1636	0.0377	0.6384	0.1126	0.0509	0.2622	0.3389	0.0375	0.7007	0.2876	0.0360	0.2546	0.1949	0.9576	0.4821	0.2350	0.0763	0.6231	0.1868	0.0771	0.2891	0.2149	0.4440	0.5424	0.2093	0.4393	0.3779
71	0.71	0.3590	0.8835	0.5625	0.3274	0.8957	0.3630	0.2676	0.4505	0.6173	0.2605	0.4787	0.3069	0.2488	0.3882	0.6232	0.2346	0.3930	0.2923	0.2193	0.2062	0.7030	0.2461	0.1534	0.6843	0.2738	0.1566	0.7276	0.1866	0.2145	0.2215	0.2033	0.1526	0.2350	0.2311	0.1572	0.1917	0.3432	0.8896	0.4628	0.3432	0.8896	0.4628	0.2411	0.0376	0.6659	0.1900	0.0444	0.2589	0.2091	0.2966	0.6234	0.1873	0.3007	0.2980	0.0157	-0.0052	0.0381	0.0096	-0.0003	-0.0374	0.3377	1.2868	0.4731	0.2280	0.6574	0.3717	0.0078	0.0264	-0.0466	0.2393	0.6531	0.5635	0.0129	0.0335	0.0451	-0.0526	-0.0168	-0.0867	-0.0502	-0.0255	0.0755	0.1800	-0.0489	0.1552	0.0621	0.0000	0.0000	0.0000	0.0000	0.0000	0.0038	0.0514	0.0000	-0.0659	-0.0367	-0.0527	-0.0642	-0.0387	0.0420	0.2073	-0.0347	-0.1337	0.0655	0.0000	0.0000	0.0000	0.0000	0.0000	0.0062	0.0513	0.0000	0.2286	1.3371	0.4618	0.3592	0.8835	0.5638	0.3272	0.8958	0.3617	0.3329	1.2887	0.5249	0.3424	1.2849	0.4212	0.2492	0.8294	0.4101	0.2689	0.8218	0.5343	0.1926	0.4581	0.6547	0.1957	0.4636	0.2734	0.1988	0.0629	0.6966	0.1427	0.0812	0.2258	0.2037	0.4511	0.5986	0.2026	0.4514	0.3257	0.2169	0.0696	0.6598	0.1648	0.0791	0.2575	0.1636	0.0377	0.6384	0.1126	0.0509	0.2623	0.3389	0.0375	0.7007	0.2876	0.0361	0.2546	0.1949	0.9576	0.4822	0.2351	0.0763	0.6230	0.1869	0.0771	0.2891	0.2149	0.4440	0.5425	0.2094	0.4393	0.3779
72	0.72	0.3590	0.8836	0.5626	0.3275	0.8957	0.3631	0.2675	0.4505	0.6173	0.2605	0.4787	0.3070	0.2487	0.3882	0.6232	0.2346	0.3931	0.2924	0.2192	0.2062	0.7030	0.2461	0.1534	0.6843	0.2737	0.1566	0.7276	0.1866	0.2145	0.2216	0.2033	0.1526	0.2350	0.2311	0.1573	0.1917	0.3432	0.8896	0.4628	0.3432	0.8896	0.4628	0.2411	0.0376	0.6659	0.1899	0.0444	0.2589	0.2091	0.2966	0.6234	0.1872	0.3007	0.2981	0.0157	-0.0052	0.0381	0.0096	-0.0003	-0.0374	0.3377	1.2868	0.4731	0.2280	0.6574	0.3717	0.0078	0.0264	-0.0466	0.2393	0.6531	0.5635	0.0129	0.0336	0.0451	-0.0526	-0.0168	-0.0868	-0.0501	-0.0255	0.0755	0.1800	-0.0488	0.1552	0.0621	0.0000	0.0000	0.0000	0.0000	0.0000	0.0038	0.0514	0.0000	-0.0659	-0.0367	-0.0527	-0.0642	-0.0388	0.0420	0.2073	-0.0346	-0.1337	0.0654	0.0000	0.0000	0.0000	0.0000	0.0000	0.0062	0.0513	0.0000	0.2286	1.3371	0.4618	0.3592	0.8835	0.5639	0.3272	0.8958	0.3617	0.3329	1.2887	0.5249	0.3425	1.2849	0.4213	0.2493	0.8294	0.4101	0.2689	0.8219	0.5343	0.1925	0.4581	0.6547	0.1957	0.4636	0.2734	0.1987	0.0630	0.6966	0.1427	0.0812	0.2258	0.2038	0.4511	0.5986	0.2026	0.4514	0.3257	0.2169	0.0697	0.6598	0.1648	0.0792	0.2575	0.1636	0.0377	0.6384	0.1126	0.0510	0.2623	0.3389	0.0375	0.7007	0.2876	0.0361	0.2546	0.1948	0.9577	0.4822	0.2351	0.0764	0.6230	0.1868	0.0771	0.2891	0.2151	0.4440	0.5424	0.2094	0.4393	0.3780
73	0.73	0.3589	0.8836	0.5626	0.3274	0.8957	0.3631	0.2675	0.4504	0.6174	0.2605	0.4787	0.3070	0.2486	0.3881	0.6233	0.2346	0.3930	0.2924	0.2192	0.2061	0.7030	0.2460	0.1533	0.6843	0.2737	0.1566	0.7277	0.1865	0.2144	0.2216	0.2033	0.1526	0.2350	0.2310	0.1573	0.1917	0.3432	0.8896	0.4629	0.3432	0.8896	0.4629	0.2410	0.0376	0.6659	0.1899	0.0443	0.2589	0.2092	0.2965	0.6234	0.1872	0.3006	0.2981	0.0158	-0.0052	0.0381	0.0096	-0.0003	-0.0374	0.3377	1.2868	0.4731	0.2280	0.6574	0.3718	0.0077	0.0264	-0.0466	0.2393	0.6531	0.5636	0.0130	0.0338	0.0451	-0.0526	-0.0168	-0.0867	-0.0502	-0.0255	0.0755	0.1800	-0.0488	0.1552	0.0621	0.0000	0.0000	0.0000	0.0000	0.0000	0.0039	0.0514	0.0000	-0.0659	-0.0367	-0.0527	-0.0642	-0.0388	0.0421	0.2074	-0.0346	-0.1337	0.0654	0.0000	0.0000	0.0000	0.0000	0.0000	0.0062	0.0513	0.0000	0.2286	1.3370	0.4618	0.3591	0.8835	0.5639	0.3272	0.8957	0.3618	0.3329	1.2887	0.5249	0.3425	1.2849	0.4213	0.2492	0.8294	0.4102	0.2688	0.8218	0.5344	0.1925	0.4581	0.6547	0.1957	0.4636	0.2735	0.1987	0.0629	0.6966	0.1426	0.0811	0.2259	0.2040	0.4510	0.5985	0.2025	0.4514	0.3258	0.2169	0.0696	0.6598	0.1647	0.0791	0.2575	0.1636	0.0376	0.6384	0.1126	0.0509	0.2623	0.3389	0.0375	0.7007	0.2875	0.0361	0.2546	0.1948	0.9576	0.4822	0.2351	0.0763	0.6230	0.1868	0.0771	0.2891	0.2154	0.4439	0.5423	0.2093	0.4392	0.3780
74	0.74	0.3589	0.8836	0.5627	0.3274	0.8956	0.3631	0.2674	0.4503	0.6174	0.2604	0.4787	0.3070	0.2485	0.3880	0.6233	0.2346	0.3930	0.2924	0.2191	0.2060	0.7030	0.2460	0.1532	0.6843	0.2736	0.1565	0.7277	0.1865	0.2144	0.2216	0.2032	0.1526	0.2350	0.2310	0.1572	0.1917	0.3431	0.8896	0.4629	0.3431	0.8896	0.4629	0.2410	0.0375	0.6660	0.1899	0.0442	0.2590	0.2092	0.2965	0.6234	0.1871	0.3005	0.2982	0.0158	-0.0052	0.0381	0.0096	-0.0003	-0.0374	0.3377	1.2867	0.4732	0.2279	0.6573	0.3718	0.0077	0.0264	-0.0467	0.2393	0.6531	0.5636	0.0130	0.0338	0.0451	-0.0527	-0.0169	-0.0867	-0.0503	-0.0256	0.0755	0.1800	-0.0487	0.1551	0.0621	0.0000	0.0000	0.0000	0.0000	0.0000	0.0038	0.0514	0.0000	-0.0659	-0.0367	-0.0526	-0.0643	-0.0388	0.0421	0.2074	-0.0346	-0.1337	0.0654	0.0000	0.0000	0.0000	0.0000	0.0000	0.0062	0.0513	0.0000	0.2286	1.3369	0.4619	0.3591	0.8835	0.5640	0.3272	0.8957	0.3618	0.3329	1.2886	0.5250	0.3425	1.2849	0.4213	0.2492	0.8293	0.4102	0.2688	0.8218	0.5344	0.1924	0.4580	0.6548	0.1957	0.4635	0.2735	0.1987	0.0628	0.6966	0.1426	0.0810	0.2259	0.2039	0.4509	0.5985	0.2024	0.4513	0.3258	0.2169	0.0695	0.6599	0.1646	0.0790	0.2575	0.1635	0.0375	0.6385	0.1126	0.0507	0.2624	0.3388	0.0374	0.7007	0.2875	0.0360	0.2547	0.1948	0.9575	0.4823	0.2350	0.0763	0.6231	0.1867	0.0770	0.2891	0.2155	0.4439	0.5423	0.2092	0.4391	0.3781
75	0.75	0.3588	0.8836	0.5627	0.3273	0.8956	0.3632	0.2673	0.4503	0.6175	0.2604	0.4787	0.3071	0.2484	0.3880	0.6234	0.2346	0.3930	0.2924	0.2190	0.2060	0.7031	0.2459	0.1532	0.6844	0.2736	0.1565	0.7277	0.1865	0.2144	0.2216	0.2032	0.1526	0.2350	0.2310	0.1572	0.1917	0.3431	0.8896	0.4630	0.3431	0.8896	0.4630	0.2410	0.0374	0.6660	0.1899	0.0441	0.2590	0.2091	0.2965	0.6234	0.1871	0.3005	0.2982	0.0158	-0.0052	0.0381	0.0096	-0.0003	-0.0374	0.3377	1.2868	0.4732	0.2279	0.6573	0.3719	0.0077	0.0264	-0.0467	0.2393	0.6531	0.5636	0.0130	0.0339	0.0451	-0.0527	-0.0169	-0.0866	-0.0503	-0.0257	0.0755	0.1801	-0.0486	0.1551	0.0621	0.0000	0.0000	0.0000	0.0000	0.0000	0.0038	0.0514	0.0000	-0.0659	-0.0367	-0.0525	-0.0643	-0.0389	0.0421	0.2074	-0.0346	-0.1336	0.0655	0.0000	0.0000	0.0000	0.0000	0.0000	0.0061	0.0513	0.0000	0.2286	1.3368	0.4619	0.3591	0.8836	0.5640	0.3271	0.8957	0.3619	0.3329	1.2886	0.5251	0.3425	1.2849	0.4213	0.2492	0.8293	0.4103	0.2688	0.8218	0.5345	0.1923	0.4580	0.6548	0.1956	0.4635	0.2735	0.1986	0.0628	0.6967	0.1425	0.0810	0.2260	0.2039	0.4509	0.5986	0.2024	0.4513	0.3259	0.2168	0.0696	0.6599	0.1646	0.0790	0.2576	0.1635	0.0375	0.6385	0.1126	0.0506	0.2624	0.3388	0.0374	0.7007	0.2875	0.0360	0.2547	0.1948	0.9574	0.4823	0.2350	0.0764	0.6230	0.1867	0.0769	0.2892	0.2154	0.4439	0.5423	0.2091	0.4391	0.3782
76	0.76	0.3588	0.8837	0.5628	0.3273	0.8956	0.3632	0.2673	0.4503	0.6175	0.2604	0.4787	0.3071	0.2484	0.3880	0.6234	0.2345	0.3930	0.2925	0.2190	0.2061	0.7031	0.2459	0.1532	0.6844	0.2736	0.1565	0.7277	0.1865	0.2145	0.2217	0.2032	0.1526	0.2350	0.2310	0.1573	0.1917	0.3431	0.8897	0.4630	0.3431	0.8897	0.4630	0.2410	0.0375	0.6660	0.1899	0.0441	0.2590	0.2091	0.2965	0.6234	0.1871	0.3005	0.2982	0.0158	-0.0052	0.0381	0.0096	-0.0003	-0.0374	0.3377	1.2868	0.4732	0.2279	0.6573	0.3719	0.0077	0.0263	-0.0467	0.2393	0.6531	0.5637	0.0130	0.0339	0.0451	-0.0527	-0.0169	-0.0866	-0.0503	-0.0257	0.0755	0.1801	-0.0486	0.1551	0.0621	0.0000	0.0000	0.0000	0.0000	0.0000	0.0038	0.0514	0.0000	-0.0659	-0.0367	-0.0525	-0.0643	-0.0389	0.0421	0.2074	-0.0346	-0.1337	0.0655	0.0000	0.0000	0.0000	0.0000	0.0000	0.0061	0.0513	0.0000	0.2286	1.3368	0.4619	0.3590	0.8836	0.5641	0.3271	0.8957	0.3620	0.3330	1.2887	0.5251	0.3425	1.2850	0.4213	0.2492	0.8293	0.4103	0.2688	0.8218	0.5345	0.1923	0.4580	0.6549	0.1956	0.4635	0.2736	0.1986	0.0628	0.6966	0.1425	0.0810	0.2260	0.2039	0.4509	0.5986	0.2023	0.4513	0.3259	0.2168	0.0696	0.6599	0.1646	0.0790	0.2576	0.1635	0.0375	0.6385	0.1126	0.0506	0.2624	0.3388	0.0374	0.7007	0.2875	0.0360	0.2547	0.1947	0.9575	0.4824	0.2350	0.0764	0.6231	0.1867	0.0770	0.2892	0.2154	0.4439	0.5423	0.2091	0.4391	0.3782
77	0.77	0.3588	0.8837	0.5629	0.3273	0.8956	0.3633	0.2673	0.4504	0.6175	0.2604	0.4786	0.3071	0.2484	0.3880	0.6234	0.2345	0.3930	0.2925	0.2190	0.2061	0.7031	0.2459	0.1533	0.6844	0.2736	0.1565	0.7277	0.1865	0.2144	0.2217	0.2032	0.1526	0.2351	0.2310	0.1572	0.1918	0.3431	0.8897	0.4631	0.3431	0.8897	0.4631	0.2410	0.0375	0.6660	0.1899	0.0442	0.2590	0.2091	0.2965	0.6235	0.1871	0.3005	0.2982	0.0158	-0.0052	0.0381	0.0096	-0.0003	-0.0374	0.3377	1.2869	0.4732	0.2279	0.6573	0.3720	0.0077	0.0264	-0.0466	0.2392	0.6531	0.5637	0.0130	0.0339	0.0451	-0.0527	-0.0169	-0.0867	-0.0503	-0.0256	0.0755	0.1800	-0.0487	0.1551	0.0621	0.0000	0.0000	0.0000	0.0000	0.0000	0.0038	0.0514	0.0000	-0.0659	-0.0367	-0.0526	-0.0643	-0.0389	0.0421	0.2074	-0.0346	-0.1337	0.0654	0.0000	0.0000	0.0000	0.0000	0.0000	0.0061	0.0513	0.0000	0.2286	1.3369	0.4619	0.3590	0.8836	0.5642	0.3271	0.8957	0.3620	0.3330	1.2887	0.5251	0.3425	1.2850	0.4214	0.2492	0.8293	0.4104	0.2688	0.8219	0.5346	0.1923	0.4580	0.6549	0.1956	0.4635	0.2736	0.1986	0.0628	0.6967	0.1426	0.0810	0.2260	0.2039	0.4509	0.5986	0.2024	0.4513	0.3259	0.2168	0.0696	0.6599	0.1646	0.0790	0.2576	0.1635	0.0375	0.6385	0.1126	0.0507	0.2624	0.3388	0.0374	0.7007	0.2875	0.0360	0.2546	0.1947	0.9575	0.4824	0.2350	0.0763	0.6231	0.1867	0.0770	0.2892	0.2154	0.4439	0.5424	0.2091	0.4391	0.3782
78	0.78	0.3587	0.8837	0.5629	0.3273	0.8956	0.3634	0.2673	0.4504	0.6175	0.2603	0.4786	0.3072	0.2484	0.3881	0.6234	0.2345	0.3930	0.2925	0.2190	0.2061	0.7031	0.2459	0.1533	0.6844	0.2736	0.1565	0.7277	0.1865	0.2144	0.2217	0.2032	0.1526	0.2351	0.2310	0.1572	0.1918	0.3430	0.8897	0.4632	0.3430	0.8897	0.4632	0.2410	0.0375	0.6660	0.1899	0.0442	0.2589	0.2091	0.2965	0.6235	0.1871	0.3005	0.2982	0.0158	-0.0053	0.0380	0.0096	-0.0003	-0.0374	0.3378	1.2869	0.4733	0.2278	0.6573	0.3720	0.0077	0.0264	-0.0466	0.2392	0.6531	0.5638	0.0130	0.0339	0.0451	-0.0526	-0.0168	-0.0867	-0.0502	-0.0256	0.0755	0.1800	-0.0487	0.1551	0.0621	0.0000	0.0000	0.0000	0.0000	0.0000	0.0038	0.0514	0.0000	-0.0658	-0.0366	-0.0527	-0.0642	-0.0388	0.0420	0.2074	-0.0346	-0.1337	0.0654	0.0000	0.0000	0.0000	0.0000	0.0000	0.0062	0.0513	0.0000	0.2285	1.3369	0.4619	0.3590	0.8836	0.5642	0.3271	0.8957	0.3621	0.3330	1.2888	0.5252	0.3425	1.2850	0.4214	0.2491	0.8293	0.4105	0.2687	0.8219	0.5347	0.1923	0.4580	0.6549	0.1956	0.4635	0.2737	0.1987	0.0629	0.6968	0.1426	0.0810	0.2259	0.2038	0.4510	0.5987	0.2024	0.4513	0.3259	0.2168	0.0696	0.6600	0.1647	0.0790	0.2575	0.1635	0.0376	0.6385	0.1126	0.0507	0.2623	0.3388	0.0374	0.7007	0.2875	0.0360	0.2546	0.1947	0.9576	0.4824	0.2348	0.0763	0.6232	0.1867	0.0770	0.2892	0.2154	0.4439	0.5424	0.2092	0.4391	0.3782
79	0.79	0.3587	0.8838	0.5630	0.3273	0.8957	0.3634	0.2672	0.4504	0.6176	0.2603	0.4786	0.3072	0.2484	0.3881	0.6235	0.2345	0.3930	0.2926	0.2190	0.2061	0.7031	0.2460	0.1533	0.6844	0.2736	0.1566	0.7277	0.1865	0.2144	0.2217	0.2032	0.1526	0.2351	0.2310	0.1573	0.1918	0.3430	0.8897	0.4632	0.3430	0.8897	0.4632	0.2410	0.0375	0.6660	0.1899	0.0443	0.2589	0.2091	0.2965	0.6236	0.1871	0.3006	0.2983	0.0157	-0.0053	0.0381	0.0096	-0.0003	-0.0374	0.3378	1.2870	0.4733	0.2278	0.6574	0.3721	0.0078	0.0264	-0.0466	0.2392	0.6532	0.5638	0.0130	0.0339	0.0451	-0.0525	-0.0166	-0.0867	-0.0502	-0.0256	0.0755	0.1800	-0.0488	0.1552	0.0621	0.0000	0.0000	0.0000	0.0000	0.0000	0.0038	0.0514	0.0000	-0.0657	-0.0365	-0.0528	-0.0642	-0.0388	0.0420	0.2074	-0.0346	-0.1337	0.0654	0.0000	0.0000	0.0000	0.0000	0.0000	0.0062	0.0513	0.0000	0.2285	1.3370	0.4619	0.3589	0.8837	0.5643	0.3271	0.8957	0.3621	0.3331	1.2889	0.5252	0.3425	1.2851	0.4214	0.2491	0.8294	0.4105	0.2687	0.8220	0.5347	0.1923	0.4581	0.6550	0.1956	0.4635	0.2737	0.1987	0.0630	0.6969	0.1426	0.0811	0.2259	0.2038	0.4510	0.5987	0.2024	0.4513	0.3260	0.2168	0.0696	0.6601	0.1647	0.0791	0.2575	0.1635	0.0376	0.6385	0.1126	0.0508	0.2623	0.3388	0.0375	0.7007	0.2875	0.0360	0.2546	0.1947	0.9576	0.4824	0.2348	0.0763	0.6233	0.1868	0.0770	0.2892	0.2153	0.4439	0.5425	0.2092	0.4391	0.3783
80	0.80	0.3587	0.8838	0.5630	0.3273	0.8957	0.3635	0.2673	0.4505	0.6176	0.2604	0.4787	0.3073	0.2485	0.3882	0.6235	0.2345	0.3930	0.2926	0.2191	0.2061	0.7031	0.2460	0.1534	0.6844	0.2736	0.1566	0.7278	0.1865	0.2145	0.2217	0.2032	0.1526	0.2351	0.2310	0.1573	0.1918	0.3430	0.8898	0.4632	0.3430	0.8898	0.4632	0.2410	0.0376	0.6660	0.1900	0.0443	0.2589	0.2091	0.2966	0.6236	0.1872	0.3006	0.2983	0.0157	-0.0053	0.0380	0.0096	-0.0003	-0.0374	0.3379	1.2871	0.4733	0.2279	0.6574	0.3721	0.0078	0.0264	-0.0466	0.2392	0.6532	0.5639	0.0130	0.0339	0.0451	-0.0526	-0.0168	-0.0867	-0.0502	-0.0255	0.0755	0.1800	-0.0488	0.1552	0.0621	0.0000	0.0000	0.0000	0.0000	0.0000	0.0038	0.0514	0.0000	-0.0658	-0.0366	-0.0528	-0.0642	-0.0388	0.0420	0.2073	-0.0347	-0.1337	0.0654	0.0000	0.0000	0.0000	0.0000	0.0000	0.0062	0.0513	0.0000	0.2285	1.3370	0.4620	0.3589	0.8838	0.5643	0.3271	0.8958	0.3622	0.3332	1.2890	0.5252	0.3426	1.2852	0.4214	0.2491	0.8294	0.4106	0.2687	0.8220	0.5348	0.1923	0.4581	0.6550	0.1956	0.4635	0.2737	0.1987	0.0629	0.6967	0.1427	0.0811	0.2259	0.2038	0.4510	0.5987	0.2024	0.4514	0.3260	0.2168	0.0696	0.6600	0.1647	0.0791	0.2575	0.1635	0.0376	0.6385	0.1126	0.0508	0.2623	0.3389	0.0375	0.7007	0.2876	0.0361	0.2546	0.1947	0.9577	0.4825	0.2348	0.0763	0.6233	0.1868	0.0771	0.2892	0.2154	0.4439	0.5425	0.2092	0.4392	0.3783
81	0.81	0.3587	0.8839	0.5631	0.3273	0.8957	0.3636	0.2672	0.4505	0.6177	0.2604	0.4786	0.3073	0.2485	0.3882	0.6235	0.2345	0.3930	0.2926	0.2191	0.2061	0.7031	0.2460	0.1534	0.6844	0.2736	0.1566	0.7278	0.1865	0.2144	0.2217	0.2032	0.1526	0.2351	0.2310	0.1573	0.1918	0.3430	0.8898	0.4633	0.3430	0.8898	0.4633	0.2410	0.0376	0.6660	0.1899	0.0443	0.2589	0.2091	0.2966	0.6236	0.1872	0.3006	0.2983	0.0157	-0.0053	0.0381	0.0096	-0.0003	-0.0374	0.3379	1.2872	0.4733	0.2279	0.6574	0.3721	0.0078	0.0264	-0.0466	0.2391	0.6532	0.5639	0.0130	0.0339	0.0451	-0.0526	-0.0168	-0.0867	-0.0502	-0.0255	0.0755	0.1800	-0.0488	0.1552	0.0621	0.0000	0.0000	0.0000	0.0000	0.0000	0.0038	0.0514	0.0000	-0.0659	-0.0367	-0.0527	-0.0642	-0.0388	0.0420	0.2074	-0.0347	-0.1337	0.0654	0.0000	0.0000	0.0000	0.0000	0.0000	0.0062	0.0513	0.0000	0.2285	1.3371	0.4620	0.3589	0.8838	0.5644	0.3271	0.8958	0.3622	0.3332	1.2890	0.5253	0.3426	1.2853	0.4214	0.2491	0.8294	0.4106	0.2686	0.8221	0.5349	0.1922	0.4581	0.6550	0.1956	0.4635	0.2738	0.1987	0.0629	0.6967	0.1427	0.0811	0.2259	0.2038	0.4510	0.5988	0.2024	0.4513	0.3260	0.2168	0.0696	0.6599	0.1647	0.0791	0.2576	0.1635	0.0376	0.6385	0.1126	0.0509	0.2623	0.3389	0.0375	0.7007	0.2876	0.0361	0.2546	0.1947	0.9577	0.4825	0.2349	0.0763	0.6232	0.1868	0.0771	0.2892	0.2154	0.4440	0.5425	0.2092	0.4392	0.3783
82	0.82	0.3586	0.8840	0.5631	0.3272	0.8958	0.3636	0.2672	0.4505	0.6177	0.2603	0.4786	0.3074	0.2484	0.3882	0.6236	0.2345	0.3930	0.2927	0.2190	0.2061	0.7032	0.2459	0.1533	0.6844	0.2736	0.1566	0.7278	0.1865	0.2144	0.2217	0.2032	0.1526	0.2351	0.2310	0.1573	0.1918	0.3429	0.8899	0.4634	0.3429	0.8899	0.4634	0.2410	0.0376	0.6660	0.1899	0.0443	0.2589	0.2090	0.2965	0.6236	0.1871	0.3006	0.2983	0.0157	-0.0053	0.0380	0.0096	-0.0003	-0.0374	0.3379	1.2872	0.4734	0.2278	0.6574	0.3722	0.0077	0.0264	-0.0466	0.2391	0.6533	0.5640	0.0130	0.0339	0.0451	-0.0526	-0.0169	-0.0867	-0.0502	-0.0255	0.0755	0.1800	-0.0487	0.1552	0.0621	0.0000	0.0000	0.0000	0.0000	0.0000	0.0038	0.0514	0.0000	-0.0658	-0.0367	-0.0528	-0.0642	-0.0388	0.0420	0.2074	-0.0347	-0.1337	0.0654	0.0000	0.0000	0.0000	0.0000	0.0000	0.0062	0.0513	0.0000	0.2285	1.3371	0.4620	0.3588	0.8839	0.5645	0.3270	0.8958	0.3623	0.3333	1.2891	0.5253	0.3426	1.2854	0.4214	0.2491	0.8294	0.4107	0.2686	0.8221	0.5349	0.1922	0.4581	0.6551	0.1956	0.4636	0.2738	0.1986	0.0629	0.6967	0.1426	0.0811	0.2260	0.2038	0.4510	0.5988	0.2024	0.4513	0.3261	0.2167	0.0696	0.6600	0.1647	0.0791	0.2576	0.1635	0.0376	0.6385	0.1126	0.0508	0.2624	0.3388	0.0375	0.7007	0.2875	0.0361	0.2546	0.1946	0.9577	0.4826	0.2348	0.0763	0.6233	0.1868	0.0770	0.2892	0.2153	0.4440	0.5425	0.2092	0.4391	0.3784
83	0.83	0.3586	0.8841	0.5632	0.3272	0.8958	0.3637	0.2672	0.4505	0.6178	0.2603	0.4787	0.3074	0.2484	0.3882	0.6236	0.2345	0.3930	0.2927	0.2190	0.2061	0.7032	0.2459	0.1533	0.6845	0.2736	0.1566	0.7278	0.1865	0.2145	0.2218	0.2032	0.1527	0.2351	0.2310	0.1573	0.1918	0.3429	0.8899	0.4634	0.3429	0.8899	0.4634	0.2410	0.0375	0.6660	0.1899	0.0443	0.2590	0.2090	0.2966	0.6236	0.1871	0.3006	0.2984	0.0158	-0.0053	0.0380	0.0096	-0.0003	-0.0374	0.3380	1.2873	0.4734	0.2278	0.6574	0.3723	0.0077	0.0264	-0.0466	0.2391	0.6533	0.5640	0.0130	0.0339	0.0451	-0.0527	-0.0169	-0.0867	-0.0502	-0.0256	0.0755	0.1800	-0.0487	0.1552	0.0621	0.0000	0.0000	0.0000	0.0000	0.0000	0.0038	0.0514	0.0000	-0.0658	-0.0367	-0.0527	-0.0643	-0.0388	0.0420	0.2074	-0.0347	-0.1337	0.0654	0.0000	0.0000	0.0000	0.0000	0.0000	0.0062	0.0513	0.0000	0.2285	1.3371	0.4621	0.3588	0.8840	0.5645	0.3270	0.8959	0.3623	0.3333	1.2891	0.5253	0.3426	1.2855	0.4214	0.2491	0.8295	0.4108	0.2686	0.8222	0.5350	0.1922	0.4581	0.6551	0.1956	0.4636	0.2738	0.1986	0.0628	0.6967	0.1426	0.0811	0.2260	0.2038	0.4510	0.5988	0.2024	0.4514	0.3261	0.2167	0.0696	0.6600	0.1647	0.0791	0.2576	0.1635	0.0376	0.6385	0.1126	0.0508	0.2624	0.3388	0.0375	0.7007	0.2875	0.0360	0.2547	0.1946	0.9577	0.4826	0.2348	0.0764	0.6233	0.1868	0.0770	0.2892	0.2153	0.4440	0.5426	0.2092	0.4391	0.3784
84	0.84	0.3586	0.8842	0.5632	0.3272	0.8958	0.3637	0.2672	0.4505	0.6178	0.2604	0.4787	0.3074	0.2484	0.3881	0.6236	0.2346	0.3930	0.2927	0.2190	0.2061	0.7032	0.2459	0.1533	0.6845	0.2736	0.1565	0.7278	0.1865	0.2145	0.2218	0.2032	0.1527	0.2352	0.2310	0.1573	0.1918	0.3429	0.8900	0.4635	0.3429	0.8900	0.4635	0.2410	0.0375	0.6660	0.1899	0.0442	0.2590	0.2090	0.2966	0.6236	0.1871	0.3006	0.2984	0.0158	-0.0053	0.0381	0.0096	-0.0003	-0.0374	0.3380	1.2874	0.4733	0.2278	0.6574	0.3723	0.0077	0.0264	-0.0466	0.2391	0.6533	0.5641	0.0130	0.0339	0.0451	-0.0527	-0.0169	-0.0867	-0.0503	-0.0256	0.0755	0.1800	-0.0487	0.1552	0.0621	0.0000	0.0000	0.0000	0.0000	0.0000	0.0038	0.0514	0.0000	-0.0659	-0.0367	-0.0526	-0.0643	-0.0388	0.0421	0.2073	-0.0347	-0.1337	0.0654	0.0000	0.0000	0.0000	0.0000	0.0000	0.0061	0.0513	0.0000	0.2286	1.3371	0.4621	0.3588	0.8841	0.5646	0.3270	0.8959	0.3624	0.3334	1.2891	0.5252	0.3427	1.2856	0.4214	0.2491	0.8295	0.4108	0.2686	0.8222	0.5350	0.1922	0.4580	0.6552	0.1956	0.4636	0.2739	0.1986	0.0628	0.6967	0.1426	0.0811	0.2260	0.2038	0.4511	0.5989	0.2024	0.4513	0.3262	0.2168	0.0696	0.6599	0.1647	0.0790	0.2576	0.1635	0.0376	0.6385	0.1126	0.0507	0.2624	0.3388	0.0374	0.7007	0.2875	0.0360	0.2547	0.1946	0.9576	0.4827	0.2350	0.0764	0.6231	0.1868	0.0770	0.2892	0.2153	0.4441	0.5426	0.2092	0.4391	0.3785
85	0.85	0.3585	0.8842	0.5633	0.3272	0.8958	0.3638	0.2671	0.4504	0.6178	0.2604	0.4787	0.3075	0.2484	0.3881	0.6237	0.2346	0.3930	0.2928	0.2190	0.2060	0.7032	0.2459	0.1533	0.6845	0.2736	0.1565	0.7278	0.1865	0.2145	0.2218	0.2032	0.1526	0.2352	0.2310	0.1573	0.1919	0.3428	0.8900	0.4635	0.3428	0.8900	0.4635	0.2410	0.0375	0.6660	0.1899	0.0442	0.2590	0.2090	0.2965	0.6236	0.1871	0.3005	0.2984	0.0158	-0.0053	0.0381	0.0096	-0.0003	-0.0374	0.3381	1.2874	0.4733	0.2278	0.6574	0.3724	0.0077	0.0264	-0.0466	0.2391	0.6533	0.5641	0.0131	0.0339	0.0451	-0.0527	-0.0169	-0.0867	-0.0502	-0.0256	0.0756	0.1800	-0.0487	0.1552	0.0621	0.0000	0.0000	0.0000	0.0000	0.0000	0.0039	0.0514	0.0000	-0.0659	-0.0367	-0.0526	-0.0643	-0.0389	0.0421	0.2073	-0.0347	-0.1337	0.0654	0.0000	0.0000	0.0000	0.0000	0.0000	0.0062	0.0513	0.0000	0.2286	1.3371	0.4621	0.3587	0.8841	0.5646	0.3269	0.8959	0.3625	0.3334	1.2891	0.5252	0.3427	1.2856	0.4214	0.2491	0.8294	0.4109	0.2686	0.8222	0.5351	0.1922	0.4580	0.6552	0.1956	0.4636	0.2739	0.1986	0.0628	0.6967	0.1426	0.0811	0.2261	0.2038	0.4510	0.5989	0.2024	0.4513	0.3262	0.2168	0.0696	0.6599	0.1646	0.0790	0.2577	0.1635	0.0376	0.6385	0.1126	0.0507	0.2625	0.3388	0.0374	0.7007	0.2875	0.0360	0.2547	0.1945	0.9576	0.4827	0.2350	0.0764	0.6232	0.1867	0.0769	0.2892	0.2154	0.4440	0.5426	0.2092	0.4390	0.3785
86	0.86	0.3585	0.8842	0.5633	0.3271	0.8958	0.3639	0.2671	0.4504	0.6179	0.2604	0.4786	0.3075	0.2483	0.3880	0.6237	0.2346	0.3929	0.2928	0.2190	0.2060	0.7033	0.2459	0.1532	0.6845	0.2736	0.1564	0.7279	0.1865	0.2144	0.2218	0.2033	0.1526	0.2352	0.2310	0.1573	0.1919	0.3428	0.8900	0.4636	0.3428	0.8900	0.4636	0.2410	0.0375	0.6660	0.1899	0.0442	0.2590	0.2090	0.2965	0.6237	0.1871	0.3005	0.2985	0.0158	-0.0053	0.0380	0.0096	-0.0003	-0.0374	0.3381	1.2874	0.4733	0.2278	0.6573	0.3724	0.0077	0.0264	-0.0466	0.2391	0.6533	0.5642	0.0130	0.0339	0.0451	-0.0527	-0.0169	-0.0867	-0.0502	-0.0257	0.0755	0.1800	-0.0487	0.1551	0.0621	0.0000	0.0000	0.0000	0.0000	0.0000	0.0039	0.0514	0.0000	-0.0659	-0.0367	-0.0526	-0.0643	-0.0389	0.0421	0.2073	-0.0347	-0.1337	0.0654	0.0000	0.0000	0.0000	0.0000	0.0000	0.0061	0.0513	0.0000	0.2286	1.3371	0.4622	0.3587	0.8841	0.5647	0.3269	0.8959	0.3625	0.3335	1.2891	0.5252	0.3427	1.2856	0.4215	0.2490	0.8294	0.4110	0.2685	0.8222	0.5352	0.1922	0.4580	0.6552	0.1957	0.4635	0.2740	0.1987	0.0627	0.6967	0.1426	0.0810	0.2261	0.2038	0.4510	0.5990	0.2024	0.4512	0.3262	0.2168	0.0695	0.6600	0.1647	0.0790	0.2577	0.1635	0.0375	0.6385	0.1126	0.0507	0.2625	0.3388	0.0373	0.7007	0.2875	0.0359	0.2547	0.1945	0.9576	0.4828	0.2349	0.0763	0.6232	0.1868	0.0769	0.2893	0.2154	0.4440	0.5427	0.2092	0.4389	0.3785
87	0.87	0.3585	0.8842	0.5634	0.3271	0.8958	0.3639	0.2671	0.4504	0.6179	0.2604	0.4786	0.3076	0.2484	0.3880	0.6237	0.2346	0.3929	0.2928	0.2190	0.2060	0.7033	0.2459	0.1532	0.6845	0.2736	0.1565	0.7279	0.1865	0.2144	0.2219	0.2033	0.1526	0.2352	0.2310	0.1573	0.1919	0.3428	0.8900	0.4636	0.3428	0.8900	0.4636	0.2410	0.0375	0.6660	0.1900	0.0442	0.2590	0.2091	0.2965	0.6237	0.1872	0.3005	0.2985	0.0158	-0.0053	0.0381	0.0096	-0.0003	-0.0374	0.3382	1.2874	0.4733	0.2278	0.6573	0.3725	0.0077	0.0264	-0.0466	0.2391	0.6533	0.5642	0.0130	0.0339	0.0451	-0.0527	-0.0168	-0.0867	-0.0503	-0.0256	0.0755	0.1800	-0.0488	0.1551	0.0622	0.0000	0.0000	0.0000	0.0000	0.0000	0.0039	0.0514	0.0000	-0.0659	-0.0367	-0.0526	-0.0643	-0.0389	0.0420	0.2074	-0.0347	-0.1336	0.0654	0.0000	0.0000	0.0000	0.0000	0.0000	0.0062	0.0513	0.0000	0.2286	1.3371	0.4622	0.3587	0.8842	0.5647	0.3268	0.8959	0.3625	0.3336	1.2891	0.5252	0.3428	1.2857	0.4214	0.2490	0.8294	0.4110	0.2685	0.8222	0.5352	0.1922	0.4580	0.6553	0.1957	0.4635	0.2740	0.1987	0.0628	0.6967	0.1426	0.0810	0.2261	0.2038	0.4510	0.5990	0.2025	0.4512	0.3263	0.2168	0.0695	0.6599	0.1647	0.0790	0.2577	0.1635	0.0376	0.6385	0.1126	0.0507	0.2625	0.3388	0.0373	0.7007	0.2876	0.0359	0.2547	0.1945	0.9576	0.4828	0.2350	0.0763	0.6232	0.1868	0.0769	0.2893	0.2154	0.4440	0.5427	0.2093	0.4389	0.3786
88	0.88	0.3585	0.8843	0.5634	0.3271	0.8958	0.3639	0.2671	0.4505	0.6180	0.2605	0.4786	0.3076	0.2484	0.3881	0.6237	0.2346	0.3930	0.2928	0.2190	0.2061	0.7032	0.2459	0.1533	0.6844	0.2736	0.1565	0.7278	0.1865	0.2144	0.2219	0.2032	0.1526	0.2352	0.2310	0.1573	0.1919	0.3428	0.8901	0.4637	0.3428	0.8901	0.4637	0.2410	0.0375	0.6660	0.1900	0.0442	0.2590	0.2091	0.2966	0.6237	0.1872	0.3005	0.2985	0.0158	-0.0052	0.0381	0.0096	-0.0003	-0.0374	0.3382	1.2875	0.4733	0.2278	0.6574	0.3725	0.0077	0.0264	-0.0466	0.2391	0.6534	0.5643	0.0130	0.0339	0.0451	-0.0526	-0.0168	-0.0867	-0.0503	-0.0256	0.0754	0.1800	-0.0489	0.1552	0.0622	0.0000	0.0000	0.0000	0.0000	0.0000	0.0039	0.0514	0.0000	-0.0659	-0.0366	-0.0527	-0.0643	-0.0388	0.0420	0.2074	-0.0347	-0.1336	0.0654	0.0000	0.0000	0.0000	0.0000	0.0000	0.0062	0.0513	0.0000	0.2287	1.3372	0.4622	0.3587	0.8842	0.5647	0.3268	0.8959	0.3626	0.3337	1.2892	0.5251	0.3428	1.2857	0.4214	0.2490	0.8295	0.4111	0.2686	0.8223	0.5353	0.1922	0.4581	0.6553	0.1957	0.4635	0.2740	0.1986	0.0628	0.6967	0.1426	0.0811	0.2261	0.2038	0.4511	0.5990	0.2025	0.4513	0.3263	0.2168	0.0696	0.6599	0.1647	0.0790	0.2577	0.1635	0.0376	0.6385	0.1126	0.0507	0.2625	0.3388	0.0374	0.7007	0.2876	0.0360	0.2546	0.1944	0.9576	0.4828	0.2350	0.0764	0.6232	0.1868	0.0770	0.2893	0.2154	0.4441	0.5427	0.2093	0.4390	0.3786
89	0.89	0.3585	0.8844	0.5634	0.3270	0.8959	0.3640	0.2671	0.4506	0.6180	0.2604	0.4786	0.3077	0.2484	0.3882	0.6237	0.2346	0.3930	0.2929	0.2191	0.2061	0.7033	0.2460	0.1533	0.6844	0.2736	0.1566	0.7278	0.1865	0.2145	0.2219	0.2032	0.1526	0.2352	0.2310	0.1573	0.1919	0.3427	0.8901	0.4637	0.3427	0.8901	0.4637	0.2410	0.0376	0.6660	0.1900	0.0443	0.2590	0.2090	0.2966	0.6237	0.1872	0.3005	0.2985	0.0157	-0.0053	0.0380	0.0096	-0.0003	-0.0374	0.3383	1.2875	0.4733	0.2278	0.6574	0.3726	0.0077	0.0264	-0.0466	0.2391	0.6534	0.5643	0.0130	0.0338	0.0451	-0.0526	-0.0168	-0.0867	-0.0503	-0.0256	0.0754	0.1799	-0.0489	0.1552	0.0622	0.0000	0.0000	0.0000	0.0000	0.0000	0.0039	0.0514	0.0000	-0.0658	-0.0366	-0.0528	-0.0643	-0.0388	0.0419	0.2074	-0.0346	-0.1336	0.0654	0.0000	0.0000	0.0000	0.0000	0.0000	0.0062	0.0513	0.0000	0.2287	1.3372	0.4622	0.3587	0.8843	0.5648	0.3268	0.8959	0.3626	0.3337	1.2892	0.5251	0.3428	1.2858	0.4214	0.2490	0.8295	0.4111	0.2685	0.8223	0.5354	0.1922	0.4581	0.6553	0.1957	0.4635	0.2741	0.1987	0.0629	0.6967	0.1427	0.0811	0.2261	0.2038	0.4511	0.5990	0.2025	0.4513	0.3263	0.2168	0.0696	0.6600	0.1648	0.0791	0.2577	0.1635	0.0377	0.6385	0.1126	0.0508	0.2625	0.3389	0.0375	0.7007	0.2876	0.0361	0.2546	0.1944	0.9577	0.4829	0.2349	0.0763	0.6233	0.1869	0.0771	0.2893	0.2153	0.4441	0.5428	0.2094	0.4391	0.3786
90	0.90	0.3584	0.8844	0.5635	0.3270	0.8959	0.3641	0.2671	0.4506	0.6180	0.2604	0.4786	0.3077	0.2484	0.3883	0.6237	0.2346	0.3930	0.2929	0.2191	0.2061	0.7033	0.2460	0.1534	0.6845	0.2736	0.1566	0.7279	0.1865	0.2145	0.2219	0.2032	0.1527	0.2352	0.2310	0.1573	0.1919	0.3427	0.8901	0.4638	0.3427	0.8901	0.4638	0.2410	0.0376	0.6659	0.1900	0.0443	0.2590	0.2090	0.2966	0.6238	0.1872	0.3006	0.2986	0.0157	-0.0053	0.0380	0.0096	-0.0003	-0.0374	0.3383	1.2876	0.4733	0.2278	0.6574	0.3726	0.0078	0.0265	-0.0466	0.2390	0.6535	0.5644	0.0130	0.0338	0.0451	-0.0526	-0.0168	-0.0867	-0.0502	-0.0256	0.0754	0.1799	-0.0489	0.1552	0.0622	0.0000	0.0000	0.0000	0.0000	0.0000	0.0039	0.0514	0.0000	-0.0658	-0.0366	-0.0528	-0.0642	-0.0388	0.0420	0.2073	-0.0346	-0.1337	0.0654	0.0000	0.0000	0.0000	0.0000	0.0000	0.0061	0.0513	0.0000	0.2287	1.3373	0.4622	0.3586	0.8843	0.5649	0.3268	0.8959	0.3627	0.3338	1.2893	0.5252	0.3428	1.2858	0.4214	0.2489	0.8295	0.4112	0.2685	0.8224	0.5354	0.1922	0.4581	0.6554	0.1956	0.4635	0.2741	0.1987	0.0629	0.6967	0.1427	0.0811	0.2261	0.2037	0.4511	0.5991	0.2025	0.4513	0.3264	0.2168	0.0696	0.6600	0.1648	0.0791	0.2577	0.1635	0.0377	0.6385	0.1127	0.0508	0.2625	0.3389	0.0375	0.7007	0.2876	0.0361	0.2546	0.1944	0.9577	0.4829	0.2349	0.0764	0.6233	0.1869	0.0771	0.2893	0.2153	0.4441	0.5428	0.2094	0.4391	0.3786
91	0.91	0.3584	0.8844	0.5635	0.3270	0.8959	0.3641	0.2671	0.4506	0.6180	0.2604	0.4787	0.3077	0.2484	0.3882	0.6238	0.2346	0.3930	0.2929	0.2190	0.2061	0.7033	0.2460	0.1534	0.6845	0.2736	0.1566	0.7279	0.1864	0.2145	0.2219	0.2032	0.1527	0.2352	0.2309	0.1573	0.1919	0.3427	0.8901	0.4638	0.3427	0.8901	0.4638	0.2410	0.0376	0.6660	0.1900	0.0443	0.2590	0.2090	0.2966	0.6238	0.1872	0.3005	0.2986	0.0157	-0.0053	0.0381	0.0096	-0.0003	-0.0374	0.3383	1.2876	0.4733	0.2278	0.6574	0.3726	0.0077	0.0264	-0.0466	0.2390	0.6535	0.5644	0.0130	0.0338	0.0451	-0.0526	-0.0168	-0.0867	-0.0502	-0.0256	0.0755	0.1799	-0.0488	0.1552	0.0622	0.0000	0.0000	0.0000	0.0000	0.0000	0.0039	0.0514	0.0000	-0.0658	-0.0366	-0.0527	-0.0642	-0.0388	0.0420	0.2073	-0.0347	-0.1338	0.0655	0.0000	0.0000	0.0000	0.0000	0.0000	0.0062	0.0513	0.0000	0.2287	1.3372	0.4622	0.3586	0.8843	0.5649	0.3268	0.8960	0.3627	0.3338	1.2893	0.5251	0.3428	1.2859	0.4214	0.2489	0.8295	0.4112	0.2685	0.8224	0.5355	0.1922	0.4581	0.6554	0.1956	0.4635	0.2741	0.1987	0.0629	0.6967	0.1426	0.0811	0.2261	0.2037	0.4511	0.5991	0.2025	0.4513	0.3264	0.2168	0.0697	0.6600	0.1647	0.0791	0.2577	0.1635	0.0377	0.6385	0.1126	0.0508	0.2625	0.3389	0.0375	0.7007	0.2876	0.0361	0.2546	0.1944	0.9577	0.4830	0.2349	0.0764	0.6232	0.1869	0.0770	0.2893	0.2152	0.4442	0.5428	0.2093	0.4391	0.3787
92	0.92	0.3584	0.8844	0.5635	0.3270	0.8959	0.3641	0.2671	0.4506	0.6181	0.2604	0.4787	0.3078	0.2484	0.3882	0.6238	0.2345	0.3930	0.2930	0.2190	0.2061	0.7033	0.2460	0.1533	0.6845	0.2736	0.1565	0.7279	0.1864	0.2145	0.2219	0.2032	0.1527	0.2353	0.2309	0.1573	0.1920	0.3427	0.8902	0.4638	0.3427	0.8902	0.4638	0.2410	0.0376	0.6660	0.1900	0.0443	0.2591	0.2090	0.2966	0.6238	0.1872	0.3005	0.2986	0.0157	-0.0053	0.0380	0.0096	-0.0003	-0.0374	0.3383	1.2875	0.4733	0.2278	0.6574	0.3727	0.0077	0.0264	-0.0466	0.2390	0.6535	0.5644	0.0130	0.0338	0.0451	-0.0526	-0.0168	-0.0867	-0.0502	-0.0256	0.0755	0.1800	-0.0488	0.1552	0.0621	0.0000	0.0000	0.0000	0.0000	0.0000	0.0039	0.0514	0.0000	-0.0658	-0.0366	-0.0528	-0.0642	-0.0388	0.0421	0.2073	-0.0347	-0.1338	0.0655	0.0000	0.0000	0.0000	0.0000	0.0000	0.0061	0.0513	0.0000	0.2287	1.3372	0.4622	0.3586	0.8843	0.5649	0.3268	0.8960	0.3627	0.3338	1.2892	0.5252	0.3429	1.2859	0.4214	0.2489	0.8295	0.4113	0.2685	0.8224	0.5355	0.1922	0.4581	0.6554	0.1956	0.4635	0.2742	0.1987	0.0629	0.6967	0.1426	0.0811	0.2262	0.2037	0.4511	0.5991	0.2024	0.4513	0.3265	0.2167	0.0696	0.6600	0.1647	0.0790	0.2577	0.1635	0.0377	0.6385	0.1126	0.0508	0.2626	0.3389	0.0375	0.7007	0.2876	0.0361	0.2546	0.1944	0.9577	0.4830	0.2348	0.0764	0.6233	0.1868	0.0770	0.2893	0.2152	0.4442	0.5429	0.2093	0.4390	0.3787
93	0.93	0.3584	0.8844	0.5636	0.3270	0.8958	0.3642	0.2670	0.4505	0.6182	0.2604	0.4786	0.3078	0.2483	0.3881	0.6239	0.2345	0.3929	0.2930	0.2190	0.2060	0.7034	0.2459	0.1533	0.6846	0.2736	0.1565	0.7279	0.1864	0.2145	0.2220	0.2032	0.1526	0.2353	0.2309	0.1573	0.1920	0.3427	0.8901	0.4639	0.3427	0.8901	0.4639	0.2410	0.0375	0.6660	0.1900	0.0442	0.2591	0.2090	0.2966	0.6238	0.1871	0.3005	0.2987	0.0157	-0.0053	0.0380	0.0096	-0.0003	-0.0374	0.3383	1.2875	0.4733	0.2277	0.6574	0.3727	0.0077	0.0264	-0.0466	0.2390	0.6534	0.5645	0.0131	0.0338	0.0451	-0.0526	-0.0169	-0.0867	-0.0502	-0.0257	0.0755	0.1800	-0.0487	0.1552	0.0621	0.0000	0.0000	0.0000	0.0000	0.0000	0.0039	0.0514	0.0000	-0.0658	-0.0367	-0.0527	-0.0643	-0.0389	0.0421	0.2073	-0.0346	-0.1337	0.0655	0.0000	0.0000	0.0000	0.0000	0.0000	0.0061	0.0513	0.0000	0.2287	1.3371	0.4622	0.3586	0.8843	0.5650	0.3267	0.8959	0.3628	0.3338	1.2891	0.5252	0.3428	1.2859	0.4214	0.2489	0.8295	0.4113	0.2685	0.8223	0.5355	0.1921	0.4580	0.6555	0.1956	0.4635	0.2742	0.1987	0.0628	0.6967	0.1425	0.0811	0.2262	0.2037	0.4511	0.5992	0.2024	0.4512	0.3265	0.2167	0.0696	0.6601	0.1647	0.0790	0.2578	0.1635	0.0376	0.6385	0.1126	0.0507	0.2626	0.3388	0.0374	0.7007	0.2876	0.0360	0.2547	0.1944	0.9576	0.4831	0.2348	0.0764	0.6234	0.1868	0.0769	0.2894	0.2152	0.4442	0.5429	0.2092	0.4389	0.3788
94	0.94	0.3584	0.8844	0.5636	0.3269	0.8958	0.3642	0.2670	0.4505	0.6182	0.2603	0.4786	0.3078	0.2482	0.3881	0.6239	0.2345	0.3929	0.2930	0.2190	0.2060	0.7034	0.2459	0.1532	0.6846	0.2736	0.1565	0.7279	0.1864	0.2144	0.2220	0.2032	0.1526	0.2353	0.2309	0.1573	0.1920	0.3426	0.8901	0.4639	0.3426	0.8901	0.4639	0.2410	0.0375	0.6660	0.1899	0.0441	0.2591	0.2089	0.2965	0.6239	0.1871	0.3004	0.2987	0.0158	-0.0053	0.0380	0.0096	-0.0003	-0.0374	0.3383	1.2874	0.4733	0.2277	0.6573	0.3728	0.0077	0.0264	-0.0466	0.2390	0.6534	0.5645	0.0131	0.0338	0.0451	-0.0527	-0.0169	-0.0867	-0.0502	-0.0257	0.0755	0.1800	-0.0488	0.1551	0.0621	0.0000	0.0000	0.0000	0.0000	0.0000	0.0039	0.0514	0.0000	-0.0658	-0.0367	-0.0527	-0.0643	-0.0389	0.0421	0.2074	-0.0346	-0.1337	0.0655	0.0000	0.0000	0.0000	0.0000	0.0000	0.0061	0.0513	0.0000	0.2286	1.3370	0.4622	0.3586	0.8843	0.5650	0.3267	0.8958	0.3628	0.3337	1.2891	0.5252	0.3428	1.2858	0.4214	0.2489	0.8294	0.4114	0.2685	0.8223	0.5356	0.1921	0.4580	0.6555	0.1955	0.4635	0.2743	0.1987	0.0627	0.6968	0.1425	0.0810	0.2262	0.2036	0.4510	0.5992	0.2023	0.4512	0.3265	0.2167	0.0695	0.6601	0.1646	0.0789	0.2578	0.1635	0.0376	0.6385	0.1126	0.0506	0.2626	0.3388	0.0374	0.7007	0.2875	0.0360	0.2547	0.1944	0.9576	0.4831	0.2348	0.0763	0.6234	0.1868	0.0768	0.2894	0.2152	0.4441	0.5429	0.2091	0.4389	0.3788
95	0.95	0.3584	0.8844	0.5636	0.3269	0.8957	0.3642	0.2669	0.4505	0.6182	0.2603	0.4786	0.3079	0.2482	0.3881	0.6239	0.2345	0.3929	0.2930	0.2190	0.2060	0.7034	0.2459	0.1532	0.6845	0.2736	0.1565	0.7279	0.1864	0.2145	0.2220	0.2032	0.1526	0.2353	0.2309	0.1573	0.1920	0.3427	0.8901	0.4639	0.3427	0.8901	0.4639	0.2410	0.0375	0.6660	0.1899	0.0441	0.2591	0.2089	0.2965	0.6239	0.1870	0.3004	0.2987	0.0158	-0.0053	0.0380	0.0096	-0.0003	-0.0374	0.3383	1.2875	0.4733	0.2277	0.6573	0.3728	0.0077	0.0264	-0.0466	0.2390	0.6534	0.5646	0.0130	0.0338	0.0451	-0.0527	-0.0169	-0.0867	-0.0503	-0.0257	0.0755	0.1800	-0.0488	0.1551	0.0621	0.0000	0.0000	0.0000	0.0000	0.0000	0.0039	0.0514	0.0000	-0.0658	-0.0367	-0.0527	-0.0643	-0.0389	0.0420	0.2074	-0.0347	-0.1337	0.0655	0.0000	0.0000	0.0000	0.0000	0.0000	0.0062	0.0513	0.0000	0.2286	1.3370	0.4622	0.3586	0.8843	0.5650	0.3267	0.8958	0.3628	0.3337	1.2891	0.5252	0.3428	1.2858	0.4214	0.2489	0.8294	0.4114	0.2685	0.8223	0.5356	0.1921	0.4580	0.6555	0.1955	0.4634	0.2743	0.1986	0.0627	0.6967	0.1425	0.0810	0.2262	0.2036	0.4511	0.5992	0.2023	0.4511	0.3266	0.2167	0.0695	0.6601	0.1646	0.0789	0.2578	0.1635	0.0376	0.6385	0.1126	0.0506	0.2626	0.3388	0.0374	0.7007	0.2875	0.0360	0.2546	0.1944	0.9576	0.4831	0.2348	0.0763	0.6234	0.1868	0.0769	0.2893	0.2151	0.4441	0.5429	0.2091	0.4389	0.3788
96	0.96	0.3584	0.8844	0.5636	0.3269	0.8957	0.3643	0.2670	0.4506	0.6182	0.2603	0.4786	0.3079	0.2483	0.3881	0.6239	0.2344	0.3929	0.2930	0.2190	0.2060	0.7034	0.2459	0.1533	0.6845	0.2736	0.1565	0.7279	0.1864	0.2145	0.2220	0.2032	0.1526	0.2353	0.2309	0.1573	0.1920	0.3427	0.8901	0.4639	0.3427	0.8901	0.4639	0.2410	0.0375	0.6660	0.1899	0.0441	0.2591	0.2089	0.2966	0.6239	0.1871	0.3004	0.2987	0.0157	-0.0053	0.0380	0.0096	-0.0003	-0.0374	0.3383	1.2875	0.4733	0.2277	0.6573	0.3728	0.0077	0.0264	-0.0466	0.2390	0.6534	0.5646	0.0130	0.0338	0.0451	-0.0526	-0.0169	-0.0867	-0.0503	-0.0257	0.0755	0.1800	-0.0488	0.1552	0.0621	0.0000	0.0000	0.0000	0.0000	0.0000	0.0039	0.0514	0.0000	-0.0658	-0.0366	-0.0527	-0.0643	-0.0389	0.0420	0.2074	-0.0346	-0.1337	0.0655	0.0000	0.0000	0.0000	0.0000	0.0000	0.0062	0.0513	0.0000	0.2286	1.3370	0.4622	0.3586	0.8843	0.5650	0.3267	0.8958	0.3628	0.3338	1.2891	0.5252	0.3428	1.2859	0.4214	0.2489	0.8294	0.4115	0.2685	0.8223	0.5357	0.1921	0.4580	0.6555	0.1955	0.4634	0.2743	0.1986	0.0628	0.6967	0.1425	0.0810	0.2262	0.2036	0.4511	0.5992	0.2023	0.4512	0.3266	0.2167	0.0696	0.6601	0.1647	0.0790	0.2578	0.1635	0.0376	0.6385	0.1126	0.0506	0.2626	0.3388	0.0374	0.7007	0.2876	0.0360	0.2546	0.1944	0.9576	0.4831	0.2348	0.0763	0.6234	0.1868	0.0769	0.2893	0.2151	0.4442	0.5429	0.2092	0.4389	0.3789
97	0.97	0.3584	0.8844	0.5636	0.3269	0.8957	0.3643	0.2670	0.4506	0.6182	0.2603	0.4785	0.3079	0.2483	0.3882	0.6239	0.2344	0.3929	0.2931	0.2190	0.2061	0.7034	0.2459	0.1533	0.6845	0.2736	0.1565	0.7279	0.1864	0.2145	0.2220	0.2031	0.1526	0.2353	0.2309	0.1573	0.1920	0.3426	0.8901	0.4640	0.3426	0.8901	0.4640	0.2410	0.0375	0.6660	0.1900	0.0442	0.2591	0.2089	0.2966	0.6239	0.1871	0.3004	0.2987	0.0157	-0.0052	0.0380	0.0096	-0.0003	-0.0374	0.3383	1.2875	0.4733	0.2277	0.6573	0.3729	0.0077	0.0264	-0.0466	0.2390	0.6535	0.5646	0.0130	0.0338	0.0451	-0.0526	-0.0168	-0.0867	-0.0503	-0.0257	0.0754	0.1799	-0.0489	0.1552	0.0622	0.0000	0.0000	0.0000	0.0000	0.0000	0.0039	0.0514	0.0000	-0.0658	-0.0366	-0.0528	-0.0643	-0.0389	0.0419	0.2074	-0.0346	-0.1337	0.0655	0.0000	0.0000	0.0000	0.0000	0.0000	0.0062	0.0513	0.0000	0.2286	1.3371	0.4622	0.3586	0.8843	0.5650	0.3266	0.8958	0.3629	0.3338	1.2891	0.5252	0.3428	1.2859	0.4214	0.2488	0.8294	0.4115	0.2685	0.8224	0.5357	0.1921	0.4581	0.6555	0.1955	0.4634	0.2744	0.1986	0.0628	0.6967	0.1426	0.0810	0.2262	0.2036	0.4511	0.5992	0.2024	0.4512	0.3266	0.2167	0.0696	0.6600	0.1647	0.0790	0.2578	0.1635	0.0376	0.6385	0.1126	0.0507	0.2626	0.3388	0.0374	0.7007	0.2876	0.0360	0.2546	0.1944	0.9577	0.4831	0.2348	0.0763	0.6233	0.1868	0.0769	0.2893	0.2151	0.4442	0.5430	0.2092	0.4389	0.3789
98	0.98	0.3584	0.8844	0.5637	0.3268	0.8957	0.3643	0.2670	0.4506	0.6182	0.2602	0.4785	0.3079	0.2483	0.3882	0.6239	0.2344	0.3929	0.2931	0.2190	0.2061	0.7034	0.2459	0.1533	0.6845	0.2736	0.1565	0.7279	0.1864	0.2144	0.2220	0.2031	0.1526	0.2353	0.2308	0.1573	0.1920	0.3426	0.8901	0.4640	0.3426	0.8901	0.4640	0.2410	0.0376	0.6660	0.1899	0.0442	0.2591	0.2089	0.2966	0.6239	0.1871	0.3004	0.2987	0.0157	-0.0052	0.0381	0.0096	-0.0003	-0.0374	0.3382	1.2874	0.4733	0.2276	0.6573	0.3729	0.0078	0.0265	-0.0466	0.2389	0.6535	0.5646	0.0130	0.0338	0.0451	-0.0526	-0.0168	-0.0867	-0.0502	-0.0256	0.0754	0.1799	-0.0489	0.1552	0.0622	0.0000	0.0000	0.0000	0.0000	0.0000	0.0039	0.0514	0.0000	-0.0659	-0.0366	-0.0527	-0.0643	-0.0388	0.0419	0.2074	-0.0346	-0.1336	0.0654	0.0000	0.0000	0.0000	0.0000	0.0000	0.0062	0.0513	0.0000	0.2285	1.3371	0.4622	0.3586	0.8843	0.5651	0.3266	0.8958	0.3629	0.3337	1.2891	0.5252	0.3428	1.2858	0.4214	0.2488	0.8294	0.4115	0.2684	0.8224	0.5358	0.1921	0.4581	0.6555	0.1955	0.4634	0.2744	0.1986	0.0629	0.6967	0.1426	0.0811	0.2262	0.2036	0.4511	0.5993	0.2023	0.4512	0.3266	0.2168	0.0696	0.6600	0.1647	0.0790	0.2578	0.1635	0.0376	0.6385	0.1126	0.0507	0.2626	0.3388	0.0374	0.7007	0.2875	0.0360	0.2546	0.1943	0.9577	0.4831	0.2349	0.0764	0.6233	0.1868	0.0769	0.2893	0.2151	0.4442	0.5430	0.2092	0.4389	0.3789
99	0.99	0.3584	0.8844	0.5637	0.3268	0.8957	0.3643	0.2670	0.4506	0.6182	0.2602	0.4786	0.3080	0.2483	0.3882	0.6239	0.2344	0.3929	0.2931	0.2190	0.2061	0.7034	0.2459	0.1533	0.6845	0.2736	0.1565	0.7279	0.1863	0.2145	0.2220	0.2031	0.1526	0.2353	0.2308	0.1573	0.1920	0.3426	0.8901	0.4640	0.3426	0.8901	0.4640	0.2410	0.0376	0.6660	0.1899	0.0442	0.2591	0.2089	0.2966	0.6239	0.1871	0.3005	0.2987	0.0157	-0.0053	0.0380	0.0096	-0.0003	-0.0374	0.3382	1.2874	0.4733	0.2276	0.6573	0.3729	0.0078	0.0264	-0.0466	0.2389	0.6535	0.5647	0.0130	0.0338	0.0451	-0.0526	-0.0168	-0.0867	-0.0502	-0.0257	0.0754	0.1799	-0.0489	0.1552	0.0622	0.0000	0.0000	0.0000	0.0000	0.0000	0.0039	0.0514	0.0000	-0.0658	-0.0366	-0.0527	-0.0642	-0.0389	0.0419	0.2074	-0.0346	-0.1337	0.0655	0.0000	0.0000	0.0000	0.0000	0.0000	0.0061	0.0513	0.0000	0.2286	1.3371	0.4622	0.3586	0.8844	0.5651	0.3266	0.8958	0.3629	0.3337	1.2890	0.5252	0.3428	1.2858	0.4215	0.2488	0.8294	0.4115	0.2684	0.8224	0.5358	0.1921	0.4581	0.6556	0.1955	0.4634	0.2744	0.1986	0.0629	0.6967	0.1426	0.0811	0.2262	0.2036	0.4511	0.5993	0.2023	0.4512	0.3266	0.2168	0.0696	0.6600	0.1647	0.0790	0.2578	0.1635	0.0376	0.6385	0.1126	0.0507	0.2626	0.3388	0.0375	0.7007	0.2876	0.0361	0.2546	0.1943	0.9577	0.4832	0.2349	0.0764	0.6233	0.1868	0.0770	0.2894	0.2151	0.4442	0.5430	0.2092	0.4390	0.3789
100	1.00	0.3584	0.8845	0.5637	0.3268	0.8957	0.3643	0.2670	0.4506	0.6182	0.2603	0.4786	0.3079	0.2483	0.3882	0.6239	0.2344	0.3929	0.2931	0.2190	0.2061	0.7034	0.2459	0.1533	0.6845	0.2736	0.1565	0.7279	0.1863	0.2145	0.2220	0.2031	0.1526	0.2353	0.2308	0.1573	0.1920	0.3426	0.8901	0.4640	0.3426	0.8901	0.4640	0.2410	0.0376	0.6660	0.1900	0.0442	0.2591	0.2090	0.2966	0.6238	0.1871	0.3004	0.2988	0.0157	-0.0053	0.0381	0.0096	-0.0003	-0.0374	0.3383	1.2874	0.4734	0.2277	0.6573	0.3729	0.0077	0.0264	-0.0466	0.2389	0.6535	0.5646	0.0130	0.0338	0.0451	-0.0526	-0.0168	-0.0867	-0.0502	-0.0256	0.0754	0.1800	-0.0488	0.1552	0.0622	0.0000	0.0000	0.0000	0.0000	0.0000	0.0039	0.0514	0.0000	-0.0658	-0.0367	-0.0527	-0.0643	-0.0388	0.0420	0.2073	-0.0347	-0.1338	0.0655	0.0000	0.0000	0.0000	0.0000	0.0000	0.0062	0.0513	0.0000	0.2286	1.3371	0.4622	0.3586	0.8844	0.5651	0.3266	0.8958	0.3629	0.3337	1.2890	0.5253	0.3428	1.2857	0.4215	0.2488	0.8294	0.4115	0.2684	0.8224	0.5358	0.1921	0.4581	0.6556	0.1955	0.4634	0.2744	0.1987	0.0629	0.6967	0.1426	0.0810	0.2262	0.2036	0.4512	0.5993	0.2024	0.4512	0.3267	0.2168	0.0696	0.6600	0.1647	0.0790	0.2578	0.1635	0.0376	0.6385	0.1126	0.0507	0.2626	0.3389	0.0375	0.7007	0.2876	0.0361	0.2546	0.1943	0.9577	0.4832	0.2349	0.0764	0.6232	0.1869	0.0770	0.2894	0.2151	0.4442	0.5430	0.2092	0.4389	0.3789
101	1.01	0.3583	0.8844	0.5637	0.3268	0.8957	0.3643	0.2670	0.4505	0.6182	0.2603	0.4785	0.3080	0.2483	0.3882	0.6239	0.2344	0.3929	0.2931	0.2190	0.2060	0.7034	0.2459	0.1533	0.6845	0.2736	0.1565	0.7279	0.1863	0.2145	0.2220	0.2031	0.1526	0.2353	0.2308	0.1573	0.1920	0.3425	0.8901	0.4640	0.3425	0.8901	0.4640	0.2410	0.0376	0.6660	0.1899	0.0442	0.2591	0.2089	0.2966	0.6239	0.1871	0.3004	0.2988	0.0157	-0.0053	0.0380	0.0096	-0.0003	-0.0374	0.3382	1.2873	0.4734	0.2276	0.6573	0.3729	0.0077	0.0265	-0.0466	0.2389	0.6534	0.5647	0.0131	0.0338	0.0451	-0.0526	-0.0168	-0.0867	-0.0502	-0.0256	0.0755	0.1800	-0.0488	0.1552	0.0622	0.0000	0.0000	0.0000	0.0000	0.0000	0.0039	0.0514	0.0000	-0.0658	-0.0367	-0.0528	-0.0643	-0.0388	0.0420	0.2073	-0.0347	-0.1338	0.0655	0.0000	0.0000	0.0000	0.0000	0.0000	0.0062	0.0513	0.0000	0.2285	1.3371	0.4622	0.3585	0.8843	0.5651	0.3265	0.8958	0.3629	0.3337	1.2889	0.5253	0.3427	1.2857	0.4215	0.2487	0.8294	0.4115	0.2684	0.8223	0.5358	0.1921	0.4580	0.6556	0.1955	0.4634	0.2744	0.1987	0.0628	0.6967	0.1425	0.0810	0.2262	0.2036	0.4511	0.5993	0.2023	0.4512	0.3267	0.2167	0.0696	0.6600	0.1647	0.0790	0.2578	0.1635	0.0376	0.6385	0.1126	0.0507	0.2626	0.3388	0.0374	0.7007	0.2876	0.0360	0.2546	0.1942	0.9577	0.4832	0.2348	0.0764	0.6233	0.1868	0.0769	0.2894	0.2152	0.4442	0.5430	0.2092	0.4389	0.3789
102	1.02	0.3583	0.8844	0.5637	0.3267	0.8957	0.3644	0.2669	0.4505	0.6183	0.2603	0.4785	0.3080	0.2483	0.3881	0.6239	0.2344	0.3929	0.2932	0.2190	0.2060	0.7034	0.2459	0.1533	0.6845	0.2736	0.1565	0.7279	0.1863	0.2144	0.2220	0.2031	0.1526	0.2353	0.2308	0.1573	0.1920	0.3425	0.8900	0.4640	0.3425	0.8900	0.4640	0.2410	0.0375	0.6660	0.1899	0.0442	0.2591	0.2089	0.2966	0.6239	0.1871	0.3004	0.2988	0.0157	-0.0053	0.0380	0.0096	-0.0003	-0.0374	0.3382	1.2873	0.4735	0.2276	0.6573	0.3730	0.0077	0.0265	-0.0466	0.2389	0.6534	0.5647	0.0130	0.0338	0.0451	-0.0526	-0.0168	-0.0867	-0.0502	-0.0256	0.0755	0.1800	-0.0488	0.1552	0.0621	0.0000	0.0000	0.0000	0.0000	0.0000	0.0039	0.0514	0.0000	-0.0658	-0.0367	-0.0528	-0.0643	-0.0389	0.0421	0.2073	-0.0347	-0.1338	0.0655	0.0000	0.0000	0.0000	0.0000	0.0000	0.0061	0.0513	0.0000	0.2285	1.3371	0.4622	0.3585	0.8843	0.5651	0.3265	0.8958	0.3629	0.3336	1.2889	0.5254	0.3427	1.2856	0.4216	0.2487	0.8294	0.4116	0.2683	0.8223	0.5358	0.1921	0.4580	0.6556	0.1955	0.4634	0.2744	0.1987	0.0628	0.6967	0.1425	0.0810	0.2263	0.2036	0.4511	0.5993	0.2023	0.4511	0.3267	0.2167	0.0696	0.6600	0.1647	0.0789	0.2578	0.1635	0.0376	0.6385	0.1126	0.0507	0.2627	0.3388	0.0374	0.7007	0.2876	0.0360	0.2546	0.1941	0.9577	0.4832	0.2348	0.0764	0.6234	0.1868	0.0769	0.2894	0.2151	0.4442	0.5430	0.2092	0.4388	0.3790
103	1.03	0.3583	0.8844	0.5637	0.3267	0.8957	0.3643	0.2670	0.4506	0.6183	0.2603	0.4785	0.3080	0.2483	0.3882	0.6239	0.2345	0.3929	0.2931	0.2190	0.2060	0.7034	0.2459	0.1533	0.6845	0.2736	0.1565	0.7279	0.1863	0.2144	0.2221	0.2032	0.1526	0.2353	0.2308	0.1573	0.1920	0.3425	0.8901	0.4640	0.3425	0.8901	0.4640	0.2410	0.0375	0.6660	0.1899	0.0442	0.2591	0.2089	0.2966	0.6239	0.1871	0.3004	0.2988	0.0157	-0.0053	0.0380	0.0096	-0.0003	-0.0374	0.3382	1.2873	0.4735	0.2276	0.6573	0.3729	0.0077	0.0264	-0.0466	0.2389	0.6534	0.5647	0.0130	0.0338	0.0451	-0.0526	-0.0169	-0.0867	-0.0502	-0.0257	0.0755	0.1800	-0.0488	0.1552	0.0621	0.0000	0.0000	0.0000	0.0000	0.0000	0.0039	0.0514	0.0000	-0.0658	-0.0367	-0.0527	-0.0643	-0.0389	0.0421	0.2073	-0.0347	-0.1338	0.0655	0.0000	0.0000	0.0000	0.0000	0.0000	0.0061	0.0513	0.0000	0.2285	1.3371	0.4622	0.3585	0.8843	0.5651	0.3264	0.8958	0.3629	0.3337	1.2889	0.5254	0.3427	1.2856	0.4216	0.2487	0.8293	0.4116	0.2684	0.8223	0.5358	0.1921	0.4580	0.6555	0.1955	0.4634	0.2744	0.1987	0.0628	0.6967	0.1425	0.0810	0.2263	0.2036	0.4511	0.5993	0.2023	0.4511	0.3267	0.2167	0.0696	0.6600	0.1647	0.0789	0.2578	0.1635	0.0376	0.6385	0.1126	0.0506	0.2627	0.3388	0.0374	0.7007	0.2876	0.0360	0.2546	0.1940	0.9576	0.4832	0.2348	0.0764	0.6233	0.1868	0.0769	0.2894	0.2152	0.4442	0.5430	0.2092	0.4388	0.3789
104	1.04	0.3583	0.8844	0.5637	0.3267	0.8957	0.3643	0.2670	0.4506	0.6183	0.2603	0.4786	0.3080	0.2483	0.3882	0.6239	0.2345	0.3929	0.2931	0.2190	0.2060	0.7033	0.2459	0.1533	0.6845	0.2736	0.1565	0.7279	0.1864	0.2145	0.2220	0.2032	0.1526	0.2353	0.2308	0.1573	0.1920	0.3425	0.8901	0.4640	0.3425	0.8901	0.4640	0.2410	0.0375	0.6660	0.1900	0.0442	0.2591	0.2089	0.2966	0.6238	0.1871	0.3004	0.2988	0.0157	-0.0052	0.0380	0.0096	-0.0003	-0.0374	0.3382	1.2873	0.4735	0.2276	0.6573	0.3729	0.0077	0.0264	-0.0466	0.2389	0.6534	0.5646	0.0131	0.0338	0.0451	-0.0526	-0.0168	-0.0867	-0.0502	-0.0257	0.0755	0.1800	-0.0488	0.1552	0.0621	0.0000	0.0000	0.0000	0.0000	0.0000	0.0039	0.0514	0.0000	-0.0658	-0.0367	-0.0527	-0.0643	-0.0389	0.0421	0.2073	-0.0347	-0.1338	0.0655	0.0000	0.0000	0.0000	0.0000	0.0000	0.0061	0.0513	0.0000	0.2285	1.3371	0.4622	0.3585	0.8844	0.5651	0.3264	0.8958	0.3629	0.3337	1.2889	0.5254	0.3428	1.2856	0.4216	0.2487	0.8293	0.4116	0.2684	0.8223	0.5358	0.1921	0.4580	0.6555	0.1955	0.4634	0.2744	0.1987	0.0628	0.6967	0.1425	0.0810	0.2263	0.2036	0.4511	0.5992	0.2024	0.4511	0.3267	0.2168	0.0696	0.6600	0.1647	0.0789	0.2578	0.1635	0.0376	0.6385	0.1126	0.0506	0.2627	0.3388	0.0374	0.7007	0.2876	0.0360	0.2546	0.1940	0.9576	0.4832	0.2349	0.0764	0.6233	0.1868	0.0769	0.2894	0.2152	0.4442	0.5429	0.2092	0.4388	0.3789
105	1.05	0.3582	0.8845	0.5637	0.3266	0.8957	0.3643	0.2670	0.4506	0.6183	0.2603	0.4786	0.3080	0.2483	0.3882	0.6239	0.2345	0.3929	0.2931	0.2190	0.2060	0.7033	0.2459	0.1533	0.6845	0.2736	0.1565	0.7279	0.1863	0.2145	0.2221	0.2031	0.1526	0.2353	0.2308	0.1573	0.1920	0.3424	0.8901	0.4640	0.3424	0.8901	0.4640	0.2410	0.0375	0.6660	0.1899	0.0442	0.2591	0.2090	0.2966	0.6238	0.1871	0.3004	0.2988	0.0157	-0.0052	0.0381	0.0096	-0.0003	-0.0374	0.3382	1.2872	0.4736	0.2276	0.6572	0.3730	0.0077	0.0264	-0.0466	0.2389	0.6534	0.5646	0.0130	0.0338	0.0451	-0.0526	-0.0168	-0.0867	-0.0502	-0.0257	0.0755	0.1800	-0.0489	0.1551	0.0621	0.0000	0.0000	0.0000	0.0000	0.0000	0.0039	0.0514	0.0000	-0.0658	-0.0366	-0.0527	-0.0643	-0.0389	0.0420	0.2074	-0.0346	-0.1337	0.0655	0.0000	0.0000	0.0000	0.0000	0.0000	0.0061	0.0513	0.0000	0.2284	1.3371	0.4622	0.3585	0.8844	0.5651	0.3264	0.8958	0.3629	0.3336	1.2889	0.5255	0.3427	1.2855	0.4217	0.2486	0.8293	0.4116	0.2683	0.8223	0.5358	0.1921	0.4580	0.6555	0.1955	0.4634	0.2744	0.1986	0.0628	0.6967	0.1425	0.0810	0.2263	0.2036	0.4511	0.5992	0.2024	0.4511	0.3267	0.2168	0.0696	0.6599	0.1647	0.0789	0.2578	0.1635	0.0376	0.6384	0.1126	0.0506	0.2627	0.3388	0.0374	0.7007	0.2876	0.0360	0.2546	0.1939	0.9576	0.4832	0.2349	0.0764	0.6232	0.1868	0.0769	0.2894	0.2152	0.4442	0.5429	0.2092	0.4388	0.3789
106	1.06	0.3582	0.8844	0.5637	0.3265	0.8957	0.3643	0.2669	0.4506	0.6182	0.2602	0.4785	0.3079	0.2483	0.3882	0.6239	0.2344	0.3929	0.2931	0.2190	0.2060	0.7033	0.2459	0.1533	0.6845	0.2736	0.1565	0.7279	0.1863	0.2145	0.2221	0.2031	0.1526	0.2353	0.2308	0.1573	0.1920	0.3423	0.8901	0.4640	0.3423	0.8901	0.4640	0.2410	0.0375	0.6660	0.1899	0.0442	0.2591	0.2089	0.2966	0.6238	0.1871	0.3004	0.2988	0.0157	-0.0052	0.0380	0.0096	-0.0003	-0.0374	0.3381	1.2872	0.4737	0.2275	0.6572	0.3730	0.0077	0.0265	-0.0466	0.2388	0.6534	0.5646	0.0130	0.0338	0.0451	-0.0526	-0.0168	-0.0867	-0.0503	-0.0256	0.0754	0.1800	-0.0489	0.1551	0.0622	0.0000	0.0000	0.0000	0.0000	0.0000	0.0039	0.0514	0.0000	-0.0658	-0.0366	-0.0527	-0.0643	-0.0389	0.0420	0.2074	-0.0347	-0.1337	0.0655	0.0000	0.0000	0.0000	0.0000	0.0000	0.0062	0.0513	0.0000	0.2284	1.3371	0.4622	0.3584	0.8844	0.5651	0.3263	0.8958	0.3629	0.3336	1.2889	0.5256	0.3427	1.2855	0.4218	0.2486	0.8293	0.4116	0.2683	0.8223	0.5358	0.1921	0.4580	0.6555	0.1955	0.4634	0.2744	0.1986	0.0628	0.6967	0.1425	0.0810	0.2263	0.2036	0.4511	0.5992	0.2024	0.4511	0.3267	0.2168	0.0696	0.6599	0.1647	0.0789	0.2579	0.1635	0.0376	0.6384	0.1126	0.0506	0.2627	0.3388	0.0374	0.7007	0.2876	0.0360	0.2546	0.1939	0.9576	0.4832	0.2349	0.0764	0.6232	0.1868	0.0769	0.2894	0.2151	0.4442	0.5429	0.2093	0.4388	0.3789
107	1.07	0.3582	0.8845	0.5636	0.3265	0.8957	0.3643	0.2669	0.4506	0.6182	0.2602	0.4785	0.3079	0.2483	0.3882	0.6238	0.2344	0.3929	0.2931	0.2190	0.2060	0.7033	0.2459	0.1533	0.6845	0.2736	0.1565	0.7279	0.1864	0.2144	0.2221	0.2031	0.1526	0.2353	0.2308	0.1573	0.1920	0.3423	0.8901	0.4640	0.3423	0.8901	0.4640	0.2410	0.0375	0.6660	0.1900	0.0442	0.2591	0.2090	0.2966	0.6238	0.1871	0.3004	0.2988	0.0158	-0.0052	0.0381	0.0096	-0.0003	-0.0374	0.3381	1.2872	0.4737	0.2275	0.6572	0.3729	0.0077	0.0265	-0.0466	0.2388	0.6534	0.5646	0.0130	0.0338	0.0451	-0.0526	-0.0168	-0.0867	-0.0503	-0.0256	0.0754	0.1800	-0.0489	0.1551	0.0621	0.0000	0.0000	0.0000	0.0000	0.0000	0.0039	0.0514	0.0000	-0.0659	-0.0366	-0.0527	-0.0643	-0.0388	0.0419	0.2074	-0.0347	-0.1336	0.0655	0.0000	0.0000	0.0000	0.0000	0.0000	0.0062	0.0513	0.0000	0.2284	1.3371	0.4623	0.3584	0.8844	0.5650	0.3263	0.8958	0.3629	0.3336	1.2890	0.5256	0.3427	1.2855	0.4218	0.2485	0.8293	0.4116	0.2682	0.8223	0.5358	0.1921	0.4580	0.6554	0.1955	0.4634	0.2744	0.1987	0.0628	0.6967	0.1426	0.0810	0.2263	0.2036	0.4511	0.5992	0.2024	0.4511	0.3267	0.2168	0.0696	0.6599	0.1647	0.0790	0.2579	0.1636	0.0376	0.6384	0.1127	0.0506	0.2627	0.3388	0.0374	0.7007	0.2876	0.0360	0.2546	0.1938	0.9577	0.4832	0.2350	0.0764	0.6231	0.1869	0.0769	0.2894	0.2151	0.4442	0.5429	0.2093	0.4389	0.3789
108	1.08	0.3581	0.8845	0.5636	0.3265	0.8957	0.3643	0.2670	0.4506	0.6182	0.2603	0.4786	0.3079	0.2483	0.3882	0.6238	0.2344	0.3929	0.2931	0.2190	0.2061	0.7033	0.2460	0.1533	0.6844	0.2736	0.1565	0.7278	0.1863	0.2144	0.2221	0.2031	0.1526	0.2353	0.2308	0.1573	0.1920	0.3423	0.8901	0.4639	0.3423	0.8901	0.4639	0.2411	0.0376	0.6659	0.1900	0.0442	0.2591	0.2090	0.2966	0.6237	0.1872	0.3004	0.2988	0.0157	-0.0052	0.0381	0.0096	-0.0003	-0.0374	0.3381	1.2872	0.4737	0.2275	0.6573	0.3729	0.0077	0.0264	-0.0466	0.2388	0.6535	0.5646	0.0130	0.0338	0.0451	-0.0526	-0.0168	-0.0867	-0.0503	-0.0256	0.0754	0.1800	-0.0489	0.1552	0.0621	0.0000	0.0000	0.0000	0.0000	0.0000	0.0039	0.0514	0.0000	-0.0659	-0.0366	-0.0527	-0.0643	-0.0388	0.0419	0.2074	-0.0346	-0.1337	0.0655	0.0000	0.0000	0.0000	0.0000	0.0000	0.0061	0.0513	0.0000	0.2284	1.3372	0.4623	0.3584	0.8844	0.5650	0.3263	0.8958	0.3629	0.3335	1.2890	0.5256	0.3426	1.2854	0.4218	0.2485	0.8294	0.4115	0.2682	0.8224	0.5358	0.1921	0.4581	0.6554	0.1955	0.4634	0.2744	0.1987	0.0629	0.6966	0.1426	0.0810	0.2263	0.2036	0.4511	0.5991	0.2024	0.4512	0.3267	0.2169	0.0697	0.6598	0.1648	0.0790	0.2578	0.1636	0.0377	0.6384	0.1127	0.0507	0.2627	0.3389	0.0375	0.7007	0.2876	0.0360	0.2546	0.1938	0.9577	0.4832	0.2351	0.0764	0.6231	0.1869	0.0769	0.2894	0.2152	0.4442	0.5428	0.2093	0.4389	0.3789
109	1.09	0.3581	0.8845	0.5636	0.3264	0.8957	0.3643	0.2669	0.4507	0.6181	0.2602	0.4786	0.3079	0.2483	0.3883	0.6238	0.2344	0.3929	0.2931	0.2190	0.2061	0.7032	0.2460	0.1534	0.6844	0.2736	0.1566	0.7278	0.1863	0.2144	0.2221	0.2031	0.1526	0.2353	0.2308	0.1573	0.1920	0.3423	0.8901	0.4639	0.3423	0.8901	0.4639	0.2411	0.0376	0.6659	0.1900	0.0443	0.2591	0.2089	0.2966	0.6237	0.1871	0.3005	0.2988	0.0157	-0.0053	0.0381	0.0096	-0.0003	-0.0374	0.3380	1.2872	0.4738	0.2275	0.6573	0.3729	0.0077	0.0264	-0.0465	0.2388	0.6535	0.5646	0.0130	0.0338	0.0451	-0.0526	-0.0168	-0.0867	-0.0502	-0.0256	0.0754	0.1800	-0.0489	0.1552	0.0621	0.0000	0.0000	0.0000	0.0000	0.0000	0.0039	0.0514	0.0000	-0.0658	-0.0366	-0.0527	-0.0642	-0.0388	0.0420	0.2073	-0.0346	-0.1337	0.0655	0.0000	0.0000	0.0000	0.0000	0.0000	0.0061	0.0513	0.0000	0.2283	1.3372	0.4622	0.3583	0.8844	0.5650	0.3262	0.8958	0.3629	0.3334	1.2891	0.5257	0.3426	1.2854	0.4219	0.2484	0.8294	0.4115	0.2681	0.8224	0.5358	0.1920	0.4581	0.6553	0.1954	0.4634	0.2744	0.1987	0.0629	0.6966	0.1426	0.0811	0.2263	0.2036	0.4511	0.5991	0.2024	0.4512	0.3267	0.2168	0.0697	0.6599	0.1647	0.0790	0.2578	0.1636	0.0377	0.6383	0.1126	0.0508	0.2627	0.3389	0.0375	0.7007	0.2876	0.0361	0.2546	0.1939	0.9577	0.4831	0.2350	0.0764	0.6231	0.1869	0.0770	0.2894	0.2151	0.4442	0.5428	0.2093	0.4390	0.3789
110	1.10	0.3580	0.8845	0.5636	0.3264	0.8957	0.3643	0.2669	0.4507	0.6181	0.2602	0.4786	0.3079	0.2482	0.3882	0.6238	0.2344	0.3929	0.2931	0.2189	0.2061	0.7032	0.2459	0.1534	0.6844	0.2735	0.1566	0.7278	0.1863	0.2144	0.2221	0.2031	0.1526	0.2353	0.2308	0.1573	0.1920	0.3422	0.8901	0.4639	0.3422	0.8901	0.4639	0.2410	0.0376	0.6659	0.1899	0.0442	0.2591	0.2089	0.2966	0.6237	0.1871	0.3004	0.2988	0.0157	-0.0053	0.0380	0.0096	-0.0003	-0.0374	0.3379	1.2872	0.4739	0.2274	0.6573	0.3729	0.0077	0.0264	-0.0466	0.2387	0.6535	0.5646	0.0130	0.0338	0.0451	-0.0526	-0.0168	-0.0867	-0.0502	-0.0257	0.0755	0.1800	-0.0488	0.1552	0.0621	0.0000	0.0000	0.0000	0.0000	0.0000	0.0039	0.0514	0.0000	-0.0658	-0.0366	-0.0528	-0.0642	-0.0389	0.0420	0.2073	-0.0346	-0.1338	0.0654	0.0000	0.0000	0.0000	0.0000	0.0000	0.0061	0.0513	0.0000	0.2282	1.3372	0.4623	0.3582	0.8844	0.5650	0.3262	0.8958	0.3629	0.3334	1.2890	0.5257	0.3425	1.2853	0.4220	0.2484	0.8295	0.4115	0.2681	0.8224	0.5357	0.1919	0.4580	0.6553	0.1954	0.4634	0.2744	0.1986	0.0629	0.6966	0.1425	0.0811	0.2263	0.2035	0.4511	0.5991	0.2023	0.4512	0.3266	0.2168	0.0696	0.6599	0.1647	0.0790	0.2578	0.1636	0.0377	0.6383	0.1126	0.0507	0.2627	0.3388	0.0375	0.7007	0.2876	0.0361	0.2546	0.1941	0.9577	0.4830	0.2349	0.0764	0.6232	0.1869	0.0769	0.2894	0.2151	0.4442	0.5428	0.2092	0.4389	0.3789
111	1.11	0.3580	0.8845	0.5636	0.3264	0.8958	0.3642	0.2668	0.4506	0.6182	0.2603	0.4786	0.3079	0.2482	0.3882	0.6238	0.2344	0.3929	0.2931	0.2189	0.2060	0.7032	0.2459	0.1533	0.6844	0.2735	0.1565	0.7278	0.1863	0.2145	0.2220	0.2032	0.1526	0.2353	0.2308	0.1573	0.1920	0.3422	0.8901	0.4639	0.3422	0.8901	0.4639	0.2410	0.0375	0.6659	0.1900	0.0442	0.2592	0.2089	0.2966	0.6237	0.1871	0.3004	0.2988	0.0157	-0.0053	0.0380	0.0096	-0.0003	-0.0374	0.3379	1.2871	0.4739	0.2274	0.6573	0.3729	0.0077	0.0264	-0.0466	0.2387	0.6534	0.5645	0.0130	0.0338	0.0451	-0.0526	-0.0169	-0.0867	-0.0502	-0.0257	0.0755	0.1800	-0.0487	0.1551	0.0621	0.0000	0.0000	0.0000	0.0000	0.0000	0.0038	0.0514	0.0000	-0.0658	-0.0367	-0.0527	-0.0643	-0.0389	0.0421	0.2073	-0.0346	-0.1338	0.0655	0.0000	0.0000	0.0000	0.0000	0.0000	0.0061	0.0513	0.0000	0.2282	1.3372	0.4623	0.3582	0.8844	0.5650	0.3262	0.8958	0.3628	0.3333	1.2890	0.5258	0.3425	1.2853	0.4221	0.2484	0.8294	0.4115	0.2681	0.8224	0.5357	0.1919	0.4580	0.6553	0.1954	0.4634	0.2744	0.1987	0.0628	0.6966	0.1425	0.0810	0.2263	0.2035	0.4511	0.5990	0.2023	0.4511	0.3266	0.2168	0.0696	0.6599	0.1647	0.0789	0.2579	0.1636	0.0376	0.6384	0.1127	0.0506	0.2628	0.3388	0.0374	0.7007	0.2876	0.0360	0.2546	0.1942	0.9576	0.4830	0.2349	0.0764	0.6232	0.1869	0.0769	0.2894	0.2151	0.4442	0.5428	0.2092	0.4389	0.3789
112	1.12	0.3580	0.8845	0.5636	0.3264	0.8958	0.3642	0.2668	0.4505	0.6182	0.2603	0.4786	0.3079	0.2481	0.3881	0.6238	0.2344	0.3929	0.2931	0.2189	0.2060	0.7032	0.2458	0.1533	0.6845	0.2735	0.1565	0.7279	0.1863	0.2145	0.2220	0.2032	0.1526	0.2353	0.2308	0.1573	0.1920	0.3422	0.8901	0.4639	0.3422	0.8901	0.4639	0.2411	0.0375	0.6660	0.1900	0.0441	0.2592	0.2089	0.2966	0.6236	0.1871	0.3004	0.2988	0.0158	-0.0052	0.0381	0.0096	-0.0003	-0.0374	0.3378	1.2871	0.4740	0.2274	0.6573	0.3729	0.0077	0.0264	-0.0466	0.2387	0.6534	0.5645	0.0131	0.0338	0.0451	-0.0526	-0.0169	-0.0866	-0.0503	-0.0257	0.0755	0.1800	-0.0487	0.1551	0.0621	0.0000	0.0000	0.0000	0.0000	0.0000	0.0038	0.0514	0.0000	-0.0658	-0.0367	-0.0526	-0.0643	-0.0389	0.0421	0.2073	-0.0347	-0.1338	0.0655	0.0000	0.0000	0.0000	0.0000	0.0000	0.0061	0.0513	0.0000	0.2281	1.3371	0.4624	0.3582	0.8844	0.5650	0.3262	0.8959	0.3628	0.3333	1.2890	0.5259	0.3424	1.2852	0.4221	0.2484	0.8294	0.4114	0.2680	0.8224	0.5357	0.1918	0.4579	0.6553	0.1955	0.4634	0.2743	0.1986	0.0628	0.6966	0.1425	0.0809	0.2264	0.2035	0.4510	0.5990	0.2023	0.4511	0.3266	0.2169	0.0696	0.6598	0.1647	0.0789	0.2579	0.1636	0.0376	0.6384	0.1127	0.0505	0.2628	0.3388	0.0374	0.7008	0.2876	0.0360	0.2547	0.1942	0.9575	0.4830	0.2351	0.0764	0.6231	0.1868	0.0768	0.2894	0.2151	0.4442	0.5427	0.2091	0.4388	0.3789
113	1.13	0.3579	0.8844	0.5636	0.3264	0.8957	0.3642	0.2667	0.4505	0.6182	0.2602	0.4786	0.3079	0.2481	0.3881	0.6238	0.2344	0.3929	0.2931	0.2188	0.2060	0.7032	0.2458	0.1533	0.6844	0.2735	0.1565	0.7278	0.1863	0.2145	0.2220	0.2031	0.1526	0.2353	0.2308	0.1573	0.1920	0.3421	0.8901	0.4639	0.3421	0.8901	0.4639	0.2410	0.0375	0.6660	0.1900	0.0441	0.2592	0.2089	0.2965	0.6236	0.1870	0.3004	0.2988	0.0158	-0.0052	0.0381	0.0096	-0.0003	-0.0374	0.3378	1.2871	0.4741	0.2274	0.6573	0.3728	0.0077	0.0264	-0.0466	0.2386	0.6534	0.5645	0.0131	0.0338	0.0451	-0.0526	-0.0169	-0.0867	-0.0503	-0.0257	0.0755	0.1800	-0.0487	0.1551	0.0621	0.0000	0.0000	0.0000	0.0000	0.0000	0.0038	0.0514	0.0000	-0.0658	-0.0367	-0.0526	-0.0643	-0.0389	0.0420	0.2073	-0.0348	-0.1337	0.0655	0.0000	0.0000	0.0000	0.0000	0.0000	0.0062	0.0513	0.0000	0.2280	1.3371	0.4624	0.3581	0.8843	0.5650	0.3261	0.8958	0.3628	0.3332	1.2890	0.5259	0.3423	1.2852	0.4222	0.2483	0.8294	0.4114	0.2680	0.8223	0.5356	0.1918	0.4579	0.6552	0.1954	0.4634	0.2743	0.1986	0.0628	0.6966	0.1425	0.0810	0.2263	0.2034	0.4510	0.5990	0.2023	0.4511	0.3266	0.2169	0.0696	0.6598	0.1647	0.0789	0.2579	0.1636	0.0375	0.6384	0.1126	0.0506	0.2628	0.3388	0.0374	0.7008	0.2876	0.0360	0.2546	0.1940	0.9575	0.4829	0.2351	0.0764	0.6231	0.1868	0.0768	0.2894	0.2151	0.4441	0.5427	0.2091	0.4388	0.3789
114	1.14	0.3578	0.8844	0.5636	0.3263	0.8957	0.3642	0.2667	0.4505	0.6181	0.2602	0.4785	0.3079	0.2480	0.3881	0.6237	0.2344	0.3929	0.2931	0.2188	0.2060	0.7032	0.2458	0.1533	0.6844	0.2734	0.1565	0.7278	0.1863	0.2144	0.2220	0.2031	0.1525	0.2353	0.2308	0.1572	0.1920	0.3420	0.8900	0.4639	0.3420	0.8900	0.4639	0.2410	0.0375	0.6659	0.1899	0.0442	0.2591	0.2088	0.2965	0.6236	0.1870	0.3004	0.2987	0.0158	-0.0052	0.0381	0.0096	-0.0003	-0.0374	0.3377	1.2870	0.4741	0.2273	0.6573	0.3728	0.0077	0.0264	-0.0466	0.2385	0.6534	0.5644	0.0130	0.0338	0.0451	-0.0526	-0.0168	-0.0867	-0.0502	-0.0257	0.0754	0.1800	-0.0488	0.1551	0.0621	0.0000	0.0000	0.0000	0.0000	0.0000	0.0038	0.0514	0.0000	-0.0659	-0.0367	-0.0526	-0.0643	-0.0388	0.0420	0.2074	-0.0347	-0.1337	0.0655	0.0000	0.0000	0.0000	0.0000	0.0000	0.0062	0.0513	0.0000	0.2279	1.3372	0.4624	0.3580	0.8843	0.5650	0.3261	0.8958	0.3628	0.3331	1.2890	0.5259	0.3422	1.2851	0.4223	0.2483	0.8294	0.4114	0.2679	0.8223	0.5356	0.1917	0.4579	0.6552	0.1954	0.4634	0.2743	0.1986	0.0628	0.6966	0.1425	0.0810	0.2263	0.2034	0.4510	0.5989	0.2022	0.4511	0.3265	0.2168	0.0696	0.6598	0.1647	0.0789	0.2578	0.1636	0.0376	0.6383	0.1126	0.0506	0.2627	0.3388	0.0374	0.7007	0.2876	0.0360	0.2546	0.1939	0.9576	0.4829	0.2351	0.0764	0.6231	0.1868	0.0769	0.2894	0.2150	0.4441	0.5427	0.2091	0.4389	0.3788
115	1.15	0.3578	0.8844	0.5636	0.3263	0.8957	0.3642	0.2667	0.4506	0.6181	0.2602	0.4785	0.3079	0.2480	0.3882	0.6237	0.2344	0.3929	0.2930	0.2188	0.2060	0.7031	0.2458	0.1533	0.6844	0.2734	0.1566	0.7278	0.1864	0.2144	0.2220	0.2031	0.1525	0.2353	0.2308	0.1572	0.1920	0.3420	0.8900	0.4639	0.3420	0.8900	0.4639	0.2411	0.0375	0.6659	0.1899	0.0442	0.2591	0.2088	0.2965	0.6236	0.1870	0.3004	0.2987	0.0157	-0.0052	0.0381	0.0096	-0.0003	-0.0374	0.3376	1.2870	0.4741	0.2273	0.6573	0.3728	0.0077	0.0265	-0.0466	0.2385	0.6534	0.5644	0.0130	0.0338	0.0452	-0.0526	-0.0168	-0.0867	-0.0502	-0.0256	0.0754	0.1799	-0.0488	0.1552	0.0621	0.0000	0.0000	0.0000	0.0000	0.0000	0.0039	0.0514	0.0000	-0.0658	-0.0366	-0.0527	-0.0643	-0.0388	0.0419	0.2074	-0.0347	-0.1336	0.0655	0.0000	0.0000	0.0000	0.0000	0.0000	0.0062	0.0513	0.0000	0.2279	1.3372	0.4624	0.3580	0.8843	0.5650	0.3261	0.8958	0.3628	0.3331	1.2890	0.5260	0.3422	1.2850	0.4223	0.2482	0.8294	0.4114	0.2678	0.8223	0.5356	0.1917	0.4580	0.6552	0.1954	0.4634	0.2742	0.1986	0.0628	0.6966	0.1425	0.0810	0.2262	0.2033	0.4510	0.5989	0.2023	0.4511	0.3265	0.2169	0.0696	0.6598	0.1647	0.0790	0.2578	0.1636	0.0376	0.6383	0.1126	0.0507	0.2626	0.3388	0.0374	0.7007	0.2876	0.0360	0.2546	0.1938	0.9576	0.4828	0.2351	0.0764	0.6231	0.1869	0.0769	0.2894	0.2150	0.4440	0.5426	0.2091	0.4389	0.3788
116	1.16	0.3577	0.8844	0.5635	0.3263	0.8957	0.3641	0.2667	0.4506	0.6180	0.2602	0.4785	0.3078	0.2481	0.3882	0.6236	0.2344	0.3929	0.2930	0.2188	0.2061	0.7031	0.2459	0.1534	0.6844	0.2735	0.1566	0.7278	0.1864	0.2144	0.2220	0.2031	0.1525	0.2353	0.2308	0.1572	0.1920	0.3420	0.8901	0.4638	0.3420	0.8901	0.4638	0.2411	0.0375	0.6659	0.1900	0.0442	0.2591	0.2088	0.2966	0.6235	0.1871	0.3004	0.2986	0.0157	-0.0052	0.0381	0.0096	-0.0003	-0.0374	0.3376	1.2870	0.4742	0.2273	0.6573	0.3727	0.0078	0.0265	-0.0465	0.2385	0.6534	0.5643	0.0130	0.0338	0.0452	-0.0525	-0.0168	-0.0868	-0.0503	-0.0256	0.0754	0.1799	-0.0488	0.1552	0.0621	0.0000	0.0000	0.0000	0.0000	0.0000	0.0038	0.0514	0.0000	-0.0658	-0.0366	-0.0527	-0.0643	-0.0388	0.0419	0.2074	-0.0348	-0.1336	0.0654	0.0000	0.0000	0.0000	0.0000	0.0000	0.0062	0.0513	0.0000	0.2278	1.3372	0.4625	0.3579	0.8843	0.5649	0.3261	0.8958	0.3627	0.3330	1.2891	0.5260	0.3421	1.2850	0.4223	0.2482	0.8294	0.4113	0.2678	0.8223	0.5355	0.1917	0.4580	0.6551	0.1954	0.4634	0.2742	0.1987	0.0629	0.6965	0.1426	0.0810	0.2262	0.2033	0.4510	0.5989	0.2023	0.4512	0.3265	0.2169	0.0696	0.6598	0.1647	0.0790	0.2578	0.1636	0.0376	0.6383	0.1127	0.0507	0.2626	0.3389	0.0375	0.7007	0.2876	0.0360	0.2546	0.1937	0.9576	0.4828	0.2351	0.0764	0.6230	0.1869	0.0769	0.2893	0.2150	0.4440	0.5426	0.2092	0.4390	0.3787
117	1.17	0.3576	0.8844	0.5635	0.3262	0.8957	0.3641	0.2666	0.4507	0.6180	0.2601	0.4786	0.3078	0.2480	0.3882	0.6236	0.2343	0.3929	0.2929	0.2188	0.2061	0.7031	0.2458	0.1534	0.6843	0.2734	0.1566	0.7278	0.1863	0.2144	0.2219	0.2031	0.1526	0.2353	0.2308	0.1573	0.1919	0.3419	0.8901	0.4638	0.3419	0.8901	0.4638	0.2411	0.0376	0.6659	0.1900	0.0442	0.2591	0.2088	0.2966	0.6235	0.1871	0.3005	0.2986	0.0157	-0.0052	0.0381	0.0096	-0.0003	-0.0374	0.3375	1.2870	0.4742	0.2273	0.6573	0.3727	0.0078	0.0265	-0.0465	0.2384	0.6534	0.5643	0.0130	0.0338	0.0452	-0.0526	-0.0168	-0.0868	-0.0502	-0.0256	0.0754	0.1799	-0.0489	0.1552	0.0621	0.0000	0.0000	0.0000	0.0000	0.0000	0.0038	0.0514	0.0000	-0.0659	-0.0366	-0.0527	-0.0642	-0.0388	0.0419	0.2074	-0.0347	-0.1337	0.0654	0.0000	0.0000	0.0000	0.0000	0.0000	0.0061	0.0513	0.0000	0.2277	1.3372	0.4625	0.3578	0.8843	0.5649	0.3260	0.8958	0.3627	0.3329	1.2891	0.5260	0.3420	1.2850	0.4224	0.2482	0.8294	0.4113	0.2677	0.8224	0.5355	0.1916	0.4580	0.6551	0.1954	0.4634	0.2742	0.1986	0.0629	0.6965	0.1426	0.0810	0.2262	0.2033	0.4510	0.5988	0.2022	0.4512	0.3264	0.2169	0.0696	0.6598	0.1647	0.0790	0.2577	0.1636	0.0376	0.6383	0.1127	0.0507	0.2626	0.3389	0.0375	0.7007	0.2876	0.0361	0.2546	0.1936	0.9577	0.4827	0.2351	0.0764	0.6230	0.1869	0.0770	0.2893	0.2149	0.4441	0.5426	0.2091	0.4390	0.3787
118	1.18	0.3575	0.8844	0.5635	0.3262	0.8957	0.3641	0.2665	0.4507	0.6180	0.2601	0.4786	0.3078	0.2479	0.3883	0.6236	0.2343	0.3930	0.2929	0.2187	0.2061	0.7031	0.2458	0.1534	0.6843	0.2734	0.1566	0.7278	0.1863	0.2144	0.2219	0.2031	0.1526	0.2352	0.2308	0.1573	0.1919	0.3418	0.8901	0.4638	0.3418	0.8901	0.4638	0.2410	0.0376	0.6658	0.1899	0.0443	0.2590	0.2087	0.2966	0.6235	0.1870	0.3005	0.2986	0.0157	-0.0052	0.0381	0.0096	-0.0003	-0.0374	0.3374	1.2871	0.4742	0.2272	0.6573	0.3727	0.0078	0.0265	-0.0466	0.2383	0.6534	0.5643	0.0130	0.0338	0.0452	-0.0526	-0.0167	-0.0867	-0.0502	-0.0256	0.0754	0.1799	-0.0489	0.1552	0.0621	0.0000	0.0000	0.0000	0.0000	0.0000	0.0038	0.0514	0.0000	-0.0659	-0.0366	-0.0528	-0.0642	-0.0388	0.0419	0.2074	-0.0346	-0.1337	0.0654	0.0000	0.0000	0.0000	0.0000	0.0000	0.0061	0.0513	0.0000	0.2276	1.3373	0.4625	0.3578	0.8844	0.5649	0.3259	0.8958	0.3627	0.3328	1.2892	0.5260	0.3419	1.2849	0.4224	0.2481	0.8294	0.4113	0.2676	0.8224	0.5355	0.1915	0.4580	0.6550	0.1953	0.4634	0.2742	0.1986	0.0629	0.6965	0.1425	0.0811	0.2262	0.2032	0.4510	0.5988	0.2021	0.4512	0.3264	0.2168	0.0697	0.6598	0.1647	0.0790	0.2577	0.1636	0.0377	0.6382	0.1126	0.0507	0.2625	0.3388	0.0375	0.7007	0.2876	0.0361	0.2546	0.1934	0.9577	0.4826	0.2350	0.0764	0.6230	0.1868	0.0770	0.2893	0.2148	0.4441	0.5425	0.2090	0.4390	0.3787
119	1.19	0.3575	0.8845	0.5635	0.3262	0.8958	0.3641	0.2665	0.4507	0.6180	0.2601	0.4786	0.3077	0.2479	0.3882	0.6236	0.2343	0.3930	0.2929	0.2187	0.2061	0.7031	0.2458	0.1534	0.6843	0.2733	0.1566	0.7278	0.1863	0.2144	0.2219	0.2031	0.1526	0.2352	0.2308	0.1573	0.1919	0.3418	0.8901	0.4638	0.3418	0.8901	0.4638	0.2410	0.0376	0.6659	0.1899	0.0442	0.2590	0.2087	0.2966	0.6235	0.1870	0.3005	0.2986	0.0157	-0.0052	0.0381	0.0096	-0.0003	-0.0374	0.3373	1.2871	0.4742	0.2272	0.6573	0.3726	0.0078	0.0264	-0.0466	0.2383	0.6534	0.5643	0.0130	0.0338	0.0451	-0.0525	-0.0168	-0.0868	-0.0502	-0.0257	0.0755	0.1799	-0.0489	0.1552	0.0621	0.0000	0.0000	0.0000	0.0000	0.0000	0.0038	0.0514	0.0000	-0.0658	-0.0366	-0.0527	-0.0642	-0.0389	0.0420	0.2074	-0.0346	-0.1337	0.0654	0.0000	0.0000	0.0000	0.0000	0.0000	0.0061	0.0513	0.0000	0.2275	1.3372	0.4625	0.3577	0.8844	0.5649	0.3260	0.8959	0.3627	0.3327	1.2892	0.5261	0.3418	1.2849	0.4224	0.2481	0.8294	0.4112	0.2676	0.8224	0.5355	0.1915	0.4580	0.6550	0.1953	0.4634	0.2741	0.1986	0.0629	0.6965	0.1425	0.0810	0.2262	0.2031	0.4510	0.5988	0.2021	0.4512	0.3264	0.2168	0.0697	0.6597	0.1647	0.0790	0.2577	0.1636	0.0376	0.6382	0.1126	0.0507	0.2626	0.3388	0.0375	0.7007	0.2875	0.0361	0.2546	0.1933	0.9577	0.4826	0.2351	0.0764	0.6230	0.1868	0.0770	0.2893	0.2148	0.4441	0.5425	0.2090	0.4390	0.3787
120	1.20	0.3574	0.8845	0.5635	0.3262	0.8958	0.3640	0.2664	0.4506	0.6180	0.2601	0.4787	0.3077	0.2478	0.3882	0.6236	0.2343	0.3930	0.2929	0.2187	0.2061	0.7031	0.2458	0.1533	0.6843	0.2733	0.1566	0.7278	0.1863	0.2144	0.2219	0.2031	0.1526	0.2352	0.2309	0.1573	0.1919	0.3418	0.8901	0.4637	0.3418	0.8901	0.4637	0.2411	0.0375	0.6659	0.1900	0.0441	0.2591	0.2087	0.2966	0.6235	0.1870	0.3004	0.2986	0.0158	-0.0052	0.0381	0.0096	-0.0003	-0.0374	0.3372	1.2870	0.4743	0.2272	0.6573	0.3726	0.0077	0.0264	-0.0466	0.2383	0.6534	0.5642	0.0131	0.0338	0.0452	-0.0525	-0.0168	-0.0867	-0.0503	-0.0257	0.0755	0.1799	-0.0488	0.1552	0.0621	0.0000	0.0000	0.0000	0.0000	0.0000	0.0038	0.0514	0.0000	-0.0658	-0.0367	-0.0527	-0.0643	-0.0389	0.0420	0.2074	-0.0347	-0.1337	0.0654	0.0000	0.0000	0.0000	0.0000	0.0000	0.0061	0.0513	0.0000	0.2275	1.3372	0.4626	0.3576	0.8844	0.5649	0.3259	0.8959	0.3626	0.3327	1.2891	0.5262	0.3417	1.2849	0.4224	0.2481	0.8294	0.4111	0.2676	0.8223	0.5354	0.1914	0.4579	0.6550	0.1953	0.4635	0.2741	0.1986	0.0628	0.6965	0.1425	0.0809	0.2262	0.2031	0.4510	0.5987	0.2021	0.4512	0.3264	0.2169	0.0696	0.6598	0.1647	0.0789	0.2578	0.1636	0.0376	0.6383	0.1127	0.0506	0.2626	0.3388	0.0375	0.7008	0.2876	0.0360	0.2546	0.1932	0.9577	0.4827	0.2351	0.0764	0.6230	0.1868	0.0769	0.2893	0.2149	0.4441	0.5425	0.2089	0.4390	0.3787
121	1.21	0.3574	0.8844	0.5635	0.3261	0.8958	0.3640	0.2664	0.4505	0.6180	0.2601	0.4787	0.3077	0.2478	0.3881	0.6236	0.2343	0.3930	0.2929	0.2187	0.2060	0.7031	0.2457	0.1533	0.6844	0.2733	0.1566	0.7278	0.1863	0.2144	0.2219	0.2031	0.1526	0.2352	0.2309	0.1573	0.1919	0.3417	0.8901	0.4637	0.3417	0.8901	0.4637	0.2411	0.0375	0.6659	0.1900	0.0441	0.2591	0.2087	0.2965	0.6235	0.1869	0.3004	0.2986	0.0158	-0.0053	0.0381	0.0096	-0.0003	-0.0374	0.3371	1.2870	0.4743	0.2271	0.6573	0.3725	0.0077	0.0264	-0.0466	0.2382	0.6533	0.5642	0.0131	0.0338	0.0452	-0.0526	-0.0168	-0.0867	-0.0503	-0.0257	0.0755	0.1800	-0.0487	0.1551	0.0621	0.0000	0.0000	0.0000	0.0000	0.0000	0.0038	0.0514	0.0000	-0.0658	-0.0367	-0.0526	-0.0643	-0.0389	0.0420	0.2074	-0.0346	-0.1337	0.0654	0.0000	0.0000	0.0000	0.0000	0.0000	0.0061	0.0513	0.0000	0.2274	1.3372	0.4627	0.3576	0.8843	0.5648	0.3259	0.8959	0.3626	0.3326	1.2891	0.5262	0.3416	1.2848	0.4224	0.2480	0.8294	0.4111	0.2675	0.8223	0.5353	0.1914	0.4579	0.6550	0.1953	0.4635	0.2741	0.1986	0.0628	0.6965	0.1425	0.0809	0.2262	0.2031	0.4510	0.5987	0.2021	0.4512	0.3264	0.2168	0.0696	0.6598	0.1646	0.0789	0.2578	0.1636	0.0375	0.6383	0.1126	0.0505	0.2627	0.3388	0.0374	0.7008	0.2876	0.0360	0.2547	0.1930	0.9577	0.4826	0.2350	0.0764	0.6230	0.1868	0.0768	0.2893	0.2148	0.4441	0.5425	0.2089	0.4389	0.3787
122	1.22	0.3573	0.8844	0.5634	0.3260	0.8958	0.3640	0.2663	0.4505	0.6180	0.2600	0.4786	0.3076	0.2478	0.3881	0.6236	0.2342	0.3929	0.2929	0.2186	0.2060	0.7030	0.2457	0.1533	0.6843	0.2733	0.1566	0.7278	0.1863	0.2143	0.2219	0.2031	0.1525	0.2352	0.2308	0.1572	0.1919	0.3416	0.8901	0.4637	0.3416	0.8901	0.4637	0.2410	0.0375	0.6659	0.1899	0.0441	0.2591	0.2086	0.2965	0.6234	0.1869	0.3004	0.2985	0.0158	-0.0053	0.0380	0.0096	-0.0002	-0.0374	0.3370	1.2870	0.4743	0.2271	0.6573	0.3725	0.0077	0.0264	-0.0466	0.2381	0.6533	0.5642	0.0130	0.0338	0.0451	-0.0526	-0.0168	-0.0867	-0.0502	-0.0257	0.0755	0.1800	-0.0487	0.1551	0.0621	0.0000	0.0000	0.0000	0.0000	0.0000	0.0038	0.0514	0.0000	-0.0658	-0.0366	-0.0527	-0.0643	-0.0389	0.0420	0.2074	-0.0347	-0.1337	0.0654	0.0000	0.0000	0.0000	0.0000	0.0000	0.0061	0.0513	0.0000	0.2272	1.3372	0.4627	0.3575	0.8843	0.5648	0.3258	0.8959	0.3626	0.3325	1.2891	0.5262	0.3415	1.2848	0.4225	0.2479	0.8294	0.4111	0.2674	0.8223	0.5353	0.1913	0.4578	0.6549	0.1953	0.4635	0.2740	0.1986	0.0628	0.6965	0.1424	0.0809	0.2262	0.2031	0.4509	0.5987	0.2020	0.4512	0.3263	0.2168	0.0696	0.6598	0.1646	0.0789	0.2577	0.1636	0.0376	0.6383	0.1126	0.0506	0.2626	0.3388	0.0374	0.7008	0.2875	0.0360	0.2547	0.1931	0.9577	0.4826	0.2350	0.0763	0.6231	0.1867	0.0768	0.2893	0.2148	0.4440	0.5425	0.2088	0.4389	0.3786
123	1.23	0.3572	0.8844	0.5634	0.3259	0.8958	0.3640	0.2663	0.4505	0.6179	0.2600	0.4786	0.3076	0.2478	0.3881	0.6235	0.2342	0.3929	0.2928	0.2186	0.2060	0.7030	0.2457	0.1533	0.6843	0.2733	0.1566	0.7278	0.1863	0.2144	0.2219	0.2031	0.1525	0.2352	0.2308	0.1572	0.1919	0.3416	0.8901	0.4637	0.3416	0.8901	0.4637	0.2410	0.0375	0.6659	0.1899	0.0442	0.2590	0.2086	0.2965	0.6234	0.1869	0.3004	0.2985	0.0158	-0.0052	0.0381	0.0096	-0.0002	-0.0374	0.3369	1.2870	0.4743	0.2270	0.6573	0.3725	0.0077	0.0264	-0.0466	0.2381	0.6533	0.5641	0.0130	0.0338	0.0451	-0.0526	-0.0168	-0.0867	-0.0502	-0.0257	0.0755	0.1800	-0.0487	0.1551	0.0621	0.0000	0.0000	0.0000	0.0000	0.0000	0.0038	0.0514	0.0000	-0.0658	-0.0366	-0.0527	-0.0643	-0.0388	0.0420	0.2074	-0.0347	-0.1337	0.0654	0.0000	0.0000	0.0000	0.0000	0.0000	0.0062	0.0513	0.0000	0.2270	1.3372	0.4627	0.3575	0.8843	0.5648	0.3257	0.8959	0.3626	0.3324	1.2892	0.5261	0.3414	1.2848	0.4224	0.2478	0.8294	0.4111	0.2673	0.8223	0.5353	0.1913	0.4579	0.6549	0.1952	0.4634	0.2740	0.1986	0.0628	0.6965	0.1424	0.0810	0.2261	0.2030	0.4509	0.5986	0.2020	0.4512	0.3263	0.2168	0.0696	0.6598	0.1646	0.0789	0.2577	0.1636	0.0376	0.6382	0.1125	0.0506	0.2625	0.3388	0.0374	0.7008	0.2875	0.0360	0.2546	0.1936	0.9575	0.4826	0.2351	0.0764	0.6230	0.1867	0.0768	0.2893	0.2148	0.4440	0.5424	0.2088	0.4390	0.3786
124	1.24	0.3572	0.8844	0.5634	0.3259	0.8958	0.3639	0.2664	0.4506	0.6179	0.2599	0.4786	0.3076	0.2478	0.3882	0.6235	0.2342	0.3930	0.2928	0.2187	0.2060	0.7030	0.2457	0.1533	0.6843	0.2733	0.1566	0.7278	0.1863	0.2144	0.2218	0.2031	0.1525	0.2352	0.2308	0.1572	0.1919	0.3415	0.8901	0.4636	0.3415	0.8901	0.4636	0.2411	0.0375	0.6659	0.1899	0.0441	0.2591	0.2086	0.2965	0.6234	0.1869	0.3004	0.2985	0.0158	-0.0052	0.0381	0.0096	-0.0003	-0.0374	0.3368	1.2870	0.4743	0.2270	0.6574	0.3725	0.0077	0.0264	-0.0466	0.2381	0.6534	0.5641	0.0130	0.0338	0.0452	-0.0526	-0.0168	-0.0867	-0.0503	-0.0256	0.0754	0.1800	-0.0488	0.1551	0.0621	0.0000	0.0000	0.0000	0.0000	0.0000	0.0038	0.0514	0.0000	-0.0658	-0.0366	-0.0527	-0.0643	-0.0388	0.0420	0.2074	-0.0347	-0.1337	0.0655	0.0000	0.0000	0.0000	0.0000	0.0000	0.0062	0.0513	0.0000	0.2270	1.3372	0.4628	0.3574	0.8843	0.5647	0.3256	0.8959	0.3626	0.3324	1.2892	0.5262	0.3413	1.2848	0.4224	0.2478	0.8295	0.4111	0.2673	0.8224	0.5353	0.1913	0.4579	0.6549	0.1952	0.4634	0.2740	0.1986	0.0628	0.6965	0.1425	0.0809	0.2261	0.2030	0.4510	0.5986	0.2020	0.4512	0.3263	0.2169	0.0696	0.6597	0.1647	0.0789	0.2577	0.1637	0.0375	0.6382	0.1126	0.0506	0.2626	0.3388	0.0374	0.7008	0.2876	0.0360	0.2546	0.1938	0.9574	0.4826	0.2351	0.0764	0.6230	0.1868	0.0769	0.2893	0.2148	0.4440	0.5424	0.2089	0.4390	0.3786
125	1.25	0.3571	0.8844	0.5634	0.3257	0.8958	0.3639	0.2663	0.4506	0.6179	0.2599	0.4786	0.3076	0.2478	0.3882	0.6235	0.2341	0.3930	0.2928	0.2187	0.2061	0.7030	0.2457	0.1534	0.6843	0.2733	0.1566	0.7278	0.1863	0.2144	0.2218	0.2030	0.1525	0.2352	0.2308	0.1572	0.1919	0.3414	0.8901	0.4636	0.3414	0.8901	0.4636	0.2411	0.0375	0.6659	0.1899	0.0441	0.2591	0.2086	0.2965	0.6234	0.1869	0.3005	0.2985	0.0158	-0.0052	0.0381	0.0096	-0.0003	-0.0374	0.3368	1.2870	0.4743	0.2269	0.6574	0.3725	0.0077	0.0264	-0.0466	0.2380	0.6534	0.5641	0.0130	0.0338	0.0452	-0.0526	-0.0168	-0.0867	-0.0503	-0.0256	0.0754	0.1800	-0.0488	0.1551	0.0621	0.0000	0.0000	0.0000	0.0000	0.0000	0.0038	0.0514	0.0000	-0.0658	-0.0366	-0.0527	-0.0643	-0.0388	0.0419	0.2074	-0.0347	-0.1336	0.0655	0.0000	0.0000	0.0000	0.0000	0.0000	0.0061	0.0513	0.0000	0.2269	1.3372	0.4628	0.3573	0.8843	0.5647	0.3255	0.8959	0.3625	0.3324	1.2893	0.5262	0.3412	1.2847	0.4224	0.2477	0.8295	0.4110	0.2672	0.8224	0.5353	0.1913	0.4579	0.6549	0.1951	0.4635	0.2740	0.1986	0.0628	0.6965	0.1425	0.0810	0.2261	0.2030	0.4509	0.5986	0.2020	0.4512	0.3263	0.2169	0.0696	0.6597	0.1647	0.0789	0.2577	0.1636	0.0376	0.6382	0.1126	0.0506	0.2626	0.3388	0.0374	0.7008	0.2876	0.0360	0.2546	0.1935	0.9575	0.4827	0.2351	0.0764	0.6230	0.1868	0.0769	0.2893	0.2147	0.4440	0.5424	0.2089	0.4390	0.3786
126	1.26	0.3570	0.8845	0.5633	0.3256	0.8959	0.3639	0.2663	0.4506	0.6178	0.2598	0.4786	0.3076	0.2478	0.3882	0.6235	0.2341	0.3930	0.2928	0.2186	0.2061	0.7030	0.2457	0.1534	0.6843	0.2733	0.1567	0.7277	0.1862	0.2144	0.2218	0.2030	0.1525	0.2352	0.2308	0.1572	0.1919	0.3413	0.8902	0.4636	0.3413	0.8902	0.4636	0.2411	0.0375	0.6659	0.1899	0.0442	0.2590	0.2086	0.2965	0.6233	0.1868	0.3005	0.2985	0.0157	-0.0052	0.0381	0.0096	-0.0003	-0.0374	0.3367	1.2870	0.4742	0.2268	0.6574	0.3725	0.0077	0.0264	-0.0466	0.2380	0.6534	0.5641	0.0130	0.0338	0.0452	-0.0525	-0.0168	-0.0868	-0.0502	-0.0256	0.0754	0.1799	-0.0488	0.1552	0.0621	0.0000	0.0000	0.0000	0.0000	0.0000	0.0038	0.0514	0.0000	-0.0658	-0.0366	-0.0527	-0.0642	-0.0388	0.0419	0.2074	-0.0347	-0.1337	0.0655	0.0000	0.0000	0.0000	0.0000	0.0000	0.0061	0.0513	0.0000	0.2268	1.3373	0.4628	0.3573	0.8844	0.5647	0.3254	0.8959	0.3625	0.3323	1.2894	0.5261	0.3410	1.2847	0.4224	0.2476	0.8295	0.4110	0.2672	0.8223	0.5353	0.1913	0.4579	0.6548	0.1950	0.4635	0.2740	0.1986	0.0629	0.6965	0.1425	0.0810	0.2261	0.2030	0.4510	0.5986	0.2019	0.4513	0.3263	0.2169	0.0696	0.6597	0.1646	0.0790	0.2577	0.1636	0.0376	0.6382	0.1126	0.0506	0.2625	0.3388	0.0375	0.7008	0.2875	0.0360	0.2546	0.1927	0.9577	0.4827	0.2351	0.0764	0.6230	0.1868	0.0770	0.2893	0.2147	0.4440	0.5423	0.2088	0.4391	0.3785
127	1.27	0.3570	0.8845	0.5633	0.3255	0.8959	0.3638	0.2663	0.4507	0.6178	0.2598	0.4787	0.3075	0.2477	0.3882	0.6234	0.2340	0.3930	0.2928	0.2186	0.2061	0.7030	0.2457	0.1534	0.6842	0.2733	0.1567	0.7277	0.1862	0.2144	0.2218	0.2030	0.1526	0.2352	0.2307	0.1573	0.1919	0.3412	0.8902	0.4636	0.3412	0.8902	0.4636	0.2411	0.0376	0.6658	0.1899	0.0442	0.2590	0.2086	0.2966	0.6233	0.1868	0.3005	0.2985	0.0157	-0.0052	0.0381	0.0096	-0.0003	-0.0374	0.3365	1.2871	0.4742	0.2268	0.6574	0.3725	0.0078	0.0264	-0.0466	0.2379	0.6534	0.5641	0.0130	0.0338	0.0451	-0.0525	-0.0168	-0.0868	-0.0502	-0.0256	0.0754	0.1799	-0.0488	0.1552	0.0621	0.0000	0.0000	0.0000	0.0000	0.0000	0.0038	0.0514	0.0000	-0.0658	-0.0366	-0.0527	-0.0642	-0.0388	0.0419	0.2074	-0.0346	-0.1337	0.0655	0.0000	0.0000	0.0000	0.0000	0.0000	0.0061	0.0513	0.0000	0.2267	1.3373	0.4628	0.3572	0.8844	0.5646	0.3253	0.8960	0.3625	0.3322	1.2894	0.5261	0.3409	1.2847	0.4223	0.2475	0.8295	0.4110	0.2671	0.8224	0.5352	0.1912	0.4580	0.6548	0.1950	0.4635	0.2740	0.1986	0.0629	0.6964	0.1425	0.0810	0.2261	0.2030	0.4510	0.5986	0.2019	0.4513	0.3263	0.2168	0.0697	0.6597	0.1646	0.0790	0.2577	0.1636	0.0376	0.6382	0.1126	0.0506	0.2625	0.3388	0.0375	0.7007	0.2875	0.0361	0.2546	0.1925	0.9578	0.4826	0.2351	0.0764	0.6230	0.1868	0.0770	0.2893	0.2147	0.4440	0.5423	0.2088	0.4391	0.3785
128	1.28	0.3570	0.8845	0.5632	0.3255	0.8959	0.3638	0.2663	0.4507	0.6178	0.2598	0.4787	0.3075	0.2478	0.3882	0.6234	0.2340	0.3930	0.2928	0.2187	0.2061	0.7029	0.2458	0.1534	0.6842	0.2733	0.1567	0.7277	0.1862	0.2144	0.2218	0.2030	0.1526	0.2352	0.2307	0.1573	0.1919	0.3412	0.8902	0.4635	0.3412	0.8902	0.4635	0.2411	0.0376	0.6658	0.1899	0.0442	0.2591	0.2086	0.2966	0.6233	0.1868	0.3005	0.2985	0.0157	-0.0052	0.0381	0.0096	-0.0003	-0.0374	0.3365	1.2871	0.4742	0.2267	0.6574	0.3724	0.0078	0.0264	-0.0466	0.2379	0.6534	0.5640	0.0130	0.0338	0.0451	-0.0525	-0.0168	-0.0867	-0.0502	-0.0256	0.0755	0.1799	-0.0488	0.1552	0.0621	0.0000	0.0000	0.0000	0.0000	0.0000	0.0038	0.0514	0.0000	-0.0658	-0.0366	-0.0527	-0.0643	-0.0388	0.0420	0.2074	-0.0347	-0.1338	0.0655	0.0000	0.0000	0.0000	0.0000	0.0000	0.0061	0.0513	0.0000	0.2266	1.3373	0.4628	0.3572	0.8845	0.5646	0.3252	0.8960	0.3624	0.3321	1.2894	0.5261	0.3408	1.2847	0.4223	0.2475	0.8295	0.4110	0.2671	0.8224	0.5352	0.1913	0.4580	0.6548	0.1950	0.4635	0.2740	0.1986	0.0629	0.6964	0.1425	0.0810	0.2262	0.2030	0.4510	0.5986	0.2019	0.4513	0.3263	0.2169	0.0697	0.6597	0.1646	0.0790	0.2577	0.1637	0.0377	0.6382	0.1126	0.0506	0.2626	0.3389	0.0375	0.7007	0.2876	0.0361	0.2546	0.1925	0.9578	0.4827	0.2351	0.0764	0.6229	0.1868	0.0770	0.2893	0.2147	0.4440	0.5423	0.2088	0.4391	0.3786
129	1.29	0.3569	0.8845	0.5632	0.3254	0.8959	0.3638	0.2663	0.4506	0.6178	0.2597	0.4787	0.3075	0.2478	0.3882	0.6235	0.2340	0.3930	0.2928	0.2187	0.2061	0.7030	0.2458	0.1534	0.6843	0.2734	0.1567	0.7277	0.1862	0.2144	0.2218	0.2030	0.1526	0.2352	0.2307	0.1573	0.1919	0.3411	0.8902	0.4635	0.3411	0.8902	0.4635	0.2411	0.0376	0.6659	0.1900	0.0442	0.2591	0.2086	0.2965	0.6233	0.1868	0.3005	0.2985	0.0158	-0.0052	0.0381	0.0096	-0.0003	-0.0374	0.3364	1.2871	0.4742	0.2267	0.6574	0.3724	0.0077	0.0265	-0.0466	0.2379	0.6534	0.5640	0.0130	0.0338	0.0451	-0.0525	-0.0168	-0.0867	-0.0502	-0.0256	0.0755	0.1799	-0.0488	0.1552	0.0621	0.0000	0.0000	0.0000	0.0000	0.0000	0.0038	0.0514	0.0000	-0.0658	-0.0367	-0.0527	-0.0643	-0.0388	0.0420	0.2073	-0.0347	-0.1338	0.0655	0.0000	0.0000	0.0000	0.0000	0.0000	0.0062	0.0513	0.0000	0.2265	1.3374	0.4628	0.3571	0.8844	0.5646	0.3252	0.8960	0.3624	0.3320	1.2894	0.5261	0.3407	1.2847	0.4223	0.2474	0.8295	0.4109	0.2670	0.8224	0.5352	0.1913	0.4579	0.6548	0.1950	0.4635	0.2740	0.1987	0.0629	0.6965	0.1425	0.0810	0.2262	0.2030	0.4510	0.5986	0.2019	0.4513	0.3263	0.2169	0.0696	0.6597	0.1647	0.0789	0.2577	0.1637	0.0377	0.6382	0.1127	0.0506	0.2626	0.3389	0.0375	0.7008	0.2876	0.0361	0.2546	0.1925	0.9577	0.4827	0.2352	0.0764	0.6229	0.1868	0.0769	0.2893	0.2147	0.4440	0.5424	0.2088	0.4390	0.3786
130	1.30	0.3568	0.8845	0.5632	0.3252	0.8959	0.3637	0.2662	0.4506	0.6178	0.2596	0.4787	0.3076	0.2477	0.3882	0.6235	0.2339	0.3930	0.2928	0.2186	0.2061	0.7030	0.2458	0.1534	0.6843	0.2733	0.1566	0.7277	0.1861	0.2144	0.2219	0.2030	0.1526	0.2352	0.2307	0.1573	0.1919	0.3410	0.8902	0.4635	0.3410	0.8902	0.4635	0.2411	0.0376	0.6659	0.1899	0.0442	0.2591	0.2086	0.2965	0.6234	0.1867	0.3005	0.2986	0.0158	-0.0052	0.0381	0.0096	-0.0003	-0.0374	0.3362	1.2871	0.4742	0.2266	0.6574	0.3725	0.0077	0.0264	-0.0466	0.2378	0.6534	0.5640	0.0130	0.0338	0.0451	-0.0525	-0.0168	-0.0867	-0.0502	-0.0256	0.0755	0.1800	-0.0488	0.1551	0.0621	0.0000	0.0000	0.0000	0.0000	0.0000	0.0038	0.0514	0.0000	-0.0658	-0.0367	-0.0527	-0.0642	-0.0388	0.0421	0.2073	-0.0347	-0.1338	0.0655	0.0000	0.0000	0.0000	0.0000	0.0000	0.0061	0.0513	0.0000	0.2263	1.3374	0.4628	0.3570	0.8845	0.5646	0.3250	0.8960	0.3624	0.3319	1.2894	0.5260	0.3405	1.2847	0.4223	0.2473	0.8295	0.4110	0.2669	0.8224	0.5352	0.1912	0.4579	0.6548	0.1949	0.4635	0.2740	0.1986	0.0629	0.6965	0.1424	0.0809	0.2262	0.2029	0.4510	0.5986	0.2018	0.4512	0.3263	0.2169	0.0697	0.6597	0.1646	0.0789	0.2578	0.1637	0.0376	0.6382	0.1126	0.0506	0.2626	0.3389	0.0375	0.7008	0.2876	0.0361	0.2546	0.1925	0.9577	0.4827	0.2351	0.0764	0.6229	0.1868	0.0769	0.2893	0.2147	0.4440	0.5424	0.2087	0.4390	0.3786
131	1.31	0.3567	0.8845	0.5632	0.3251	0.8959	0.3637	0.2662	0.4506	0.6178	0.2595	0.4787	0.3075	0.2477	0.3882	0.6235	0.2339	0.3930	0.2928	0.2186	0.2061	0.7030	0.2457	0.1534	0.6843	0.2733	0.1567	0.7277	0.1860	0.2144	0.2219	0.2029	0.1525	0.2352	0.2306	0.1573	0.1919	0.3409	0.8902	0.4634	0.3409	0.8902	0.4634	0.2411	0.0376	0.6658	0.1899	0.0442	0.2591	0.2086	0.2965	0.6234	0.1867	0.3004	0.2986	0.0157	-0.0052	0.0381	0.0096	-0.0002	-0.0374	0.3361	1.2871	0.4741	0.2265	0.6574	0.3725	0.0077	0.0264	-0.0466	0.2378	0.6534	0.5640	0.0130	0.0338	0.0451	-0.0525	-0.0168	-0.0867	-0.0502	-0.0257	0.0755	0.1800	-0.0488	0.1551	0.0621	0.0000	0.0000	0.0000	0.0000	0.0000	0.0038	0.0514	0.0000	-0.0658	-0.0367	-0.0527	-0.0642	-0.0389	0.0420	0.2074	-0.0346	-0.1338	0.0655	0.0000	0.0000	0.0000	0.0000	0.0000	0.0061	0.0513	0.0000	0.2262	1.3374	0.4628	0.3570	0.8845	0.5645	0.3249	0.8960	0.3624	0.3318	1.2895	0.5260	0.3404	1.2847	0.4222	0.2472	0.8295	0.4110	0.2669	0.8224	0.5352	0.1912	0.4579	0.6548	0.1948	0.4634	0.2740	0.1986	0.0629	0.6965	0.1424	0.0809	0.2262	0.2029	0.4510	0.5986	0.2017	0.4512	0.3263	0.2169	0.0696	0.6597	0.1646	0.0789	0.2578	0.1636	0.0376	0.6382	0.1125	0.0506	0.2626	0.3389	0.0375	0.7008	0.2875	0.0361	0.2546	0.1924	0.9577	0.4827	0.2351	0.0764	0.6230	0.1868	0.0769	0.2893	0.2146	0.4440	0.5424	0.2086	0.4390	0.3786
132	1.32	0.3567	0.8846	0.5631	0.3250	0.8959	0.3637	0.2662	0.4506	0.6178	0.2595	0.4787	0.3075	0.2477	0.3882	0.6235	0.2338	0.3930	0.2928	0.2187	0.2061	0.7030	0.2458	0.1534	0.6842	0.2734	0.1567	0.7277	0.1860	0.2144	0.2219	0.2029	0.1525	0.2352	0.2306	0.1573	0.1919	0.3409	0.8902	0.4634	0.3409	0.8902	0.4634	0.2411	0.0375	0.6659	0.1899	0.0441	0.2591	0.2086	0.2965	0.6233	0.1867	0.3004	0.2986	0.0158	-0.0052	0.0382	0.0096	-0.0003	-0.0374	0.3360	1.2871	0.4741	0.2265	0.6574	0.3724	0.0077	0.0264	-0.0466	0.2378	0.6534	0.5640	0.0130	0.0338	0.0451	-0.0525	-0.0168	-0.0868	-0.0502	-0.0257	0.0755	0.1799	-0.0488	0.1552	0.0621	0.0000	0.0000	0.0000	0.0000	0.0000	0.0038	0.0514	0.0000	-0.0658	-0.0367	-0.0527	-0.0643	-0.0388	0.0420	0.2074	-0.0347	-0.1337	0.0655	0.0000	0.0000	0.0000	0.0000	0.0000	0.0062	0.0513	0.0000	0.2261	1.3373	0.4629	0.3569	0.8845	0.5644	0.3248	0.8960	0.3623	0.3317	1.2895	0.5260	0.3403	1.2847	0.4222	0.2471	0.8295	0.4109	0.2669	0.8224	0.5351	0.1912	0.4579	0.6548	0.1948	0.4634	0.2741	0.1986	0.0629	0.6965	0.1424	0.0809	0.2262	0.2029	0.4510	0.5986	0.2017	0.4512	0.3263	0.2169	0.0696	0.6597	0.1646	0.0789	0.2578	0.1637	0.0376	0.6382	0.1126	0.0505	0.2627	0.3389	0.0375	0.7007	0.2876	0.0360	0.2546	0.1924	0.9576	0.4827	0.2352	0.0764	0.6229	0.1868	0.0769	0.2893	0.2146	0.4440	0.5424	0.2086	0.4390	0.3786
133	1.33	0.3566	0.8846	0.5631	0.3249	0.8959	0.3637	0.2662	0.4506	0.6179	0.2594	0.4787	0.3076	0.2477	0.3882	0.6235	0.2338	0.3930	0.2928	0.2186	0.2060	0.7030	0.2457	0.1534	0.6843	0.2733	0.1566	0.7277	0.1860	0.2144	0.2219	0.2029	0.1525	0.2353	0.2306	0.1573	0.1919	0.3408	0.8902	0.4634	0.3408	0.8902	0.4634	0.2411	0.0375	0.6659	0.1899	0.0441	0.2592	0.2085	0.2965	0.6234	0.1866	0.3004	0.2986	0.0158	-0.0052	0.0381	0.0096	-0.0003	-0.0374	0.3359	1.2871	0.4741	0.2264	0.6573	0.3725	0.0077	0.0264	-0.0466	0.2377	0.6534	0.5640	0.0130	0.0338	0.0452	-0.0525	-0.0168	-0.0867	-0.0502	-0.0257	0.0755	0.1800	-0.0488	0.1552	0.0621	0.0000	0.0000	0.0000	0.0000	0.0000	0.0038	0.0514	0.0000	-0.0658	-0.0367	-0.0527	-0.0643	-0.0389	0.0421	0.2074	-0.0346	-0.1337	0.0655	0.0000	0.0000	0.0000	0.0000	0.0000	0.0061	0.0513	0.0000	0.2259	1.3373	0.4629	0.3568	0.8845	0.5644	0.3247	0.8960	0.3623	0.3316	1.2895	0.5260	0.3401	1.2847	0.4222	0.2470	0.8294	0.4110	0.2668	0.8224	0.5352	0.1912	0.4579	0.6549	0.1947	0.4634	0.2741	0.1986	0.0628	0.6965	0.1424	0.0808	0.2263	0.2029	0.4509	0.5986	0.2016	0.4512	0.3264	0.2169	0.0696	0.6597	0.1646	0.0788	0.2578	0.1637	0.0376	0.6383	0.1126	0.0504	0.2627	0.3389	0.0374	0.7008	0.2875	0.0360	0.2546	0.1923	0.9576	0.4828	0.2351	0.0764	0.6230	0.1867	0.0768	0.2894	0.2145	0.4440	0.5424	0.2085	0.4390	0.3787
134	1.34	0.3565	0.8846	0.5631	0.3247	0.8959	0.3636	0.2661	0.4506	0.6179	0.2593	0.4786	0.3076	0.2476	0.3881	0.6235	0.2337	0.3930	0.2929	0.2186	0.2060	0.7030	0.2457	0.1533	0.6843	0.2733	0.1566	0.7277	0.1859	0.2144	0.2220	0.2028	0.1525	0.2353	0.2305	0.1572	0.1919	0.3406	0.8902	0.4634	0.3406	0.8902	0.4634	0.2410	0.0375	0.6659	0.1899	0.0440	0.2592	0.2085	0.2965	0.6234	0.1865	0.3003	0.2986	0.0158	-0.0052	0.0381	0.0096	-0.0003	-0.0374	0.3357	1.2871	0.4740	0.2262	0.6573	0.3725	0.0077	0.0264	-0.0466	0.2376	0.6534	0.5641	0.0130	0.0338	0.0452	-0.0526	-0.0168	-0.0867	-0.0502	-0.0257	0.0755	0.1800	-0.0487	0.1551	0.0621	0.0000	0.0000	0.0000	0.0000	0.0000	0.0038	0.0514	0.0000	-0.0658	-0.0367	-0.0526	-0.0643	-0.0389	0.0421	0.2074	-0.0345	-0.1337	0.0655	0.0000	0.0000	0.0000	0.0000	0.0000	0.0061	0.0513	0.0000	0.2258	1.3373	0.4629	0.3567	0.8845	0.5644	0.3245	0.8960	0.3623	0.3314	1.2895	0.5259	0.3399	1.2847	0.4221	0.2468	0.8294	0.4110	0.2667	0.8224	0.5352	0.1911	0.4578	0.6549	0.1946	0.4634	0.2741	0.1986	0.0628	0.6965	0.1423	0.0808	0.2263	0.2028	0.4509	0.5987	0.2015	0.4512	0.3264	0.2168	0.0696	0.6598	0.1645	0.0788	0.2578	0.1636	0.0376	0.6383	0.1125	0.0504	0.2628	0.3388	0.0374	0.7008	0.2875	0.0360	0.2546	0.1923	0.9576	0.4828	0.2351	0.0764	0.6230	0.1867	0.0768	0.2894	0.2144	0.4440	0.5424	0.2083	0.4389	0.3787
135	1.35	0.3565	0.8846	0.5630	0.3246	0.8959	0.3636	0.2661	0.4506	0.6179	0.2592	0.4787	0.3076	0.2476	0.3881	0.6235	0.2336	0.3930	0.2929	0.2186	0.2060	0.7030	0.2457	0.1533	0.6843	0.2733	0.1566	0.7277	0.1859	0.2144	0.2219	0.2028	0.1525	0.2353	0.2305	0.1572	0.1919	0.3406	0.8902	0.4633	0.3406	0.8902	0.4633	0.2410	0.0375	0.6659	0.1899	0.0440	0.2592	0.2085	0.2965	0.6234	0.1865	0.3003	0.2987	0.0158	-0.0052	0.0381	0.0096	-0.0002	-0.0374	0.3356	1.2871	0.4740	0.2261	0.6573	0.3725	0.0077	0.0264	-0.0466	0.2376	0.6534	0.5641	0.0130	0.0338	0.0451	-0.0526	-0.0168	-0.0867	-0.0502	-0.0257	0.0755	0.1800	-0.0487	0.1551	0.0621	0.0000	0.0000	0.0000	0.0000	0.0000	0.0038	0.0514	0.0000	-0.0658	-0.0367	-0.0526	-0.0643	-0.0389	0.0421	0.2074	-0.0346	-0.1337	0.0655	0.0000	0.0000	0.0000	0.0000	0.0000	0.0061	0.0513	0.0000	0.2256	1.3373	0.4629	0.3567	0.8845	0.5644	0.3244	0.8959	0.3623	0.3314	1.2895	0.5259	0.3398	1.2847	0.4221	0.2468	0.8294	0.4110	0.2666	0.8224	0.5352	0.1911	0.4578	0.6549	0.1945	0.4634	0.2741	0.1986	0.0628	0.6965	0.1423	0.0808	0.2263	0.2028	0.4509	0.5987	0.2014	0.4511	0.3264	0.2169	0.0696	0.6597	0.1645	0.0788	0.2578	0.1636	0.0376	0.6383	0.1125	0.0503	0.2628	0.3388	0.0374	0.7008	0.2875	0.0360	0.2546	0.1922	0.9576	0.4828	0.2351	0.0764	0.6230	0.1867	0.0768	0.2894	0.2144	0.4440	0.5424	0.2083	0.4389	0.3787
136	1.36	0.3564	0.8846	0.5630	0.3245	0.8959	0.3636	0.2661	0.4506	0.6179	0.2592	0.4787	0.3076	0.2475	0.3882	0.6235	0.2336	0.3930	0.2929	0.2186	0.2060	0.7030	0.2457	0.1534	0.6843	0.2733	0.1566	0.7277	0.1858	0.2144	0.2219	0.2028	0.1525	0.2353	0.2305	0.1573	0.1919	0.3405	0.8903	0.4633	0.3405	0.8903	0.4633	0.2411	0.0375	0.6659	0.1899	0.0440	0.2592	0.2085	0.2965	0.6234	0.1864	0.3003	0.2987	0.0158	-0.0052	0.0382	0.0096	-0.0003	-0.0374	0.3355	1.2871	0.4739	0.2261	0.6573	0.3725	0.0077	0.0264	-0.0466	0.2375	0.6534	0.5641	0.0130	0.0338	0.0451	-0.0526	-0.0168	-0.0867	-0.0502	-0.0257	0.0755	0.1800	-0.0487	0.1551	0.0621	0.0000	0.0000	0.0000	0.0000	0.0000	0.0038	0.0514	0.0000	-0.0658	-0.0367	-0.0526	-0.0643	-0.0389	0.0420	0.2074	-0.0346	-0.1337	0.0655	0.0000	0.0000	0.0000	0.0000	0.0000	0.0061	0.0513	0.0000	0.2255	1.3373	0.4630	0.3567	0.8846	0.5643	0.3243	0.8960	0.3622	0.3313	1.2896	0.5258	0.3396	1.2847	0.4220	0.2467	0.8294	0.4110	0.2666	0.8224	0.5352	0.1911	0.4579	0.6549	0.1945	0.4634	0.2742	0.1986	0.0628	0.6965	0.1423	0.0808	0.2263	0.2028	0.4509	0.5987	0.2014	0.4512	0.3265	0.2169	0.0696	0.6597	0.1645	0.0788	0.2579	0.1636	0.0376	0.6383	0.1126	0.0503	0.2628	0.3389	0.0374	0.7008	0.2875	0.0360	0.2546	0.1921	0.9576	0.4828	0.2351	0.0764	0.6230	0.1867	0.0768	0.2894	0.2144	0.4440	0.5424	0.2083	0.4389	0.3787
137	1.37	0.3563	0.8846	0.5630	0.3244	0.8959	0.3636	0.2660	0.4507	0.6179	0.2591	0.4786	0.3076	0.2475	0.3882	0.6235	0.2335	0.3930	0.2929	0.2186	0.2061	0.7030	0.2457	0.1534	0.6843	0.2733	0.1567	0.7277	0.1858	0.2144	0.2220	0.2028	0.1525	0.2353	0.2304	0.1573	0.1919	0.3404	0.8902	0.4633	0.3404	0.8902	0.4633	0.2411	0.0376	0.6659	0.1899	0.0440	0.2592	0.2084	0.2965	0.6234	0.1864	0.3004	0.2987	0.0157	-0.0052	0.0381	0.0096	-0.0003	-0.0374	0.3353	1.2872	0.4739	0.2259	0.6573	0.3726	0.0078	0.0264	-0.0466	0.2374	0.6534	0.5641	0.0130	0.0338	0.0451	-0.0525	-0.0168	-0.0867	-0.0502	-0.0257	0.0755	0.1799	-0.0488	0.1551	0.0621	0.0000	0.0000	0.0000	0.0000	0.0000	0.0038	0.0514	0.0000	-0.0658	-0.0366	-0.0527	-0.0642	-0.0389	0.0420	0.2074	-0.0346	-0.1337	0.0655	0.0000	0.0000	0.0000	0.0000	0.0000	0.0061	0.0513	0.0000	0.2253	1.3374	0.4630	0.3566	0.8846	0.5643	0.3242	0.8959	0.3622	0.3312	1.2896	0.5258	0.3394	1.2847	0.4219	0.2465	0.8295	0.4110	0.2664	0.8225	0.5352	0.1911	0.4579	0.6550	0.1944	0.4633	0.2742	0.1986	0.0628	0.6965	0.1423	0.0808	0.2263	0.2027	0.4510	0.5987	0.2013	0.4512	0.3265	0.2169	0.0696	0.6598	0.1645	0.0788	0.2578	0.1636	0.0376	0.6382	0.1126	0.0504	0.2628	0.3389	0.0375	0.7008	0.2875	0.0361	0.2546	0.1920	0.9577	0.4828	0.2351	0.0764	0.6230	0.1867	0.0768	0.2894	0.2143	0.4441	0.5424	0.2082	0.4390	0.3788
138	1.38	0.3563	0.8847	0.5630	0.3243	0.8958	0.3636	0.2660	0.4507	0.6178	0.2590	0.4786	0.3077	0.2475	0.3883	0.6235	0.2334	0.3930	0.2929	0.2186	0.2061	0.7030	0.2457	0.1535	0.6843	0.2734	0.1567	0.7277	0.1857	0.2143	0.2220	0.2027	0.1525	0.2353	0.2304	0.1573	0.1919	0.3403	0.8902	0.4633	0.3403	0.8902	0.4633	0.2411	0.0376	0.6658	0.1899	0.0441	0.2591	0.2084	0.2966	0.6234	0.1864	0.3004	0.2987	0.0157	-0.0052	0.0381	0.0096	-0.0003	-0.0374	0.3352	1.2872	0.4738	0.2258	0.6574	0.3726	0.0078	0.0264	-0.0466	0.2374	0.6535	0.5641	0.0130	0.0338	0.0451	-0.0525	-0.0168	-0.0868	-0.0501	-0.0256	0.0754	0.1799	-0.0489	0.1551	0.0621	0.0000	0.0000	0.0000	0.0000	0.0000	0.0038	0.0514	0.0000	-0.0658	-0.0366	-0.0528	-0.0642	-0.0388	0.0420	0.2074	-0.0346	-0.1338	0.0655	0.0000	0.0000	0.0000	0.0000	0.0000	0.0061	0.0513	0.0000	0.2252	1.3374	0.4630	0.3565	0.8846	0.5643	0.3240	0.8959	0.3622	0.3311	1.2897	0.5257	0.3392	1.2847	0.4219	0.2464	0.8295	0.4111	0.2663	0.8225	0.5352	0.1911	0.4580	0.6550	0.1943	0.4633	0.2742	0.1987	0.0629	0.6965	0.1423	0.0808	0.2263	0.2027	0.4510	0.5987	0.2012	0.4512	0.3265	0.2169	0.0697	0.6598	0.1645	0.0789	0.2578	0.1636	0.0377	0.6382	0.1125	0.0505	0.2627	0.3389	0.0375	0.7007	0.2875	0.0361	0.2546	0.1920	0.9578	0.4828	0.2351	0.0764	0.6230	0.1868	0.0769	0.2894	0.2143	0.4441	0.5425	0.2082	0.4390	0.3788
139	1.39	0.3562	0.8847	0.5629	0.3242	0.8958	0.3635	0.2660	0.4508	0.6178	0.2589	0.4787	0.3077	0.2475	0.3883	0.6235	0.2334	0.3930	0.2929	0.2186	0.2061	0.7030	0.2458	0.1535	0.6842	0.2734	0.1567	0.7277	0.1857	0.2143	0.2220	0.2027	0.1525	0.2353	0.2303	0.1573	0.1919	0.3402	0.8903	0.4632	0.3402	0.8903	0.4632	0.2411	0.0376	0.6658	0.1899	0.0441	0.2591	0.2084	0.2966	0.6234	0.1864	0.3004	0.2987	0.0157	-0.0052	0.0381	0.0096	-0.0003	-0.0374	0.3350	1.2872	0.4737	0.2258	0.6574	0.3726	0.0078	0.0264	-0.0466	0.2373	0.6535	0.5641	0.0130	0.0338	0.0451	-0.0525	-0.0168	-0.0868	-0.0501	-0.0256	0.0755	0.1799	-0.0489	0.1552	0.0621	0.0000	0.0000	0.0000	0.0000	0.0000	0.0038	0.0514	0.0000	-0.0658	-0.0366	-0.0528	-0.0642	-0.0388	0.0420	0.2073	-0.0346	-0.1338	0.0655	0.0000	0.0000	0.0000	0.0000	0.0000	0.0061	0.0513	0.0000	0.2250	1.3375	0.4630	0.3564	0.8846	0.5643	0.3240	0.8959	0.3622	0.3310	1.2897	0.5257	0.3391	1.2847	0.4218	0.2463	0.8295	0.4110	0.2662	0.8225	0.5352	0.1910	0.4580	0.6550	0.1942	0.4633	0.2743	0.1987	0.0630	0.6965	0.1423	0.0808	0.2263	0.2026	0.4510	0.5987	0.2012	0.4512	0.3265	0.2169	0.0697	0.6597	0.1646	0.0789	0.2578	0.1637	0.0377	0.6382	0.1125	0.0505	0.2628	0.3389	0.0375	0.7007	0.2875	0.0362	0.2546	0.1919	0.9578	0.4828	0.2351	0.0764	0.6230	0.1868	0.0769	0.2894	0.2142	0.4441	0.5425	0.2082	0.4390	0.3788
140	1.40	0.3561	0.8847	0.5629	0.3241	0.8958	0.3635	0.2660	0.4508	0.6178	0.2589	0.4787	0.3077	0.2475	0.3883	0.6235	0.2333	0.3930	0.2929	0.2186	0.2061	0.7030	0.2458	0.1535	0.6843	0.2734	0.1567	0.7277	0.1857	0.2144	0.2220	0.2027	0.1525	0.2353	0.2303	0.1573	0.1919	0.3401	0.8903	0.4632	0.3401	0.8903	0.4632	0.2411	0.0376	0.6659	0.1899	0.0441	0.2592	0.2084	0.2966	0.6234	0.1863	0.3004	0.2987	0.0157	-0.0052	0.0381	0.0096	-0.0003	-0.0374	0.3349	1.2873	0.4737	0.2257	0.6573	0.3726	0.0078	0.0264	-0.0466	0.2373	0.6535	0.5641	0.0130	0.0338	0.0451	-0.0525	-0.0168	-0.0868	-0.0502	-0.0256	0.0754	0.1799	-0.0489	0.1552	0.0621	0.0000	0.0000	0.0000	0.0000	0.0000	0.0038	0.0514	0.0000	-0.0658	-0.0366	-0.0528	-0.0642	-0.0388	0.0420	0.2073	-0.0347	-0.1338	0.0655	0.0000	0.0000	0.0000	0.0000	0.0000	0.0061	0.0513	0.0000	0.2249	1.3374	0.4631	0.3563	0.8846	0.5643	0.3238	0.8959	0.3622	0.3309	1.2898	0.5256	0.3389	1.2848	0.4217	0.2462	0.8295	0.4110	0.2662	0.8225	0.5352	0.1910	0.4580	0.6550	0.1941	0.4633	0.2743	0.1987	0.0629	0.6965	0.1424	0.0808	0.2263	0.2026	0.4510	0.5987	0.2011	0.4512	0.3266	0.2169	0.0697	0.6598	0.1646	0.0788	0.2579	0.1637	0.0377	0.6382	0.1126	0.0504	0.2628	0.3389	0.0375	0.7007	0.2876	0.0362	0.2546	0.1919	0.9577	0.4828	0.2351	0.0764	0.6230	0.1868	0.0769	0.2894	0.2142	0.4441	0.5425	0.2081	0.4390	0.3788
141	1.41	0.3560	0.8847	0.5629	0.3239	0.8958	0.3635	0.2659	0.4507	0.6178	0.2588	0.4786	0.3077	0.2474	0.3883	0.6235	0.2332	0.3930	0.2929	0.2186	0.2061	0.7030	0.2457	0.1534	0.6843	0.2733	0.1567	0.7277	0.1856	0.2143	0.2220	0.2027	0.1525	0.2353	0.2303	0.1573	0.1920	0.3400	0.8903	0.4632	0.3400	0.8903	0.4632	0.2411	0.0376	0.6659	0.1899	0.0440	0.2592	0.2084	0.2966	0.6235	0.1863	0.3003	0.2988	0.0157	-0.0052	0.0381	0.0096	-0.0003	-0.0374	0.3348	1.2873	0.4736	0.2256	0.6573	0.3726	0.0077	0.0264	-0.0466	0.2372	0.6535	0.5641	0.0130	0.0338	0.0451	-0.0525	-0.0168	-0.0868	-0.0502	-0.0256	0.0755	0.1799	-0.0489	0.1552	0.0621	0.0000	0.0000	0.0000	0.0000	0.0000	0.0038	0.0514	0.0000	-0.0658	-0.0366	-0.0527	-0.0643	-0.0388	0.0420	0.2074	-0.0347	-0.1337	0.0655	0.0000	0.0000	0.0000	0.0000	0.0000	0.0061	0.0513	0.0000	0.2247	1.3374	0.4632	0.3563	0.8846	0.5642	0.3237	0.8959	0.3622	0.3308	1.2897	0.5256	0.3387	1.2848	0.4217	0.2461	0.8294	0.4110	0.2661	0.8225	0.5352	0.1910	0.4579	0.6550	0.1941	0.4633	0.2743	0.1987	0.0629	0.6965	0.1423	0.0808	0.2264	0.2026	0.4510	0.5987	0.2010	0.4511	0.3266	0.2169	0.0697	0.6598	0.1645	0.0788	0.2579	0.1636	0.0376	0.6383	0.1125	0.0503	0.2629	0.3389	0.0375	0.7007	0.2875	0.0361	0.2546	0.1919	0.9576	0.4829	0.2351	0.0764	0.6230	0.1868	0.0768	0.2894	0.2142	0.4441	0.5425	0.2080	0.4389	0.3788
142	1.42	0.3559	0.8847	0.5629	0.3238	0.8958	0.3635	0.2658	0.4507	0.6179	0.2587	0.4786	0.3077	0.2473	0.3882	0.6236	0.2331	0.3930	0.2929	0.2185	0.2060	0.7030	0.2457	0.1534	0.6843	0.2733	0.1567	0.7277	0.1856	0.2143	0.2220	0.2026	0.1525	0.2353	0.2302	0.1573	0.1920	0.3398	0.8902	0.4632	0.3398	0.8902	0.4632	0.2410	0.0375	0.6659	0.1898	0.0440	0.2592	0.2083	0.2965	0.6235	0.1861	0.3003	0.2988	0.0157	-0.0052	0.0381	0.0096	-0.0003	-0.0374	0.3346	1.2872	0.4736	0.2255	0.6573	0.3726	0.0077	0.0264	-0.0466	0.2371	0.6534	0.5641	0.0130	0.0338	0.0451	-0.0525	-0.0168	-0.0867	-0.0502	-0.0257	0.0755	0.1799	-0.0488	0.1552	0.0621	0.0000	0.0000	0.0000	0.0000	0.0000	0.0038	0.0514	0.0000	-0.0658	-0.0366	-0.0527	-0.0643	-0.0388	0.0421	0.2074	-0.0347	-0.1337	0.0655	0.0000	0.0000	0.0000	0.0000	0.0000	0.0061	0.0513	0.0000	0.2245	1.3374	0.4632	0.3561	0.8846	0.5642	0.3235	0.8959	0.3622	0.3306	1.2897	0.5256	0.3385	1.2848	0.4217	0.2460	0.8294	0.4110	0.2660	0.8225	0.5352	0.1909	0.4579	0.6550	0.1939	0.4633	0.2743	0.1986	0.0628	0.6965	0.1422	0.0807	0.2264	0.2025	0.4510	0.5988	0.2009	0.4511	0.3266	0.2168	0.0696	0.6598	0.1644	0.0787	0.2579	0.1636	0.0376	0.6383	0.1125	0.0502	0.2629	0.3388	0.0374	0.7007	0.2875	0.0361	0.2546	0.1917	0.9575	0.4828	0.2351	0.0764	0.6230	0.1866	0.0767	0.2894	0.2141	0.4440	0.5425	0.2079	0.4389	0.3789
143	1.43	0.3558	0.8847	0.5629	0.3236	0.8958	0.3635	0.2657	0.4506	0.6179	0.2586	0.4786	0.3077	0.2473	0.3882	0.6236	0.2331	0.3930	0.2930	0.2185	0.2060	0.7031	0.2456	0.1534	0.6843	0.2733	0.1566	0.7277	0.1855	0.2143	0.2220	0.2026	0.1525	0.2353	0.2302	0.1573	0.1920	0.3397	0.8903	0.4632	0.3397	0.8903	0.4632	0.2410	0.0375	0.6659	0.1898	0.0439	0.2593	0.2083	0.2965	0.6235	0.1861	0.3002	0.2988	0.0158	-0.0052	0.0381	0.0096	-0.0002	-0.0374	0.3344	1.2873	0.4736	0.2254	0.6573	0.3726	0.0077	0.0264	-0.0466	0.2370	0.6534	0.5641	0.0130	0.0338	0.0451	-0.0526	-0.0169	-0.0867	-0.0503	-0.0257	0.0756	0.1800	-0.0487	0.1551	0.0621	0.0000	0.0000	0.0000	0.0000	0.0000	0.0038	0.0514	0.0000	-0.0658	-0.0367	-0.0526	-0.0643	-0.0389	0.0421	0.2073	-0.0347	-0.1337	0.0655	0.0000	0.0000	0.0000	0.0000	0.0000	0.0061	0.0513	0.0000	0.2243	1.3373	0.4633	0.3560	0.8846	0.5642	0.3234	0.8959	0.3621	0.3305	1.2897	0.5256	0.3383	1.2848	0.4217	0.2459	0.8294	0.4110	0.2659	0.8225	0.5352	0.1908	0.4578	0.6550	0.1939	0.4633	0.2743	0.1986	0.0628	0.6966	0.1421	0.0806	0.2265	0.2024	0.4509	0.5988	0.2008	0.4511	0.3266	0.2168	0.0696	0.6598	0.1644	0.0787	0.2579	0.1636	0.0376	0.6383	0.1125	0.0501	0.2629	0.3388	0.0374	0.7008	0.2875	0.0360	0.2546	0.1917	0.9574	0.4829	0.2350	0.0764	0.6230	0.1866	0.0767	0.2894	0.2140	0.4440	0.5425	0.2078	0.4388	0.3789
144	1.44	0.3557	0.8847	0.5629	0.3235	0.8959	0.3634	0.2657	0.4506	0.6180	0.2586	0.4787	0.3077	0.2473	0.3882	0.6236	0.2331	0.3930	0.2929	0.2185	0.2060	0.7031	0.2456	0.1533	0.6844	0.2733	0.1566	0.7278	0.1855	0.2143	0.2220	0.2026	0.1525	0.2353	0.2302	0.1573	0.1920	0.3396	0.8903	0.4631	0.3396	0.8903	0.4631	0.2411	0.0375	0.6660	0.1899	0.0439	0.2593	0.2083	0.2965	0.6235	0.1860	0.3002	0.2988	0.0158	-0.0052	0.0381	0.0096	-0.0003	-0.0374	0.3343	1.2873	0.4736	0.2253	0.6573	0.3726	0.0077	0.0264	-0.0466	0.2370	0.6534	0.5641	0.0131	0.0338	0.0452	-0.0526	-0.0168	-0.0867	-0.0503	-0.0258	0.0755	0.1800	-0.0487	0.1551	0.0621	0.0000	0.0000	0.0000	0.0000	0.0000	0.0038	0.0514	0.0000	-0.0658	-0.0367	-0.0526	-0.0644	-0.0389	0.0421	0.2073	-0.0347	-0.1337	0.0655	0.0000	0.0000	0.0000	0.0000	0.0000	0.0061	0.0513	0.0000	0.2242	1.3373	0.4635	0.3559	0.8847	0.5642	0.3233	0.8959	0.3621	0.3305	1.2898	0.5256	0.3381	1.2848	0.4216	0.2458	0.8294	0.4110	0.2658	0.8225	0.5352	0.1908	0.4578	0.6551	0.1938	0.4633	0.2744	0.1987	0.0627	0.6966	0.1422	0.0806	0.2265	0.2024	0.4509	0.5988	0.2008	0.4511	0.3266	0.2168	0.0696	0.6598	0.1644	0.0786	0.2580	0.1636	0.0375	0.6384	0.1125	0.0501	0.2630	0.3388	0.0374	0.7008	0.2875	0.0360	0.2546	0.1917	0.9574	0.4829	0.2350	0.0764	0.6230	0.1866	0.0766	0.2895	0.2140	0.4441	0.5425	0.2078	0.4388	0.3789
145	1.45	0.3556	0.8847	0.5628	0.3234	0.8959	0.3634	0.2657	0.4506	0.6179	0.2585	0.4786	0.3077	0.2472	0.3882	0.6236	0.2330	0.3930	0.2929	0.2185	0.2060	0.7031	0.2456	0.1534	0.6843	0.2733	0.1566	0.7277	0.1855	0.2143	0.2220	0.2026	0.1525	0.2353	0.2302	0.1573	0.1920	0.3395	0.8903	0.4631	0.3395	0.8903	0.4631	0.2411	0.0375	0.6659	0.1899	0.0439	0.2593	0.2082	0.2965	0.6235	0.1860	0.3002	0.2988	0.0158	-0.0052	0.0381	0.0096	-0.0003	-0.0374	0.3341	1.2873	0.4736	0.2252	0.6573	0.3726	0.0077	0.0264	-0.0466	0.2369	0.6534	0.5641	0.0130	0.0338	0.0451	-0.0526	-0.0168	-0.0867	-0.0502	-0.0257	0.0755	0.1799	-0.0487	0.1551	0.0621	0.0000	0.0000	0.0000	0.0000	0.0000	0.0038	0.0514	0.0000	-0.0658	-0.0366	-0.0526	-0.0643	-0.0389	0.0421	0.2074	-0.0347	-0.1337	0.0655	0.0000	0.0000	0.0000	0.0000	0.0000	0.0061	0.0513	0.0000	0.2240	1.3373	0.4635	0.3558	0.8847	0.5642	0.3231	0.8959	0.3621	0.3304	1.2898	0.5256	0.3379	1.2848	0.4216	0.2456	0.8294	0.4110	0.2657	0.8225	0.5352	0.1908	0.4578	0.6550	0.1937	0.4633	0.2744	0.1986	0.0628	0.6966	0.1422	0.0807	0.2264	0.2024	0.4509	0.5988	0.2007	0.4511	0.3266	0.2169	0.0696	0.6598	0.1644	0.0787	0.2579	0.1636	0.0376	0.6383	0.1125	0.0501	0.2629	0.3388	0.0374	0.7008	0.2875	0.0360	0.2546	0.1916	0.9574	0.4829	0.2351	0.0764	0.6230	0.1866	0.0767	0.2894	0.2140	0.4441	0.5425	0.2077	0.4389	0.3789
146	1.46	0.3555	0.8847	0.5629	0.3232	0.8959	0.3635	0.2656	0.4507	0.6179	0.2584	0.4786	0.3078	0.2472	0.3882	0.6236	0.2329	0.3929	0.2930	0.2185	0.2061	0.7031	0.2456	0.1534	0.6843	0.2733	0.1567	0.7277	0.1854	0.2143	0.2221	0.2025	0.1524	0.2354	0.2301	0.1572	0.1920	0.3393	0.8903	0.4632	0.3393	0.8903	0.4632	0.2411	0.0375	0.6659	0.1898	0.0440	0.2592	0.2082	0.2965	0.6235	0.1860	0.3003	0.2988	0.0157	-0.0052	0.0381	0.0096	-0.0002	-0.0374	0.3339	1.2873	0.4736	0.2250	0.6573	0.3727	0.0077	0.0264	-0.0466	0.2368	0.6535	0.5641	0.0130	0.0338	0.0451	-0.0525	-0.0168	-0.0868	-0.0501	-0.0256	0.0755	0.1799	-0.0488	0.1552	0.0621	0.0000	0.0000	0.0000	0.0000	0.0000	0.0038	0.0514	0.0000	-0.0658	-0.0366	-0.0527	-0.0642	-0.0388	0.0420	0.2074	-0.0346	-0.1337	0.0655	0.0000	0.0000	0.0000	0.0000	0.0000	0.0061	0.0513	0.0000	0.2238	1.3374	0.4636	0.3557	0.8847	0.5642	0.3230	0.8959	0.3621	0.3302	1.2899	0.5255	0.3376	1.2848	0.4217	0.2454	0.8294	0.4111	0.2655	0.8225	0.5352	0.1907	0.4579	0.6550	0.1936	0.4633	0.2744	0.1986	0.0628	0.6965	0.1422	0.0807	0.2264	0.2023	0.4509	0.5988	0.2006	0.4511	0.3266	0.2168	0.0696	0.6598	0.1644	0.0787	0.2579	0.1636	0.0376	0.6382	0.1125	0.0502	0.2629	0.3388	0.0374	0.7008	0.2875	0.0361	0.2546	0.1914	0.9575	0.4829	0.2350	0.0764	0.6230	0.1866	0.0767	0.2894	0.2139	0.4440	0.5425	0.2077	0.4389	0.3789
147	1.47	0.3554	0.8848	0.5628	0.3231	0.8959	0.3634	0.2656	0.4507	0.6178	0.2583	0.4786	0.3077	0.2472	0.3883	0.6235	0.2329	0.3930	0.2929	0.2185	0.2061	0.7031	0.2456	0.1534	0.6843	0.2733	0.1567	0.7277	0.1854	0.2143	0.2220	0.2025	0.1525	0.2353	0.2301	0.1572	0.1920	0.3392	0.8903	0.4631	0.3392	0.8903	0.4631	0.2411	0.0376	0.6659	0.1898	0.0440	0.2592	0.2082	0.2965	0.6235	0.1860	0.3003	0.2988	0.0157	-0.0052	0.0381	0.0096	-0.0003	-0.0374	0.3338	1.2874	0.4736	0.2250	0.6573	0.3727	0.0078	0.0264	-0.0466	0.2367	0.6535	0.5641	0.0130	0.0338	0.0451	-0.0525	-0.0168	-0.0868	-0.0502	-0.0256	0.0755	0.1799	-0.0489	0.1552	0.0621	0.0000	0.0000	0.0000	0.0000	0.0000	0.0038	0.0514	0.0000	-0.0658	-0.0366	-0.0528	-0.0642	-0.0388	0.0420	0.2074	-0.0347	-0.1337	0.0655	0.0000	0.0000	0.0000	0.0000	0.0000	0.0061	0.0512	0.0000	0.2237	1.3374	0.4637	0.3556	0.8847	0.5642	0.3229	0.8959	0.3621	0.3302	1.2899	0.5255	0.3374	1.2848	0.4217	0.2453	0.8295	0.4111	0.2654	0.8226	0.5352	0.1907	0.4579	0.6550	0.1936	0.4632	0.2744	0.1987	0.0628	0.6965	0.1422	0.0807	0.2264	0.2023	0.4510	0.5988	0.2006	0.4511	0.3266	0.2168	0.0696	0.6598	0.1644	0.0787	0.2579	0.1636	0.0376	0.6382	0.1125	0.0502	0.2629	0.3389	0.0375	0.7007	0.2875	0.0361	0.2546	0.1914	0.9575	0.4829	0.2350	0.0764	0.6230	0.1867	0.0767	0.2894	0.2139	0.4440	0.5425	0.2077	0.4389	0.3789
148	1.48	0.3553	0.8848	0.5628	0.3230	0.8959	0.3634	0.2656	0.4507	0.6178	0.2583	0.4787	0.3077	0.2472	0.3883	0.6235	0.2329	0.3930	0.2929	0.2185	0.2061	0.7030	0.2457	0.1534	0.6843	0.2733	0.1567	0.7277	0.1854	0.2143	0.2220	0.2025	0.1525	0.2353	0.2301	0.1573	0.1920	0.3391	0.8904	0.4631	0.3391	0.8904	0.4631	0.2411	0.0375	0.6659	0.1899	0.0439	0.2592	0.2082	0.2965	0.6235	0.1860	0.3003	0.2988	0.0157	-0.0052	0.0382	0.0096	-0.0003	-0.0374	0.3337	1.2874	0.4736	0.2249	0.6573	0.3726	0.0078	0.0264	-0.0466	0.2367	0.6535	0.5641	0.0130	0.0338	0.0451	-0.0525	-0.0168	-0.0868	-0.0502	-0.0256	0.0754	0.1799	-0.0489	0.1552	0.0621	0.0000	0.0000	0.0000	0.0000	0.0000	0.0038	0.0514	0.0000	-0.0658	-0.0366	-0.0528	-0.0643	-0.0388	0.0420	0.2074	-0.0347	-0.1337	0.0655	0.0000	0.0000	0.0000	0.0000	0.0000	0.0061	0.0512	0.0000	0.2235	1.3374	0.4639	0.3555	0.8848	0.5641	0.3227	0.8960	0.3621	0.3302	1.2900	0.5255	0.3373	1.2848	0.4216	0.2452	0.8295	0.4111	0.2654	0.8226	0.5352	0.1907	0.4579	0.6550	0.1935	0.4632	0.2744	0.1987	0.0629	0.6965	0.1423	0.0807	0.2264	0.2023	0.4510	0.5988	0.2006	0.4511	0.3266	0.2169	0.0696	0.6598	0.1645	0.0787	0.2579	0.1637	0.0376	0.6383	0.1125	0.0501	0.2629	0.3389	0.0375	0.7007	0.2875	0.0361	0.2546	0.1913	0.9575	0.4829	0.2351	0.0764	0.6230	0.1867	0.0768	0.2894	0.2139	0.4441	0.5425	0.2077	0.4389	0.3789
149	1.49	0.3551	0.8849	0.5628	0.3228	0.8959	0.3634	0.2655	0.4507	0.6178	0.2582	0.4787	0.3077	0.2471	0.3883	0.6235	0.2328	0.3930	0.2929	0.2184	0.2061	0.7030	0.2456	0.1534	0.6843	0.2732	0.1567	0.7277	0.1854	0.2143	0.2220	0.2025	0.1525	0.2353	0.2301	0.1573	0.1920	0.3390	0.8904	0.4631	0.3390	0.8904	0.4631	0.2411	0.0375	0.6659	0.1899	0.0439	0.2592	0.2080	0.2966	0.6235	0.1859	0.3003	0.2988	0.0157	-0.0052	0.0381	0.0096	-0.0003	-0.0374	0.3335	1.2874	0.4736	0.2248	0.6573	0.3726	0.0078	0.0264	-0.0466	0.2365	0.6535	0.5641	0.0130	0.0337	0.0451	-0.0525	-0.0168	-0.0868	-0.0503	-0.0256	0.0754	0.1799	-0.0488	0.1552	0.0621	0.0000	0.0000	0.0000	0.0000	0.0000	0.0038	0.0514	0.0000	-0.0658	-0.0366	-0.0528	-0.0643	-0.0388	0.0420	0.2074	-0.0348	-0.1337	0.0655	0.0000	0.0000	0.0000	0.0000	0.0000	0.0062	0.0512	0.0000	0.2234	1.3374	0.4640	0.3554	0.8848	0.5641	0.3226	0.8960	0.3621	0.3300	1.2900	0.5255	0.3370	1.2848	0.4216	0.2451	0.8295	0.4110	0.2652	0.8226	0.5352	0.1906	0.4579	0.6550	0.1935	0.4632	0.2744	0.1986	0.0629	0.6965	0.1422	0.0806	0.2264	0.2021	0.4510	0.5988	0.2005	0.4511	0.3267	0.2168	0.0696	0.6598	0.1644	0.0787	0.2579	0.1636	0.0376	0.6383	0.1125	0.0501	0.2629	0.3389	0.0375	0.7007	0.2875	0.0361	0.2546	0.1912	0.9575	0.4829	0.2350	0.0764	0.6230	0.1867	0.0767	0.2894	0.2136	0.4441	0.5426	0.2076	0.4389	0.3789
150	1.50	0.3550	0.8849	0.5628	0.3226	0.8959	0.3634	0.2655	0.4507	0.6178	0.2582	0.4787	0.3077	0.2471	0.3883	0.6236	0.2327	0.3930	0.2929	0.2184	0.2061	0.7031	0.2456	0.1534	0.6843	0.2732	0.1567	0.7277	0.1853	0.2143	0.2220	0.2025	0.1525	0.2353	0.2300	0.1573	0.1920	0.3388	0.8904	0.4631	0.3388	0.8904	0.4631	0.2411	0.0375	0.6659	0.1898	0.0439	0.2592	0.2079	0.2965	0.6235	0.1858	0.3003	0.2988	0.0157	-0.0052	0.0381	0.0096	-0.0003	-0.0374	0.3333	1.2874	0.4736	0.2247	0.6573	0.3727	0.0077	0.0264	-0.0466	0.2363	0.6535	0.5642	0.0130	0.0336	0.0451	-0.0525	-0.0168	-0.0868	-0.0502	-0.0256	0.0755	0.1799	-0.0488	0.1552	0.0621	0.0000	0.0000	0.0000	0.0000	0.0000	0.0038	0.0514	0.0000	-0.0658	-0.0366	-0.0528	-0.0643	-0.0388	0.0420	0.2074	-0.0347	-0.1337	0.0655	0.0000	0.0000	0.0000	0.0000	0.0000	0.0061	0.0512	0.0000	0.2231	1.3374	0.4642	0.3552	0.8848	0.5641	0.3224	0.8960	0.3621	0.3299	1.2900	0.5256	0.3368	1.2849	0.4217	0.2449	0.8295	0.4111	0.2651	0.8226	0.5352	0.1905	0.4579	0.6550	0.1934	0.4632	0.2744	0.1986	0.0628	0.6965	0.1422	0.0806	0.2264	0.2019	0.4510	0.5989	0.2004	0.4511	0.3267	0.2168	0.0696	0.6598	0.1644	0.0787	0.2579	0.1636	0.0376	0.6383	0.1125	0.0501	0.2629	0.3388	0.0375	0.7007	0.2875	0.0361	0.2546	0.1910	0.9574	0.4829	0.2349	0.0764	0.6231	0.1866	0.0767	0.2894	0.2133	0.4441	0.5427	0.2075	0.4389	0.3790
151	1.51	0.3549	0.8849	0.5627	0.3225	0.8960	0.3634	0.2654	0.4507	0.6178	0.2581	0.4787	0.3077	0.2470	0.3883	0.6236	0.2327	0.3930	0.2929	0.2184	0.2061	0.7031	0.2456	0.1534	0.6843	0.2732	0.1567	0.7277	0.1853	0.2143	0.2220	0.2025	0.1525	0.2353	0.2300	0.1573	0.1920	0.3387	0.8904	0.4631	0.3387	0.8904	0.4631	0.2411	0.0376	0.6659	0.1898	0.0439	0.2593	0.2080	0.2965	0.6235	0.1858	0.3003	0.2988	0.0157	-0.0052	0.0381	0.0096	-0.0003	-0.0374	0.3332	1.2874	0.4736	0.2246	0.6573	0.3727	0.0077	0.0264	-0.0466	0.2364	0.6535	0.5641	0.0130	0.0337	0.0451	-0.0525	-0.0168	-0.0868	-0.0502	-0.0257	0.0755	0.1799	-0.0488	0.1552	0.0621	0.0000	0.0000	0.0000	0.0000	0.0000	0.0038	0.0514	0.0000	-0.0658	-0.0366	-0.0527	-0.0643	-0.0389	0.0420	0.2074	-0.0347	-0.1337	0.0655	0.0000	0.0000	0.0000	0.0000	0.0000	0.0061	0.0512	0.0000	0.2229	1.3374	0.4644	0.3551	0.8848	0.5641	0.3223	0.8961	0.3621	0.3298	1.2900	0.5256	0.3365	1.2849	0.4217	0.2448	0.8295	0.4110	0.2650	0.8226	0.5352	0.1905	0.4579	0.6550	0.1933	0.4633	0.2744	0.1986	0.0628	0.6965	0.1421	0.0807	0.2264	0.2020	0.4510	0.5988	0.2004	0.4511	0.3267	0.2168	0.0696	0.6598	0.1644	0.0787	0.2579	0.1636	0.0376	0.6383	0.1125	0.0501	0.2629	0.3389	0.0375	0.7007	0.2875	0.0361	0.2546	0.1909	0.9574	0.4829	0.2350	0.0764	0.6230	0.1866	0.0767	0.2894	0.2136	0.4441	0.5426	0.2074	0.4389	0.3790
152	1.52	0.3548	0.8849	0.5627	0.3223	0.8960	0.3634	0.2653	0.4507	0.6178	0.2580	0.4787	0.3077	0.2470	0.3883	0.6236	0.2326	0.3930	0.2929	0.2184	0.2061	0.7031	0.2455	0.1534	0.6843	0.2732	0.1567	0.7277	0.1853	0.2143	0.2220	0.2024	0.1525	0.2353	0.2300	0.1573	0.1920	0.3386	0.8904	0.4631	0.3386	0.8904	0.4631	0.2411	0.0376	0.6659	0.1899	0.0439	0.2593	0.2080	0.2965	0.6235	0.1858	0.3003	0.2988	0.0157	-0.0052	0.0381	0.0096	-0.0003	-0.0374	0.3330	1.2875	0.4737	0.2245	0.6573	0.3726	0.0077	0.0264	-0.0466	0.2363	0.6535	0.5641	0.0130	0.0338	0.0451	-0.0525	-0.0168	-0.0867	-0.0502	-0.0256	0.0755	0.1799	-0.0487	0.1552	0.0621	0.0000	0.0000	0.0000	0.0000	0.0000	0.0038	0.0514	0.0000	-0.0658	-0.0366	-0.0527	-0.0643	-0.0388	0.0420	0.2074	-0.0348	-0.1337	0.0655	0.0000	0.0000	0.0000	0.0000	0.0000	0.0062	0.0512	0.0000	0.2227	1.3374	0.4646	0.3550	0.8848	0.5641	0.3221	0.8961	0.3620	0.3297	1.2900	0.5256	0.3363	1.2849	0.4217	0.2447	0.8295	0.4110	0.2649	0.8226	0.5352	0.1904	0.4578	0.6550	0.1932	0.4633	0.2744	0.1986	0.0628	0.6965	0.1422	0.0807	0.2264	0.2020	0.4510	0.5988	0.2003	0.4511	0.3267	0.2168	0.0696	0.6598	0.1644	0.0787	0.2579	0.1636	0.0376	0.6383	0.1125	0.0501	0.2630	0.3389	0.0375	0.7007	0.2875	0.0361	0.2546	0.1908	0.9574	0.4830	0.2350	0.0764	0.6230	0.1866	0.0767	0.2894	0.2136	0.4441	0.5425	0.2074	0.4389	0.3790
153	1.53	0.3546	0.8849	0.5627	0.3222	0.8960	0.3634	0.2653	0.4507	0.6179	0.2579	0.4787	0.3077	0.2469	0.3883	0.6236	0.2326	0.3930	0.2929	0.2183	0.2060	0.7031	0.2455	0.1534	0.6843	0.2732	0.1567	0.7277	0.1853	0.2143	0.2220	0.2024	0.1525	0.2354	0.2300	0.1573	0.1920	0.3384	0.8904	0.4631	0.3384	0.8904	0.4631	0.2411	0.0375	0.6659	0.1898	0.0439	0.2593	0.2079	0.2965	0.6235	0.1857	0.3003	0.2988	0.0157	-0.0052	0.0381	0.0096	-0.0003	-0.0374	0.3327	1.2875	0.4737	0.2244	0.6573	0.3727	0.0077	0.0265	-0.0466	0.2361	0.6535	0.5641	0.0130	0.0337	0.0451	-0.0526	-0.0168	-0.0867	-0.0502	-0.0256	0.0755	0.1799	-0.0487	0.1552	0.0621	0.0000	0.0000	0.0000	0.0000	0.0000	0.0038	0.0514	0.0000	-0.0658	-0.0366	-0.0527	-0.0643	-0.0388	0.0420	0.2074	-0.0348	-0.1337	0.0655	0.0000	0.0000	0.0000	0.0000	0.0000	0.0061	0.0512	0.0000	0.2224	1.3374	0.4648	0.3548	0.8848	0.5641	0.3219	0.8961	0.3621	0.3295	1.2900	0.5257	0.3360	1.2849	0.4217	0.2445	0.8295	0.4110	0.2647	0.8226	0.5352	0.1903	0.4578	0.6550	0.1931	0.4633	0.2744	0.1986	0.0628	0.6966	0.1421	0.0807	0.2264	0.2018	0.4509	0.5988	0.2002	0.4511	0.3267	0.2168	0.0696	0.6598	0.1644	0.0787	0.2579	0.1636	0.0376	0.6383	0.1125	0.0501	0.2630	0.3389	0.0375	0.7008	0.2875	0.0361	0.2546	0.1906	0.9573	0.4830	0.2350	0.0764	0.6231	0.1866	0.0767	0.2895	0.2133	0.4441	0.5426	0.2073	0.4389	0.3790
154	1.54	0.3545	0.8849	0.5627	0.3220	0.8960	0.3634	0.2652	0.4507	0.6179	0.2579	0.4787	0.3077	0.2469	0.3883	0.6236	0.2325	0.3930	0.2930	0.2183	0.2060	0.7031	0.2455	0.1535	0.6843	0.2731	0.1567	0.7277	0.1852	0.2143	0.2221	0.2024	0.1525	0.2354	0.2299	0.1573	0.1920	0.3382	0.8904	0.4631	0.3382	0.8904	0.4631	0.2411	0.0375	0.6659	0.1899	0.0439	0.2593	0.2077	0.2965	0.6236	0.1857	0.3003	0.2988	0.0157	-0.0052	0.0380	0.0096	-0.0003	-0.0374	0.3325	1.2875	0.4738	0.2242	0.6573	0.3727	0.0077	0.0265	-0.0466	0.2359	0.6535	0.5642	0.0130	0.0334	0.0452	-0.0526	-0.0168	-0.0868	-0.0501	-0.0256	0.0755	0.1799	-0.0488	0.1552	0.0621	0.0000	0.0000	0.0000	0.0000	0.0000	0.0038	0.0514	0.0000	-0.0658	-0.0366	-0.0528	-0.0642	-0.0388	0.0420	0.2074	-0.0347	-0.1336	0.0655	0.0000	0.0000	0.0000	0.0000	0.0000	0.0061	0.0512	0.0000	0.2222	1.3374	0.4649	0.3547	0.8848	0.5641	0.3217	0.8961	0.3621	0.3294	1.2901	0.5257	0.3357	1.2849	0.4218	0.2443	0.8295	0.4111	0.2646	0.8226	0.5352	0.1903	0.4578	0.6550	0.1931	0.4633	0.2744	0.1987	0.0628	0.6966	0.1422	0.0807	0.2264	0.2015	0.4510	0.5989	0.2002	0.4511	0.3267	0.2167	0.0696	0.6599	0.1644	0.0787	0.2579	0.1636	0.0376	0.6383	0.1125	0.0501	0.2630	0.3389	0.0375	0.7007	0.2875	0.0361	0.2546	0.1905	0.9573	0.4830	0.2348	0.0764	0.6232	0.1867	0.0767	0.2895	0.2128	0.4441	0.5428	0.2073	0.4389	0.3790
155	1.55	0.3543	0.8849	0.5627	0.3218	0.8960	0.3634	0.2651	0.4507	0.6178	0.2578	0.4787	0.3077	0.2468	0.3883	0.6236	0.2324	0.3930	0.2930	0.2183	0.2060	0.7031	0.2455	0.1534	0.6843	0.2731	0.1567	0.7277	0.1852	0.2143	0.2221	0.2024	0.1525	0.2354	0.2299	0.1573	0.1920	0.3381	0.8905	0.4631	0.3381	0.8905	0.4631	0.2411	0.0375	0.6659	0.1898	0.0439	0.2593	0.2076	0.2965	0.6236	0.1856	0.3003	0.2989	0.0157	-0.0052	0.0381	0.0096	-0.0003	-0.0374	0.3324	1.2875	0.4738	0.2241	0.6573	0.3727	0.0077	0.0265	-0.0466	0.2358	0.6535	0.5642	0.0129	0.0334	0.0452	-0.0525	-0.0168	-0.0868	-0.0502	-0.0256	0.0755	0.1799	-0.0488	0.1552	0.0621	0.0000	0.0000	0.0000	0.0000	0.0000	0.0038	0.0514	0.0000	-0.0658	-0.0366	-0.0528	-0.0642	-0.0388	0.0420	0.2074	-0.0347	-0.1336	0.0655	0.0000	0.0000	0.0000	0.0000	0.0000	0.0061	0.0512	0.0000	0.2220	1.3374	0.4651	0.3546	0.8848	0.5641	0.3216	0.8961	0.3621	0.3293	1.2901	0.5258	0.3355	1.2849	0.4218	0.2442	0.8295	0.4111	0.2645	0.8226	0.5352	0.1902	0.4578	0.6550	0.1930	0.4633	0.2744	0.1986	0.0628	0.6966	0.1421	0.0807	0.2264	0.2014	0.4510	0.5989	0.2001	0.4511	0.3267	0.2167	0.0696	0.6599	0.1644	0.0787	0.2579	0.1636	0.0376	0.6383	0.1125	0.0501	0.2629	0.3389	0.0375	0.7007	0.2875	0.0361	0.2546	0.1904	0.9573	0.4830	0.2348	0.0764	0.6232	0.1866	0.0767	0.2895	0.2126	0.4441	0.5428	0.2072	0.4389	0.3790
156	1.56	0.3542	0.8849	0.5627	0.3217	0.8961	0.3634	0.2650	0.4507	0.6178	0.2577	0.4787	0.3077	0.2467	0.3882	0.6236	0.2324	0.3930	0.2929	0.2182	0.2060	0.7031	0.2454	0.1534	0.6843	0.2731	0.1567	0.7277	0.1852	0.2143	0.2221	0.2024	0.1525	0.2354	0.2299	0.1573	0.1920	0.3379	0.8905	0.4630	0.3379	0.8905	0.4630	0.2410	0.0375	0.6659	0.1898	0.0439	0.2593	0.2076	0.2965	0.6236	0.1856	0.3002	0.2989	0.0157	-0.0052	0.0381	0.0096	-0.0003	-0.0374	0.3322	1.2875	0.4738	0.2240	0.6573	0.3727	0.0077	0.0264	-0.0466	0.2357	0.6535	0.5642	0.0129	0.0334	0.0451	-0.0525	-0.0168	-0.0868	-0.0502	-0.0256	0.0755	0.1799	-0.0487	0.1552	0.0621	0.0000	0.0000	0.0000	0.0000	0.0000	0.0038	0.0515	0.0000	-0.0658	-0.0366	-0.0528	-0.0643	-0.0388	0.0420	0.2074	-0.0348	-0.1336	0.0655	0.0000	0.0000	0.0000	0.0000	0.0000	0.0061	0.0512	0.0000	0.2217	1.3373	0.4653	0.3544	0.8849	0.5640	0.3215	0.8961	0.3620	0.3291	1.2901	0.5258	0.3352	1.2850	0.4218	0.2441	0.8295	0.4110	0.2644	0.8226	0.5352	0.1901	0.4578	0.6550	0.1929	0.4632	0.2744	0.1986	0.0627	0.6966	0.1421	0.0806	0.2265	0.2013	0.4509	0.5989	0.2000	0.4511	0.3267	0.2167	0.0695	0.6598	0.1644	0.0786	0.2580	0.1636	0.0375	0.6383	0.1125	0.0500	0.2630	0.3388	0.0375	0.7007	0.2875	0.0361	0.2546	0.1902	0.9573	0.4831	0.2349	0.0764	0.6231	0.1866	0.0767	0.2894	0.2126	0.4441	0.5428	0.2071	0.4389	0.3790
157	1.57	0.3541	0.8850	0.5626	0.3215	0.8961	0.3634	0.2649	0.4506	0.6179	0.2577	0.4787	0.3077	0.2466	0.3882	0.6236	0.2323	0.3930	0.2930	0.2182	0.2059	0.7031	0.2454	0.1534	0.6843	0.2730	0.1567	0.7278	0.1852	0.2142	0.2221	0.2024	0.1525	0.2354	0.2299	0.1573	0.1920	0.3378	0.8905	0.4630	0.3378	0.8905	0.4630	0.2410	0.0374	0.6659	0.1898	0.0438	0.2593	0.2075	0.2964	0.6236	0.1855	0.3002	0.2989	0.0157	-0.0052	0.0380	0.0096	-0.0003	-0.0374	0.3319	1.2875	0.4738	0.2239	0.6573	0.3727	0.0077	0.0264	-0.0467	0.2356	0.6535	0.5642	0.0130	0.0334	0.0451	-0.0525	-0.0168	-0.0867	-0.0503	-0.0257	0.0755	0.1799	-0.0487	0.1552	0.0621	0.0000	0.0000	0.0000	0.0000	0.0000	0.0038	0.0515	0.0000	-0.0658	-0.0366	-0.0528	-0.0643	-0.0388	0.0421	0.2074	-0.0348	-0.1336	0.0655	0.0000	0.0000	0.0000	0.0000	0.0000	0.0061	0.0512	0.0000	0.2215	1.3373	0.4655	0.3543	0.8849	0.5640	0.3213	0.8961	0.3620	0.3290	1.2900	0.5258	0.3349	1.2850	0.4218	0.2439	0.8295	0.4110	0.2642	0.8226	0.5352	0.1900	0.4577	0.6551	0.1929	0.4632	0.2744	0.1986	0.0627	0.6966	0.1421	0.0805	0.2265	0.2012	0.4509	0.5990	0.1999	0.4510	0.3267	0.2167	0.0695	0.6599	0.1643	0.0785	0.2580	0.1636	0.0374	0.6383	0.1125	0.0499	0.2630	0.3388	0.0374	0.7007	0.2875	0.0361	0.2546	0.1901	0.9572	0.4831	0.2348	0.0763	0.6232	0.1866	0.0766	0.2895	0.2125	0.4441	0.5428	0.2070	0.4388	0.3791
158	1.58	0.3539	0.8850	0.5626	0.3213	0.8961	0.3634	0.2649	0.4506	0.6179	0.2575	0.4787	0.3077	0.2465	0.3881	0.6237	0.2322	0.3930	0.2930	0.2181	0.2059	0.7031	0.2453	0.1533	0.6844	0.2730	0.1567	0.7278	0.1851	0.2142	0.2221	0.2023	0.1525	0.2354	0.2298	0.1573	0.1920	0.3376	0.8905	0.4630	0.3376	0.8905	0.4630	0.2410	0.0374	0.6659	0.1898	0.0438	0.2593	0.2074	0.2964	0.6237	0.1854	0.3001	0.2989	0.0157	-0.0052	0.0380	0.0096	-0.0003	-0.0374	0.3317	1.2875	0.4739	0.2238	0.6573	0.3727	0.0077	0.0264	-0.0467	0.2354	0.6535	0.5642	0.0130	0.0334	0.0451	-0.0526	-0.0168	-0.0867	-0.0503	-0.0257	0.0755	0.1799	-0.0486	0.1552	0.0621	0.0000	0.0000	0.0000	0.0000	0.0000	0.0038	0.0515	0.0000	-0.0658	-0.0366	-0.0527	-0.0644	-0.0389	0.0421	0.2074	-0.0348	-0.1336	0.0655	0.0000	0.0000	0.0000	0.0000	0.0000	0.0061	0.0512	0.0000	0.2213	1.3372	0.4657	0.3541	0.8849	0.5640	0.3210	0.8962	0.3620	0.3288	1.2900	0.5259	0.3346	1.2851	0.4219	0.2438	0.8295	0.4111	0.2641	0.8226	0.5352	0.1899	0.4577	0.6551	0.1927	0.4632	0.2744	0.1986	0.0626	0.6966	0.1420	0.0804	0.2265	0.2012	0.4509	0.5990	0.1998	0.4510	0.3268	0.2167	0.0695	0.6599	0.1643	0.0785	0.2580	0.1636	0.0374	0.6383	0.1125	0.0499	0.2631	0.3388	0.0374	0.7008	0.2874	0.0361	0.2546	0.1900	0.9572	0.4832	0.2347	0.0763	0.6232	0.1865	0.0766	0.2895	0.2124	0.4441	0.5429	0.2069	0.4387	0.3791
159	1.59	0.3538	0.8851	0.5626	0.3211	0.8961	0.3634	0.2648	0.4506	0.6178	0.2575	0.4788	0.3078	0.2465	0.3882	0.6237	0.2322	0.3930	0.2930	0.2180	0.2059	0.7031	0.2453	0.1534	0.6844	0.2730	0.1567	0.7278	0.1851	0.2143	0.2221	0.2023	0.1525	0.2354	0.2298	0.1573	0.1920	0.3374	0.8906	0.4630	0.3374	0.8906	0.4630	0.2410	0.0374	0.6659	0.1898	0.0438	0.2593	0.2074	0.2964	0.6237	0.1854	0.3002	0.2989	0.0157	-0.0052	0.0381	0.0096	-0.0003	-0.0374	0.3315	1.2876	0.4739	0.2236	0.6573	0.3727	0.0077	0.0264	-0.0467	0.2354	0.6535	0.5642	0.0130	0.0334	0.0451	-0.0526	-0.0168	-0.0867	-0.0503	-0.0257	0.0755	0.1799	-0.0486	0.1552	0.0621	0.0000	0.0000	0.0000	0.0000	0.0000	0.0038	0.0515	0.0000	-0.0658	-0.0366	-0.0527	-0.0644	-0.0389	0.0421	0.2074	-0.0348	-0.1336	0.0655	0.0000	0.0000	0.0000	0.0000	0.0000	0.0061	0.0512	0.0000	0.2210	1.3372	0.4659	0.3540	0.8850	0.5640	0.3209	0.8962	0.3620	0.3286	1.2901	0.5259	0.3343	1.2851	0.4219	0.2436	0.8295	0.4111	0.2640	0.8226	0.5352	0.1898	0.4577	0.6551	0.1926	0.4633	0.2745	0.1985	0.0627	0.6966	0.1420	0.0805	0.2265	0.2011	0.4509	0.5990	0.1997	0.4510	0.3268	0.2167	0.0695	0.6599	0.1643	0.0785	0.2580	0.1635	0.0374	0.6383	0.1125	0.0499	0.2631	0.3388	0.0374	0.7007	0.2874	0.0361	0.2546	0.1897	0.9572	0.4832	0.2348	0.0763	0.6232	0.1865	0.0766	0.2895	0.2123	0.4441	0.5429	0.2068	0.4388	0.3791
160	1.60	0.3537	0.8852	0.5626	0.3209	0.8962	0.3634	0.2648	0.4507	0.6178	0.2574	0.4788	0.3078	0.2464	0.3882	0.6236	0.2321	0.3931	0.2930	0.2180	0.2060	0.7031	0.2453	0.1534	0.6843	0.2729	0.1567	0.7278	0.1850	0.2143	0.2221	0.2023	0.1525	0.2354	0.2298	0.1574	0.1920	0.3373	0.8907	0.4630	0.3373	0.8907	0.4630	0.2410	0.0375	0.6659	0.1898	0.0439	0.2593	0.2074	0.2965	0.6236	0.1853	0.3002	0.2989	0.0157	-0.0052	0.0381	0.0096	-0.0003	-0.0374	0.3313	1.2877	0.4739	0.2235	0.6573	0.3727	0.0077	0.0264	-0.0467	0.2353	0.6535	0.5642	0.0129	0.0334	0.0451	-0.0525	-0.0168	-0.0867	-0.0503	-0.0256	0.0755	0.1799	-0.0487	0.1552	0.0621	0.0000	0.0000	0.0000	0.0000	0.0000	0.0038	0.0515	0.0000	-0.0658	-0.0366	-0.0527	-0.0643	-0.0388	0.0421	0.2074	-0.0348	-0.1337	0.0655	0.0000	0.0000	0.0000	0.0000	0.0000	0.0061	0.0512	0.0000	0.2208	1.3373	0.4660	0.3539	0.8851	0.5640	0.3207	0.8963	0.3620	0.3285	1.2902	0.5259	0.3341	1.2852	0.4219	0.2435	0.8295	0.4111	0.2639	0.8227	0.5352	0.1897	0.4578	0.6551	0.1925	0.4633	0.2745	0.1985	0.0627	0.6966	0.1420	0.0805	0.2265	0.2010	0.4509	0.5990	0.1997	0.4511	0.3268	0.2167	0.0695	0.6599	0.1643	0.0786	0.2580	0.1635	0.0375	0.6383	0.1125	0.0499	0.2630	0.3388	0.0375	0.7007	0.2875	0.0362	0.2546	0.1895	0.9573	0.4832	0.2348	0.0764	0.6231	0.1866	0.0767	0.2895	0.2123	0.4441	0.5429	0.2068	0.4389	0.3791
161	1.61	0.3535	0.8852	0.5625	0.3207	0.8962	0.3634	0.2648	0.4507	0.6178	0.2573	0.4788	0.3078	0.2464	0.3883	0.6237	0.2321	0.3931	0.2930	0.2180	0.2060	0.7031	0.2453	0.1535	0.6844	0.2729	0.1568	0.7278	0.1850	0.2143	0.2221	0.2023	0.1525	0.2354	0.2298	0.1574	0.1920	0.3371	0.8907	0.4630	0.3371	0.8907	0.4630	0.2410	0.0375	0.6659	0.1898	0.0439	0.2593	0.2074	0.2965	0.6237	0.1853	0.3003	0.2989	0.0156	-0.0052	0.0380	0.0096	-0.0003	-0.0374	0.3311	1.2877	0.4739	0.2234	0.6574	0.3728	0.0077	0.0265	-0.0466	0.2352	0.6536	0.5642	0.0129	0.0335	0.0451	-0.0525	-0.0168	-0.0867	-0.0502	-0.0256	0.0755	0.1798	-0.0488	0.1553	0.0621	0.0000	0.0000	0.0000	0.0000	0.0000	0.0038	0.0515	0.0000	-0.0658	-0.0366	-0.0529	-0.0643	-0.0388	0.0420	0.2074	-0.0348	-0.1336	0.0655	0.0000	0.0000	0.0000	0.0000	0.0000	0.0061	0.0512	0.0000	0.2205	1.3373	0.4662	0.3538	0.8851	0.5640	0.3205	0.8963	0.3620	0.3284	1.2902	0.5259	0.3338	1.2853	0.4219	0.2433	0.8296	0.4111	0.2637	0.8227	0.5352	0.1897	0.4578	0.6551	0.1925	0.4633	0.2745	0.1985	0.0627	0.6966	0.1421	0.0806	0.2265	0.2010	0.4509	0.5990	0.1996	0.4511	0.3268	0.2166	0.0695	0.6599	0.1643	0.0787	0.2580	0.1635	0.0375	0.6383	0.1125	0.0500	0.2630	0.3388	0.0375	0.7007	0.2875	0.0362	0.2546	0.1894	0.9573	0.4832	0.2347	0.0763	0.6233	0.1866	0.0767	0.2895	0.2124	0.4441	0.5429	0.2068	0.4389	0.3791
162	1.62	0.3533	0.8852	0.5625	0.3205	0.8962	0.3634	0.2647	0.4507	0.6178	0.2572	0.4788	0.3078	0.2464	0.3883	0.6237	0.2320	0.3930	0.2931	0.2180	0.2060	0.7032	0.2453	0.1535	0.6844	0.2729	0.1568	0.7278	0.1850	0.2142	0.2222	0.2022	0.1525	0.2354	0.2297	0.1574	0.1920	0.3369	0.8907	0.4630	0.3369	0.8907	0.4630	0.2410	0.0375	0.6659	0.1899	0.0439	0.2593	0.2075	0.2964	0.6237	0.1853	0.3003	0.2990	0.0157	-0.0053	0.0380	0.0096	-0.0003	-0.0374	0.3309	1.2878	0.4739	0.2233	0.6574	0.3728	0.0077	0.0265	-0.0466	0.2352	0.6535	0.5642	0.0130	0.0338	0.0451	-0.0526	-0.0167	-0.0867	-0.0502	-0.0256	0.0754	0.1798	-0.0487	0.1553	0.0621	0.0000	0.0000	0.0000	0.0000	0.0000	0.0038	0.0515	0.0000	-0.0658	-0.0366	-0.0528	-0.0643	-0.0388	0.0419	0.2074	-0.0348	-0.1336	0.0655	0.0000	0.0000	0.0000	0.0000	0.0000	0.0061	0.0512	0.0000	0.2203	1.3373	0.4664	0.3536	0.8851	0.5639	0.3202	0.8963	0.3620	0.3283	1.2902	0.5259	0.3335	1.2853	0.4219	0.2430	0.8296	0.4112	0.2635	0.8227	0.5353	0.1897	0.4578	0.6552	0.1924	0.4633	0.2745	0.1986	0.0627	0.6966	0.1421	0.0806	0.2265	0.2012	0.4509	0.5990	0.1996	0.4511	0.3268	0.2167	0.0695	0.6599	0.1644	0.0787	0.2580	0.1635	0.0375	0.6384	0.1125	0.0500	0.2631	0.3388	0.0375	0.7007	0.2875	0.0362	0.2546	0.1892	0.9573	0.4833	0.2347	0.0763	0.6233	0.1867	0.0767	0.2895	0.2127	0.4440	0.5427	0.2068	0.4389	0.3791
163	1.63	0.3532	0.8852	0.5625	0.3203	0.8962	0.3634	0.2647	0.4507	0.6179	0.2571	0.4788	0.3078	0.2463	0.3883	0.6237	0.2319	0.3930	0.2931	0.2180	0.2060	0.7032	0.2453	0.1535	0.6844	0.2729	0.1568	0.7279	0.1850	0.2142	0.2222	0.2022	0.1525	0.2354	0.2297	0.1573	0.1921	0.3367	0.8907	0.4630	0.3367	0.8907	0.4630	0.2410	0.0375	0.6659	0.1899	0.0439	0.2593	0.2075	0.2964	0.6237	0.1853	0.3002	0.2990	0.0157	-0.0053	0.0381	0.0096	-0.0003	-0.0374	0.3307	1.2878	0.4739	0.2231	0.6574	0.3728	0.0077	0.0265	-0.0466	0.2351	0.6535	0.5643	0.0130	0.0338	0.0451	-0.0525	-0.0167	-0.0867	-0.0502	-0.0255	0.0754	0.1798	-0.0487	0.1553	0.0621	0.0000	0.0000	0.0000	0.0000	0.0000	0.0038	0.0514	0.0000	-0.0658	-0.0366	-0.0528	-0.0642	-0.0388	0.0419	0.2074	-0.0348	-0.1335	0.0654	0.0000	0.0000	0.0000	0.0000	0.0000	0.0061	0.0512	0.0000	0.2200	1.3373	0.4666	0.3535	0.8851	0.5639	0.3200	0.8963	0.3620	0.3281	1.2902	0.5259	0.3332	1.2854	0.4219	0.2428	0.8296	0.4112	0.2634	0.8227	0.5353	0.1896	0.4578	0.6552	0.1923	0.4632	0.2746	0.1986	0.0627	0.6966	0.1421	0.0806	0.2265	0.2012	0.4509	0.5990	0.1995	0.4511	0.3269	0.2167	0.0695	0.6599	0.1644	0.0787	0.2580	0.1635	0.0375	0.6384	0.1125	0.0500	0.2631	0.3388	0.0375	0.7007	0.2875	0.0362	0.2546	0.1891	0.9573	0.4834	0.2348	0.0763	0.6232	0.1867	0.0767	0.2895	0.2128	0.4439	0.5427	0.2068	0.4389	0.3791
164	1.64	0.3531	0.8852	0.5625	0.3201	0.8962	0.3634	0.2646	0.4507	0.6179	0.2571	0.4788	0.3079	0.2463	0.3883	0.6238	0.2319	0.3930	0.2931	0.2179	0.2059	0.7032	0.2452	0.1534	0.6844	0.2729	0.1568	0.7279	0.1850	0.2142	0.2222	0.2022	0.1525	0.2355	0.2297	0.1573	0.1921	0.3366	0.8907	0.4629	0.3366	0.8907	0.4629	0.2410	0.0375	0.6659	0.1898	0.0439	0.2593	0.2074	0.2964	0.6237	0.1853	0.3002	0.2990	0.0157	-0.0052	0.0380	0.0096	-0.0002	-0.0374	0.3305	1.2878	0.4739	0.2230	0.6573	0.3728	0.0077	0.0265	-0.0466	0.2350	0.6535	0.5643	0.0130	0.0339	0.0451	-0.0525	-0.0168	-0.0867	-0.0502	-0.0255	0.0755	0.1798	-0.0487	0.1553	0.0621	0.0000	0.0000	0.0000	0.0000	0.0000	0.0038	0.0515	0.0000	-0.0658	-0.0366	-0.0529	-0.0642	-0.0387	0.0420	0.2074	-0.0349	-0.1335	0.0654	0.0000	0.0000	0.0000	0.0000	0.0000	0.0061	0.0512	0.0000	0.2198	1.3373	0.4667	0.3534	0.8851	0.5639	0.3199	0.8963	0.3620	0.3280	1.2902	0.5259	0.3329	1.2854	0.4219	0.2427	0.8296	0.4112	0.2633	0.8227	0.5353	0.1895	0.4577	0.6552	0.1923	0.4632	0.2746	0.1986	0.0627	0.6966	0.1421	0.0806	0.2265	0.2011	0.4508	0.5990	0.1995	0.4511	0.3269	0.2166	0.0695	0.6600	0.1644	0.0786	0.2580	0.1635	0.0374	0.6384	0.1125	0.0500	0.2631	0.3388	0.0375	0.7007	0.2875	0.0362	0.2546	0.1889	0.9573	0.4834	0.2347	0.0763	0.6233	0.1867	0.0767	0.2895	0.2128	0.4439	0.5427	0.2067	0.4389	0.3791
165	1.65	0.3530	0.8852	0.5625	0.3199	0.8962	0.3634	0.2645	0.4506	0.6179	0.2570	0.4788	0.3079	0.2462	0.3882	0.6238	0.2318	0.3930	0.2931	0.2179	0.2059	0.7032	0.2452	0.1534	0.6845	0.2728	0.1567	0.7279	0.1850	0.2142	0.2222	0.2022	0.1524	0.2355	0.2297	0.1573	0.1921	0.3364	0.8907	0.4629	0.3364	0.8907	0.4629	0.2410	0.0374	0.6660	0.1898	0.0438	0.2594	0.2074	0.2963	0.6237	0.1852	0.3002	0.2990	0.0157	-0.0053	0.0380	0.0096	-0.0002	-0.0374	0.3302	1.2878	0.4739	0.2229	0.6573	0.3729	0.0077	0.0265	-0.0466	0.2349	0.6535	0.5643	0.0130	0.0339	0.0451	-0.0526	-0.0168	-0.0867	-0.0502	-0.0256	0.0755	0.1798	-0.0487	0.1553	0.0621	0.0000	0.0000	0.0000	0.0000	0.0000	0.0038	0.0515	0.0000	-0.0658	-0.0366	-0.0528	-0.0643	-0.0388	0.0420	0.2074	-0.0349	-0.1335	0.0654	0.0000	0.0000	0.0000	0.0000	0.0000	0.0061	0.0512	0.0000	0.2195	1.3372	0.4669	0.3532	0.8851	0.5639	0.3196	0.8963	0.3620	0.3278	1.2901	0.5259	0.3326	1.2854	0.4218	0.2425	0.8295	0.4112	0.2632	0.8227	0.5353	0.1894	0.4577	0.6553	0.1922	0.4632	0.2746	0.1985	0.0626	0.6967	0.1421	0.0805	0.2266	0.2011	0.4508	0.5990	0.1994	0.4510	0.3269	0.2166	0.0694	0.6600	0.1643	0.0786	0.2580	0.1635	0.0374	0.6384	0.1125	0.0499	0.2631	0.3388	0.0375	0.7007	0.2875	0.0361	0.2546	0.1887	0.9572	0.4835	0.2347	0.0763	0.6234	0.1866	0.0766	0.2895	0.2127	0.4439	0.5428	0.2066	0.4388	0.3792
166	1.66	0.3528	0.8852	0.5625	0.3196	0.8962	0.3634	0.2644	0.4505	0.6180	0.2568	0.4788	0.3079	0.2460	0.3881	0.6239	0.2317	0.3930	0.2932	0.2178	0.2059	0.7033	0.2451	0.1533	0.6845	0.2728	0.1567	0.7280	0.1849	0.2142	0.2223	0.2021	0.1524	0.2355	0.2296	0.1573	0.1921	0.3362	0.8907	0.4630	0.3362	0.8907	0.4630	0.2410	0.0374	0.6660	0.1898	0.0438	0.2594	0.2073	0.2963	0.6238	0.1851	0.3001	0.2991	0.0157	-0.0053	0.0380	0.0096	-0.0003	-0.0374	0.3300	1.2877	0.4739	0.2227	0.6573	0.3729	0.0077	0.0265	-0.0466	0.2348	0.6534	0.5643	0.0130	0.0339	0.0451	-0.0526	-0.0168	-0.0867	-0.0502	-0.0256	0.0755	0.1798	-0.0486	0.1552	0.0621	0.0000	0.0000	0.0000	0.0000	0.0000	0.0038	0.0515	0.0000	-0.0658	-0.0366	-0.0528	-0.0643	-0.0388	0.0421	0.2074	-0.0349	-0.1335	0.0655	0.0000	0.0000	0.0000	0.0000	0.0000	0.0061	0.0512	0.0000	0.2193	1.3371	0.4671	0.3531	0.8851	0.5639	0.3194	0.8963	0.3620	0.3277	1.2900	0.5259	0.3323	1.2854	0.4218	0.2423	0.8295	0.4113	0.2630	0.8226	0.5353	0.1893	0.4576	0.6554	0.1921	0.4632	0.2747	0.1985	0.0625	0.6967	0.1420	0.0804	0.2266	0.2010	0.4507	0.5991	0.1993	0.4510	0.3269	0.2166	0.0694	0.6601	0.1643	0.0785	0.2581	0.1635	0.0373	0.6385	0.1125	0.0498	0.2632	0.3388	0.0374	0.7007	0.2875	0.0361	0.2546	0.1886	0.9571	0.4836	0.2346	0.0763	0.6234	0.1866	0.0765	0.2896	0.2126	0.4439	0.5428	0.2065	0.4387	0.3792
167	1.67	0.3527	0.8853	0.5625	0.3194	0.8963	0.3634	0.2643	0.4505	0.6181	0.2567	0.4788	0.3080	0.2460	0.3881	0.6240	0.2316	0.3930	0.2932	0.2177	0.2059	0.7033	0.2450	0.1533	0.6845	0.2727	0.1567	0.7280	0.1848	0.2142	0.2223	0.2021	0.1525	0.2355	0.2296	0.1574	0.1921	0.3361	0.8908	0.4630	0.3361	0.8908	0.4630	0.2409	0.0374	0.6660	0.1898	0.0437	0.2594	0.2072	0.2963	0.6238	0.1850	0.3001	0.2991	0.0157	-0.0053	0.0380	0.0096	-0.0002	-0.0374	0.3298	1.2878	0.4738	0.2226	0.6573	0.3730	0.0077	0.0265	-0.0466	0.2347	0.6534	0.5644	0.0130	0.0339	0.0451	-0.0526	-0.0168	-0.0866	-0.0503	-0.0257	0.0755	0.1798	-0.0486	0.1552	0.0621	0.0000	0.0000	0.0000	0.0000	0.0000	0.0038	0.0515	0.0000	-0.0658	-0.0366	-0.0527	-0.0643	-0.0389	0.0421	0.2074	-0.0348	-0.1335	0.0654	0.0000	0.0000	0.0000	0.0000	0.0000	0.0061	0.0512	0.0000	0.2190	1.3371	0.4672	0.3530	0.8852	0.5639	0.3192	0.8964	0.3620	0.3276	1.2900	0.5259	0.3321	1.2855	0.4218	0.2422	0.8295	0.4113	0.2629	0.8227	0.5354	0.1892	0.4576	0.6554	0.1919	0.4632	0.2747	0.1985	0.0625	0.6967	0.1420	0.0804	0.2267	0.2009	0.4507	0.5991	0.1992	0.4510	0.3270	0.2165	0.0694	0.6601	0.1643	0.0785	0.2581	0.1634	0.0373	0.6385	0.1125	0.0497	0.2632	0.3387	0.0374	0.7007	0.2874	0.0361	0.2546	0.1885	0.9571	0.4837	0.2346	0.0763	0.6234	0.1866	0.0765	0.2896	0.2125	0.4439	0.5429	0.2064	0.4387	0.3793
168	1.68	0.3526	0.8854	0.5624	0.3192	0.8963	0.3634	0.2642	0.4506	0.6181	0.2567	0.4788	0.3079	0.2459	0.3881	0.6240	0.2315	0.3930	0.2932	0.2177	0.2059	0.7033	0.2450	0.1533	0.6845	0.2727	0.1567	0.7280	0.1848	0.2142	0.2223	0.2021	0.1525	0.2355	0.2295	0.1574	0.1921	0.3359	0.8909	0.4629	0.3359	0.8909	0.4629	0.2409	0.0374	0.6660	0.1898	0.0437	0.2594	0.2072	0.2963	0.6238	0.1850	0.3001	0.2991	0.0157	-0.0053	0.0380	0.0096	-0.0002	-0.0374	0.3296	1.2878	0.4738	0.2225	0.6573	0.3730	0.0077	0.0265	-0.0467	0.2346	0.6535	0.5644	0.0131	0.0339	0.0451	-0.0526	-0.0168	-0.0867	-0.0503	-0.0257	0.0755	0.1798	-0.0486	0.1552	0.0621	0.0000	0.0000	0.0000	0.0000	0.0000	0.0038	0.0515	0.0000	-0.0658	-0.0366	-0.0527	-0.0644	-0.0389	0.0421	0.2074	-0.0348	-0.1335	0.0654	0.0000	0.0000	0.0000	0.0000	0.0000	0.0061	0.0512	0.0000	0.2187	1.3371	0.4673	0.3529	0.8853	0.5639	0.3190	0.8964	0.3620	0.3274	1.2901	0.5258	0.3318	1.2856	0.4217	0.2421	0.8295	0.4114	0.2629	0.8227	0.5354	0.1892	0.4576	0.6554	0.1918	0.4632	0.2747	0.1985	0.0625	0.6967	0.1419	0.0804	0.2267	0.2008	0.4508	0.5991	0.1990	0.4510	0.3270	0.2165	0.0694	0.6601	0.1642	0.0785	0.2581	0.1634	0.0373	0.6385	0.1125	0.0497	0.2633	0.3387	0.0374	0.7007	0.2874	0.0361	0.2546	0.1883	0.9571	0.4837	0.2346	0.0763	0.6234	0.1865	0.0765	0.2896	0.2125	0.4439	0.5429	0.2063	0.4388	0.3793
169	1.69	0.3525	0.8854	0.5624	0.3190	0.8964	0.3634	0.2642	0.4506	0.6181	0.2566	0.4789	0.3079	0.2459	0.3882	0.6240	0.2314	0.3931	0.2932	0.2177	0.2059	0.7034	0.2450	0.1534	0.6846	0.2727	0.1568	0.7280	0.1847	0.2142	0.2223	0.2020	0.1525	0.2355	0.2295	0.1574	0.1921	0.3358	0.8909	0.4629	0.3358	0.8909	0.4629	0.2409	0.0374	0.6660	0.1898	0.0437	0.2594	0.2071	0.2963	0.6238	0.1849	0.3001	0.2992	0.0157	-0.0053	0.0380	0.0096	-0.0003	-0.0374	0.3294	1.2879	0.4737	0.2223	0.6573	0.3730	0.0077	0.0265	-0.0466	0.2345	0.6535	0.5644	0.0131	0.0339	0.0451	-0.0526	-0.0168	-0.0867	-0.0503	-0.0257	0.0755	0.1798	-0.0486	0.1553	0.0621	0.0000	0.0000	0.0000	0.0000	0.0000	0.0038	0.0515	0.0000	-0.0658	-0.0366	-0.0528	-0.0643	-0.0389	0.0421	0.2074	-0.0348	-0.1336	0.0654	0.0000	0.0000	0.0000	0.0000	0.0000	0.0061	0.0512	0.0000	0.2184	1.3371	0.4674	0.3528	0.8854	0.5638	0.3188	0.8964	0.3620	0.3273	1.2901	0.5258	0.3315	1.2856	0.4216	0.2419	0.8296	0.4114	0.2627	0.8228	0.5354	0.1891	0.4576	0.6554	0.1917	0.4632	0.2748	0.1985	0.0626	0.6967	0.1419	0.0804	0.2267	0.2008	0.4508	0.5992	0.1990	0.4510	0.3271	0.2165	0.0694	0.6601	0.1642	0.0785	0.2582	0.1634	0.0373	0.6385	0.1125	0.0497	0.2633	0.3387	0.0375	0.7007	0.2874	0.0362	0.2546	0.1881	0.9571	0.4838	0.2346	0.0763	0.6234	0.1866	0.0766	0.2896	0.2124	0.4439	0.5429	0.2062	0.4388	0.3793
170	1.70	0.3524	0.8854	0.5624	0.3187	0.8963	0.3635	0.2641	0.4506	0.6181	0.2564	0.4788	0.3080	0.2458	0.3882	0.6240	0.2313	0.3931	0.2933	0.2176	0.2059	0.7034	0.2450	0.1534	0.6846	0.2727	0.1568	0.7280	0.1846	0.2142	0.2224	0.2020	0.1525	0.2356	0.2294	0.1574	0.1921	0.3356	0.8909	0.4629	0.3356	0.8909	0.4629	0.2409	0.0374	0.6660	0.1898	0.0437	0.2595	0.2071	0.2963	0.6239	0.1848	0.3001	0.2992	0.0157	-0.0053	0.0380	0.0096	-0.0003	-0.0374	0.3291	1.2879	0.4737	0.2222	0.6573	0.3731	0.0077	0.0265	-0.0466	0.2344	0.6535	0.5645	0.0130	0.0339	0.0451	-0.0526	-0.0168	-0.0867	-0.0502	-0.0256	0.0755	0.1798	-0.0486	0.1553	0.0621	0.0000	0.0000	0.0000	0.0000	0.0000	0.0038	0.0515	0.0000	-0.0658	-0.0366	-0.0528	-0.0643	-0.0389	0.0421	0.2074	-0.0347	-0.1336	0.0654	0.0000	0.0000	0.0000	0.0000	0.0000	0.0061	0.0512	0.0000	0.2181	1.3371	0.4675	0.3526	0.8854	0.5639	0.3185	0.8964	0.3620	0.3271	1.2901	0.5258	0.3312	1.2857	0.4215	0.2416	0.8296	0.4115	0.2625	0.8228	0.5355	0.1890	0.4577	0.6555	0.1916	0.4632	0.2748	0.1984	0.0626	0.6967	0.1419	0.0804	0.2267	0.2007	0.4508	0.5992	0.1989	0.4510	0.3271	0.2165	0.0694	0.6601	0.1642	0.0785	0.2582	0.1634	0.0373	0.6385	0.1125	0.0497	0.2633	0.3387	0.0375	0.7007	0.2874	0.0362	0.2546	0.1879	0.9572	0.4839	0.2345	0.0763	0.6235	0.1866	0.0766	0.2896	0.2123	0.4439	0.5430	0.2061	0.4388	0.3794
171	1.71	0.3522	0.8854	0.5624	0.3185	0.8964	0.3634	0.2641	0.4506	0.6181	0.2563	0.4788	0.3080	0.2458	0.3882	0.6240	0.2312	0.3931	0.2933	0.2176	0.2059	0.7034	0.2450	0.1534	0.6846	0.2726	0.1568	0.7280	0.1846	0.2142	0.2224	0.2020	0.1525	0.2356	0.2294	0.1574	0.1922	0.3354	0.8909	0.4629	0.3354	0.8909	0.4629	0.2409	0.0374	0.6660	0.1898	0.0437	0.2595	0.2071	0.2963	0.6239	0.1848	0.3001	0.2992	0.0157	-0.0053	0.0380	0.0096	-0.0002	-0.0374	0.3289	1.2879	0.4736	0.2220	0.6573	0.3731	0.0077	0.0265	-0.0466	0.2343	0.6535	0.5645	0.0130	0.0339	0.0450	-0.0526	-0.0168	-0.0867	-0.0502	-0.0256	0.0756	0.1798	-0.0487	0.1553	0.0621	0.0000	0.0000	0.0000	0.0000	0.0000	0.0038	0.0515	0.0000	-0.0658	-0.0366	-0.0528	-0.0643	-0.0388	0.0421	0.2074	-0.0347	-0.1336	0.0654	0.0000	0.0000	0.0000	0.0000	0.0000	0.0061	0.0512	0.0000	0.2179	1.3371	0.4676	0.3525	0.8854	0.5638	0.3183	0.8964	0.3620	0.3269	1.2902	0.5258	0.3309	1.2857	0.4215	0.2414	0.8296	0.4115	0.2624	0.8228	0.5355	0.1890	0.4577	0.6555	0.1915	0.4632	0.2749	0.1984	0.0626	0.6968	0.1419	0.0804	0.2268	0.2006	0.4508	0.5993	0.1988	0.4510	0.3271	0.2165	0.0694	0.6601	0.1642	0.0785	0.2582	0.1634	0.0373	0.6385	0.1125	0.0497	0.2633	0.3387	0.0375	0.7007	0.2874	0.0362	0.2546	0.1877	0.9572	0.4840	0.2345	0.0763	0.6235	0.1866	0.0766	0.2896	0.2123	0.4439	0.5430	0.2061	0.4388	0.3794
172	1.72	0.3522	0.8855	0.5623	0.3184	0.8964	0.3634	0.2641	0.4506	0.6181	0.2563	0.4789	0.3080	0.2458	0.3882	0.6241	0.2312	0.3931	0.2934	0.2176	0.2059	0.7034	0.2450	0.1534	0.6846	0.2727	0.1568	0.7281	0.1845	0.2142	0.2225	0.2020	0.1525	0.2356	0.2294	0.1574	0.1922	0.3353	0.8909	0.4629	0.3353	0.8909	0.4629	0.2409	0.0374	0.6660	0.1899	0.0437	0.2595	0.2071	0.2963	0.6239	0.1848	0.3001	0.2993	0.0157	-0.0053	0.0380	0.0096	-0.0003	-0.0374	0.3287	1.2880	0.4736	0.2219	0.6573	0.3731	0.0077	0.0265	-0.0466	0.2343	0.6535	0.5645	0.0130	0.0339	0.0451	-0.0526	-0.0168	-0.0867	-0.0502	-0.0256	0.0755	0.1798	-0.0486	0.1553	0.0621	0.0000	0.0000	0.0000	0.0000	0.0000	0.0038	0.0515	0.0000	-0.0658	-0.0366	-0.0528	-0.0643	-0.0388	0.0421	0.2074	-0.0347	-0.1336	0.0654	0.0000	0.0000	0.0000	0.0000	0.0000	0.0061	0.0512	0.0000	0.2176	1.3371	0.4678	0.3524	0.8854	0.5638	0.3181	0.8965	0.3620	0.3268	1.2902	0.5257	0.3306	1.2857	0.4215	0.2413	0.8296	0.4115	0.2623	0.8228	0.5355	0.1890	0.4577	0.6556	0.1914	0.4632	0.2749	0.1985	0.0626	0.6968	0.1420	0.0804	0.2268	0.2006	0.4508	0.5993	0.1988	0.4510	0.3272	0.2165	0.0694	0.6601	0.1643	0.0785	0.2582	0.1634	0.0373	0.6386	0.1125	0.0497	0.2634	0.3388	0.0375	0.7007	0.2875	0.0362	0.2546	0.1876	0.9572	0.4841	0.2346	0.0763	0.6235	0.1866	0.0765	0.2897	0.2122	0.4439	0.5430	0.2061	0.4388	0.3794
173	1.73	0.3520	0.8855	0.5624	0.3181	0.8964	0.3634	0.2640	0.4507	0.6182	0.2561	0.4789	0.3081	0.2458	0.3882	0.6241	0.2311	0.3930	0.2934	0.2176	0.2059	0.7035	0.2450	0.1534	0.6847	0.2727	0.1568	0.7281	0.1845	0.2141	0.2225	0.2019	0.1525	0.2357	0.2293	0.1574	0.1922	0.3350	0.8909	0.4629	0.3350	0.8909	0.4629	0.2409	0.0374	0.6660	0.1899	0.0437	0.2595	0.2070	0.2963	0.6240	0.1848	0.3001	0.2993	0.0157	-0.0053	0.0379	0.0096	-0.0003	-0.0374	0.3285	1.2880	0.4736	0.2218	0.6573	0.3732	0.0077	0.0265	-0.0466	0.2341	0.6535	0.5646	0.0130	0.0339	0.0451	-0.0526	-0.0168	-0.0867	-0.0502	-0.0256	0.0754	0.1798	-0.0486	0.1554	0.0621	0.0000	0.0000	0.0000	0.0000	0.0000	0.0038	0.0515	0.0000	-0.0658	-0.0366	-0.0528	-0.0643	-0.0388	0.0420	0.2074	-0.0348	-0.1336	0.0654	0.0000	0.0000	0.0000	0.0000	0.0000	0.0061	0.0512	0.0000	0.2174	1.3371	0.4679	0.3522	0.8854	0.5638	0.3179	0.8964	0.3620	0.3266	1.2903	0.5257	0.3303	1.2858	0.4215	0.2410	0.8296	0.4116	0.2622	0.8228	0.5356	0.1890	0.4577	0.6557	0.1913	0.4632	0.2750	0.1985	0.0625	0.6968	0.1420	0.0804	0.2268	0.2006	0.4508	0.5994	0.1987	0.4510	0.3272	0.2165	0.0694	0.6602	0.1643	0.0785	0.2583	0.1634	0.0373	0.6386	0.1125	0.0497	0.2635	0.3388	0.0375	0.7007	0.2875	0.0362	0.2546	0.1874	0.9572	0.4842	0.2345	0.0763	0.6235	0.1867	0.0766	0.2897	0.2122	0.4439	0.5431	0.2061	0.4388	0.3795
174	1.74	0.3518	0.8855	0.5624	0.3178	0.8964	0.3635	0.2640	0.4507	0.6182	0.2560	0.4789	0.3081	0.2457	0.3883	0.6241	0.2309	0.3930	0.2935	0.2176	0.2059	0.7035	0.2450	0.1534	0.6847	0.2726	0.1568	0.7281	0.1844	0.2141	0.2226	0.2018	0.1524	0.2357	0.2292	0.1574	0.1922	0.3348	0.8909	0.4629	0.3348	0.8909	0.4629	0.2409	0.0374	0.6660	0.1898	0.0438	0.2595	0.2070	0.2963	0.6240	0.1847	0.3001	0.2993	0.0157	-0.0053	0.0379	0.0095	-0.0002	-0.0374	0.3282	1.2881	0.4736	0.2216	0.6573	0.3732	0.0077	0.0266	-0.0465	0.2340	0.6535	0.5646	0.0130	0.0339	0.0451	-0.0526	-0.0168	-0.0867	-0.0501	-0.0255	0.0754	0.1797	-0.0487	0.1554	0.0621	0.0000	0.0000	0.0000	0.0000	0.0000	0.0038	0.0515	0.0000	-0.0658	-0.0366	-0.0529	-0.0642	-0.0387	0.0420	0.2073	-0.0348	-0.1336	0.0654	0.0000	0.0000	0.0000	0.0000	0.0000	0.0061	0.0512	0.0000	0.2171	1.3371	0.4679	0.3521	0.8854	0.5638	0.3176	0.8964	0.3620	0.3264	1.2903	0.5257	0.3300	1.2858	0.4215	0.2408	0.8296	0.4117	0.2620	0.8228	0.5356	0.1890	0.4577	0.6557	0.1911	0.4632	0.2750	0.1985	0.0625	0.6968	0.1419	0.0805	0.2268	0.2005	0.4508	0.5994	0.1986	0.4510	0.3272	0.2165	0.0694	0.6602	0.1643	0.0785	0.2583	0.1634	0.0373	0.6386	0.1125	0.0498	0.2634	0.3388	0.0375	0.7006	0.2875	0.0362	0.2546	0.1872	0.9572	0.4842	0.2345	0.0763	0.6236	0.1867	0.0766	0.2897	0.2121	0.4439	0.5431	0.2061	0.4388	0.3795
175	1.75	0.3517	0.8855	0.5623	0.3176	0.8964	0.3635	0.2639	0.4507	0.6182	0.2559	0.4789	0.3082	0.2457	0.3883	0.6242	0.2309	0.3930	0.2935	0.2176	0.2059	0.7035	0.2450	0.1534	0.6847	0.2726	0.1568	0.7281	0.1843	0.2141	0.2226	0.2018	0.1525	0.2357	0.2292	0.1574	0.1923	0.3347	0.8909	0.4629	0.3347	0.8909	0.4629	0.2409	0.0374	0.6660	0.1898	0.0438	0.2595	0.2070	0.2963	0.6240	0.1847	0.3001	0.2993	0.0157	-0.0053	0.0379	0.0095	-0.0002	-0.0374	0.3280	1.2881	0.4736	0.2215	0.6573	0.3733	0.0077	0.0266	-0.0465	0.2339	0.6535	0.5647	0.0130	0.0339	0.0451	-0.0526	-0.0168	-0.0867	-0.0501	-0.0255	0.0755	0.1797	-0.0487	0.1554	0.0621	0.0000	0.0000	0.0000	0.0000	0.0000	0.0038	0.0515	0.0000	-0.0658	-0.0366	-0.0528	-0.0642	-0.0387	0.0420	0.2073	-0.0348	-0.1336	0.0654	0.0000	0.0000	0.0000	0.0000	0.0000	0.0061	0.0513	0.0000	0.2167	1.3371	0.4680	0.3520	0.8854	0.5638	0.3174	0.8965	0.3620	0.3262	1.2904	0.5256	0.3297	1.2859	0.4215	0.2406	0.8296	0.4117	0.2619	0.8228	0.5357	0.1889	0.4576	0.6557	0.1910	0.4632	0.2751	0.1985	0.0625	0.6968	0.1419	0.0804	0.2269	0.2005	0.4508	0.5994	0.1985	0.4510	0.3273	0.2165	0.0694	0.6602	0.1643	0.0785	0.2583	0.1634	0.0373	0.6386	0.1125	0.0497	0.2635	0.3388	0.0375	0.7006	0.2875	0.0362	0.2546	0.1869	0.9572	0.4842	0.2345	0.0763	0.6236	0.1867	0.0765	0.2897	0.2120	0.4439	0.5432	0.2060	0.4387	0.3795
176	1.76	0.3516	0.8855	0.5623	0.3174	0.8964	0.3635	0.2639	0.4506	0.6183	0.2558	0.4789	0.3082	0.2456	0.3882	0.6242	0.2308	0.3930	0.2936	0.2176	0.2058	0.7035	0.2449	0.1534	0.6847	0.2726	0.1567	0.7281	0.1843	0.2141	0.2226	0.2018	0.1525	0.2358	0.2292	0.1574	0.1923	0.3345	0.8910	0.4629	0.3345	0.8910	0.4629	0.2409	0.0374	0.6660	0.1899	0.0437	0.2596	0.2069	0.2963	0.6241	0.1846	0.3001	0.2994	0.0157	-0.0053	0.0379	0.0095	-0.0002	-0.0374	0.3277	1.2882	0.4736	0.2213	0.6573	0.3733	0.0076	0.0266	-0.0466	0.2339	0.6535	0.5647	0.0130	0.0339	0.0451	-0.0526	-0.0168	-0.0867	-0.0502	-0.0255	0.0755	0.1797	-0.0486	0.1554	0.0621	0.0000	0.0000	0.0000	0.0000	0.0000	0.0038	0.0515	0.0000	-0.0658	-0.0366	-0.0528	-0.0643	-0.0388	0.0421	0.2073	-0.0348	-0.1336	0.0654	0.0000	0.0000	0.0000	0.0000	0.0000	0.0061	0.0513	0.0000	0.2165	1.3371	0.4681	0.3518	0.8855	0.5638	0.3172	0.8965	0.3620	0.3260	1.2904	0.5256	0.3294	1.2859	0.4215	0.2405	0.8296	0.4117	0.2618	0.8228	0.5357	0.1889	0.4576	0.6558	0.1909	0.4632	0.2752	0.1985	0.0625	0.6969	0.1419	0.0804	0.2269	0.2004	0.4507	0.5995	0.1984	0.4509	0.3274	0.2165	0.0694	0.6602	0.1643	0.0784	0.2583	0.1634	0.0373	0.6386	0.1125	0.0496	0.2636	0.3388	0.0375	0.7006	0.2875	0.0362	0.2546	0.1868	0.9572	0.4843	0.2345	0.0763	0.6236	0.1867	0.0765	0.2898	0.2120	0.4439	0.5432	0.2060	0.4387	0.3796
177	1.77	0.3514	0.8856	0.5623	0.3172	0.8964	0.3635	0.2638	0.4506	0.6183	0.2557	0.4789	0.3082	0.2455	0.3881	0.6243	0.2307	0.3930	0.2936	0.2175	0.2058	0.7036	0.2449	0.1533	0.6847	0.2726	0.1567	0.7282	0.1842	0.2141	0.2227	0.2018	0.1524	0.2358	0.2291	0.1574	0.1923	0.3343	0.8910	0.4629	0.3343	0.8910	0.4629	0.2409	0.0373	0.6661	0.1898	0.0436	0.2596	0.2069	0.2963	0.6241	0.1845	0.3000	0.2995	0.0157	-0.0053	0.0380	0.0095	-0.0003	-0.0374	0.3274	1.2882	0.4735	0.2212	0.6572	0.3734	0.0076	0.0266	-0.0466	0.2338	0.6535	0.5648	0.0130	0.0339	0.0451	-0.0527	-0.0168	-0.0867	-0.0502	-0.0256	0.0755	0.1797	-0.0485	0.1553	0.0621	0.0000	0.0000	0.0000	0.0000	0.0000	0.0038	0.0515	0.0000	-0.0658	-0.0366	-0.0527	-0.0643	-0.0388	0.0421	0.2074	-0.0348	-0.1335	0.0654	0.0000	0.0000	0.0000	0.0000	0.0000	0.0061	0.0512	0.0000	0.2161	1.3370	0.4682	0.3517	0.8855	0.5638	0.3169	0.8965	0.3620	0.3258	1.2904	0.5256	0.3291	1.2860	0.4214	0.2403	0.8295	0.4117	0.2616	0.8228	0.5357	0.1888	0.4576	0.6558	0.1908	0.4631	0.2752	0.1985	0.0624	0.6969	0.1418	0.0802	0.2270	0.2004	0.4507	0.5996	0.1983	0.4509	0.3274	0.2165	0.0694	0.6602	0.1642	0.0783	0.2584	0.1633	0.0372	0.6387	0.1125	0.0495	0.2636	0.3387	0.0375	0.7006	0.2875	0.0362	0.2546	0.1866	0.9571	0.4844	0.2345	0.0763	0.6236	0.1866	0.0764	0.2898	0.2119	0.4439	0.5433	0.2058	0.4386	0.3796
178	1.78	0.3513	0.8856	0.5623	0.3169	0.8964	0.3635	0.2637	0.4505	0.6183	0.2555	0.4789	0.3082	0.2454	0.3881	0.6243	0.2306	0.3930	0.2936	0.2174	0.2057	0.7036	0.2448	0.1533	0.6847	0.2725	0.1567	0.7282	0.1842	0.2141	0.2227	0.2017	0.1524	0.2358	0.2290	0.1574	0.1923	0.3341	0.8910	0.4629	0.3341	0.8910	0.4629	0.2408	0.0373	0.6661	0.1898	0.0435	0.2596	0.2068	0.2962	0.6242	0.1844	0.2999	0.2995	0.0157	-0.0053	0.0379	0.0096	-0.0002	-0.0374	0.3271	1.2883	0.4735	0.2210	0.6572	0.3734	0.0076	0.0265	-0.0466	0.2336	0.6535	0.5648	0.0130	0.0339	0.0450	-0.0526	-0.0168	-0.0866	-0.0503	-0.0257	0.0755	0.1797	-0.0486	0.1554	0.0621	0.0000	0.0000	0.0000	0.0000	0.0000	0.0038	0.0515	0.0000	-0.0658	-0.0366	-0.0527	-0.0644	-0.0389	0.0421	0.2074	-0.0348	-0.1335	0.0654	0.0000	0.0000	0.0000	0.0000	0.0000	0.0060	0.0513	0.0000	0.2158	1.3370	0.4683	0.3515	0.8855	0.5638	0.3166	0.8965	0.3620	0.3255	1.2905	0.5256	0.3287	1.2861	0.4214	0.2401	0.8295	0.4118	0.2615	0.8228	0.5357	0.1887	0.4575	0.6559	0.1906	0.4631	0.2753	0.1984	0.0624	0.6969	0.1417	0.0802	0.2271	0.2003	0.4507	0.5996	0.1981	0.4508	0.3275	0.2164	0.0693	0.6602	0.1641	0.0783	0.2584	0.1633	0.0372	0.6387	0.1125	0.0494	0.2637	0.3387	0.0374	0.7006	0.2874	0.0361	0.2546	0.1864	0.9570	0.4845	0.2344	0.0763	0.6236	0.1865	0.0764	0.2898	0.2118	0.4439	0.5433	0.2057	0.4385	0.3797
179	1.79	0.3512	0.8856	0.5623	0.3167	0.8964	0.3635	0.2636	0.4505	0.6184	0.2554	0.4789	0.3083	0.2454	0.3881	0.6243	0.2305	0.3930	0.2936	0.2174	0.2057	0.7036	0.2448	0.1532	0.6847	0.2725	0.1566	0.7282	0.1841	0.2141	0.2227	0.2017	0.1524	0.2358	0.2290	0.1574	0.1923	0.3339	0.8910	0.4629	0.3339	0.8910	0.4629	0.2408	0.0372	0.6661	0.1898	0.0435	0.2597	0.2067	0.2962	0.6242	0.1843	0.2999	0.2996	0.0157	-0.0053	0.0380	0.0096	-0.0002	-0.0374	0.3269	1.2884	0.4735	0.2208	0.6572	0.3735	0.0076	0.0265	-0.0466	0.2335	0.6535	0.5648	0.0131	0.0339	0.0450	-0.0526	-0.0168	-0.0866	-0.0503	-0.0257	0.0756	0.1797	-0.0485	0.1554	0.0621	0.0000	0.0000	0.0000	0.0000	0.0000	0.0039	0.0515	0.0000	-0.0658	-0.0366	-0.0527	-0.0644	-0.0389	0.0421	0.2074	-0.0347	-0.1335	0.0654	0.0000	0.0000	0.0000	0.0000	0.0000	0.0060	0.0513	0.0000	0.2154	1.3369	0.4683	0.3514	0.8856	0.5637	0.3164	0.8965	0.3620	0.3253	1.2906	0.5256	0.3285	1.2862	0.4214	0.2399	0.8295	0.4118	0.2614	0.8228	0.5358	0.1886	0.4575	0.6559	0.1905	0.4631	0.2753	0.1984	0.0624	0.6969	0.1417	0.0801	0.2271	0.2002	0.4507	0.5996	0.1980	0.4508	0.3275	0.2164	0.0693	0.6602	0.1641	0.0782	0.2585	0.1633	0.0371	0.6387	0.1125	0.0493	0.2637	0.3387	0.0374	0.7006	0.2874	0.0361	0.2546	0.1862	0.9570	0.4845	0.2344	0.0763	0.6236	0.1865	0.0763	0.2898	0.2117	0.4439	0.5434	0.2055	0.4385	0.3797
180	1.80	0.3511	0.8857	0.5623	0.3165	0.8965	0.3634	0.2636	0.4505	0.6184	0.2553	0.4789	0.3083	0.2454	0.3881	0.6243	0.2304	0.3930	0.2936	0.2174	0.2057	0.7037	0.2448	0.1532	0.6847	0.2725	0.1566	0.7282	0.1840	0.2141	0.2227	0.2016	0.1525	0.2358	0.2290	0.1575	0.1923	0.3338	0.8911	0.4629	0.3338	0.8911	0.4629	0.2408	0.0372	0.6661	0.1898	0.0435	0.2597	0.2067	0.2962	0.6242	0.1842	0.2999	0.2996	0.0157	-0.0053	0.0380	0.0096	-0.0003	-0.0374	0.3267	1.2885	0.4734	0.2207	0.6572	0.3735	0.0076	0.0265	-0.0466	0.2335	0.6535	0.5649	0.0131	0.0339	0.0450	-0.0526	-0.0168	-0.0867	-0.0504	-0.0257	0.0755	0.1797	-0.0485	0.1554	0.0622	0.0000	0.0000	0.0000	0.0000	0.0000	0.0039	0.0515	0.0000	-0.0658	-0.0366	-0.0527	-0.0644	-0.0389	0.0421	0.2074	-0.0347	-0.1335	0.0654	0.0000	0.0000	0.0000	0.0000	0.0000	0.0060	0.0513	0.0000	0.2152	1.3369	0.4684	0.3514	0.8856	0.5637	0.3162	0.8965	0.3620	0.3251	1.2907	0.5256	0.3282	1.2863	0.4213	0.2398	0.8295	0.4119	0.2613	0.8228	0.5358	0.1887	0.4575	0.6560	0.1904	0.4631	0.2754	0.1984	0.0624	0.6969	0.1417	0.0801	0.2271	0.2002	0.4507	0.5997	0.1979	0.4508	0.3276	0.2164	0.0693	0.6602	0.1641	0.0782	0.2585	0.1633	0.0371	0.6387	0.1125	0.0493	0.2638	0.3387	0.0374	0.7006	0.2874	0.0362	0.2546	0.1861	0.9570	0.4846	0.2344	0.0763	0.6236	0.1865	0.0763	0.2898	0.2117	0.4439	0.5434	0.2055	0.4385	0.3798
181	1.81	0.3510	0.8857	0.5622	0.3163	0.8964	0.3635	0.2636	0.4506	0.6184	0.2551	0.4789	0.3083	0.2454	0.3881	0.6244	0.2303	0.3930	0.2936	0.2174	0.2058	0.7037	0.2448	0.1533	0.6848	0.2725	0.1567	0.7282	0.1840	0.2141	0.2228	0.2016	0.1525	0.2358	0.2289	0.1575	0.1923	0.3336	0.8910	0.4628	0.3336	0.8910	0.4628	0.2408	0.0373	0.6661	0.1898	0.0435	0.2597	0.2067	0.2963	0.6242	0.1842	0.2999	0.2996	0.0157	-0.0053	0.0380	0.0096	-0.0003	-0.0374	0.3264	1.2886	0.4734	0.2206	0.6572	0.3736	0.0076	0.0265	-0.0466	0.2334	0.6535	0.5649	0.0130	0.0339	0.0451	-0.0526	-0.0168	-0.0867	-0.0503	-0.0257	0.0755	0.1797	-0.0485	0.1555	0.0622	0.0000	0.0000	0.0000	0.0000	0.0000	0.0039	0.0515	0.0000	-0.0658	-0.0366	-0.0528	-0.0644	-0.0388	0.0420	0.2074	-0.0347	-0.1335	0.0654	0.0000	0.0000	0.0000	0.0000	0.0000	0.0060	0.0513	0.0000	0.2148	1.3370	0.4685	0.3512	0.8856	0.5637	0.3160	0.8965	0.3620	0.3249	1.2908	0.5255	0.3279	1.2863	0.4213	0.2395	0.8295	0.4119	0.2612	0.8228	0.5358	0.1887	0.4576	0.6560	0.1902	0.4631	0.2754	0.1984	0.0624	0.6969	0.1417	0.0801	0.2271	0.2001	0.4507	0.5997	0.1978	0.4508	0.3276	0.2164	0.0693	0.6603	0.1642	0.0783	0.2585	0.1633	0.0371	0.6387	0.1125	0.0493	0.2638	0.3387	0.0375	0.7006	0.2874	0.0362	0.2546	0.1859	0.9570	0.4846	0.2344	0.0763	0.6236	0.1866	0.0764	0.2898	0.2116	0.4439	0.5435	0.2055	0.4386	0.3798
182	1.82	0.3509	0.8856	0.5623	0.3160	0.8964	0.3635	0.2636	0.4507	0.6184	0.2550	0.4789	0.3083	0.2454	0.3882	0.6244	0.2302	0.3930	0.2936	0.2174	0.2058	0.7037	0.2448	0.1533	0.6848	0.2725	0.1567	0.7282	0.1839	0.2141	0.2228	0.2015	0.1524	0.2358	0.2288	0.1574	0.1923	0.3334	0.8910	0.4629	0.3334	0.8910	0.4629	0.2408	0.0373	0.6660	0.1898	0.0436	0.2597	0.2067	0.2963	0.6243	0.1841	0.3000	0.2996	0.0157	-0.0053	0.0379	0.0096	-0.0002	-0.0374	0.3261	1.2887	0.4734	0.2204	0.6572	0.3736	0.0077	0.0265	-0.0465	0.2333	0.6535	0.5650	0.0130	0.0338	0.0450	-0.0526	-0.0168	-0.0867	-0.0502	-0.0255	0.0755	0.1796	-0.0486	0.1555	0.0622	0.0000	0.0000	0.0000	0.0000	0.0000	0.0039	0.0515	0.0000	-0.0658	-0.0366	-0.0528	-0.0642	-0.0388	0.0420	0.2074	-0.0347	-0.1334	0.0654	0.0000	0.0000	0.0000	0.0000	0.0000	0.0060	0.0513	0.0000	0.2145	1.3370	0.4685	0.3511	0.8855	0.5637	0.3158	0.8965	0.3621	0.3246	1.2910	0.5255	0.3276	1.2864	0.4213	0.2393	0.8295	0.4120	0.2610	0.8228	0.5359	0.1887	0.4576	0.6561	0.1901	0.4631	0.2755	0.1984	0.0624	0.6969	0.1417	0.0802	0.2271	0.2001	0.4507	0.5998	0.1977	0.4508	0.3276	0.2164	0.0693	0.6603	0.1642	0.0783	0.2585	0.1633	0.0372	0.6387	0.1125	0.0495	0.2637	0.3387	0.0376	0.7006	0.2875	0.0363	0.2545	0.1857	0.9571	0.4846	0.2343	0.0763	0.6236	0.1866	0.0764	0.2898	0.2116	0.4438	0.5435	0.2054	0.4386	0.3798
183	1.83	0.3508	0.8856	0.5622	0.3158	0.8964	0.3635	0.2636	0.4507	0.6185	0.2549	0.4789	0.3084	0.2454	0.3882	0.6244	0.2301	0.3929	0.2937	0.2174	0.2058	0.7037	0.2448	0.1533	0.6848	0.2726	0.1567	0.7282	0.1838	0.2140	0.2229	0.2015	0.1524	0.2359	0.2288	0.1574	0.1923	0.3333	0.8910	0.4629	0.3333	0.8910	0.4629	0.2408	0.0374	0.6660	0.1898	0.0437	0.2597	0.2067	0.2962	0.6243	0.1841	0.3000	0.2996	0.0157	-0.0053	0.0379	0.0095	-0.0002	-0.0374	0.3259	1.2888	0.4734	0.2202	0.6572	0.3737	0.0077	0.0265	-0.0465	0.2332	0.6535	0.5650	0.0130	0.0338	0.0450	-0.0526	-0.0168	-0.0867	-0.0501	-0.0255	0.0755	0.1796	-0.0486	0.1555	0.0621	0.0000	0.0000	0.0000	0.0000	0.0000	0.0039	0.0515	0.0000	-0.0658	-0.0366	-0.0528	-0.0642	-0.0387	0.0420	0.2074	-0.0347	-0.1334	0.0654	0.0000	0.0000	0.0000	0.0000	0.0000	0.0060	0.0513	0.0000	0.2141	1.3370	0.4686	0.3510	0.8855	0.5637	0.3156	0.8965	0.3620	0.3244	1.2911	0.5255	0.3273	1.2865	0.4213	0.2391	0.8295	0.4120	0.2609	0.8228	0.5359	0.1887	0.4576	0.6561	0.1899	0.4630	0.2756	0.1984	0.0624	0.6969	0.1417	0.0803	0.2271	0.2001	0.4507	0.5998	0.1976	0.4508	0.3277	0.2164	0.0693	0.6603	0.1642	0.0783	0.2584	0.1633	0.0372	0.6387	0.1124	0.0495	0.2637	0.3387	0.0376	0.7005	0.2875	0.0363	0.2545	0.1855	0.9571	0.4847	0.2343	0.0763	0.6236	0.1866	0.0764	0.2898	0.2115	0.4438	0.5436	0.2053	0.4386	0.3798
184	1.84	0.3507	0.8856	0.5622	0.3156	0.8964	0.3634	0.2636	0.4507	0.6185	0.2547	0.4789	0.3084	0.2454	0.3882	0.6245	0.2300	0.3929	0.2937	0.2175	0.2058	0.7037	0.2448	0.1533	0.6848	0.2726	0.1567	0.7282	0.1838	0.2140	0.2229	0.2014	0.1524	0.2359	0.2287	0.1574	0.1923	0.3331	0.8910	0.4628	0.3331	0.8910	0.4628	0.2408	0.0373	0.6661	0.1898	0.0436	0.2597	0.2067	0.2962	0.6244	0.1840	0.2999	0.2997	0.0157	-0.0053	0.0379	0.0096	-0.0002	-0.0374	0.3256	1.2889	0.4734	0.2201	0.6572	0.3737	0.0077	0.0265	-0.0465	0.2332	0.6535	0.5650	0.0130	0.0338	0.0451	-0.0527	-0.0168	-0.0867	-0.0501	-0.0255	0.0754	0.1797	-0.0486	0.1555	0.0621	0.0000	0.0000	0.0000	0.0000	0.0000	0.0039	0.0515	0.0000	-0.0659	-0.0366	-0.0528	-0.0642	-0.0387	0.0420	0.2074	-0.0347	-0.1334	0.0654	0.0000	0.0000	0.0000	0.0000	0.0000	0.0060	0.0513	0.0000	0.2137	1.3370	0.4687	0.3509	0.8855	0.5636	0.3153	0.8965	0.3620	0.3241	1.2911	0.5256	0.3270	1.2866	0.4213	0.2389	0.8295	0.4120	0.2608	0.8227	0.5359	0.1887	0.4576	0.6561	0.1898	0.4630	0.2756	0.1985	0.0623	0.6970	0.1417	0.0802	0.2271	0.2001	0.4507	0.5999	0.1975	0.4508	0.3277	0.2164	0.0693	0.6603	0.1642	0.0783	0.2585	0.1633	0.0371	0.6388	0.1125	0.0494	0.2638	0.3387	0.0376	0.7005	0.2875	0.0363	0.2545	0.1854	0.9570	0.4848	0.2343	0.0763	0.6236	0.1867	0.0764	0.2899	0.2114	0.4438	0.5436	0.2052	0.4386	0.3799
185	1.85	0.3506	0.8856	0.5621	0.3153	0.8965	0.3634	0.2636	0.4506	0.6186	0.2546	0.4789	0.3084	0.2454	0.3881	0.6245	0.2299	0.3929	0.2937	0.2174	0.2057	0.7038	0.2448	0.1532	0.6848	0.2726	0.1566	0.7282	0.1837	0.2140	0.2229	0.2014	0.1524	0.2359	0.2286	0.1574	0.1924	0.3329	0.8910	0.4628	0.3329	0.8910	0.4628	0.2408	0.0373	0.6661	0.1898	0.0435	0.2598	0.2066	0.2962	0.6244	0.1839	0.2999	0.2998	0.0158	-0.0053	0.0379	0.0095	-0.0002	-0.0374	0.3253	1.2889	0.4735	0.2199	0.6572	0.3737	0.0076	0.0265	-0.0465	0.2331	0.6534	0.5650	0.0130	0.0338	0.0451	-0.0527	-0.0168	-0.0867	-0.0502	-0.0256	0.0754	0.1797	-0.0485	0.1555	0.0621	0.0000	0.0000	0.0000	0.0000	0.0000	0.0038	0.0515	0.0000	-0.0659	-0.0366	-0.0527	-0.0643	-0.0388	0.0420	0.2074	-0.0347	-0.1334	0.0654	0.0000	0.0000	0.0000	0.0000	0.0000	0.0060	0.0513	0.0000	0.2134	1.3369	0.4688	0.3508	0.8855	0.5635	0.3151	0.8965	0.3620	0.3239	1.2912	0.5256	0.3267	1.2867	0.4213	0.2387	0.8295	0.4121	0.2607	0.8227	0.5359	0.1886	0.4575	0.6562	0.1896	0.4630	0.2757	0.1984	0.0623	0.6970	0.1417	0.0801	0.2272	0.2000	0.4507	0.5999	0.1974	0.4508	0.3278	0.2164	0.0693	0.6603	0.1642	0.0782	0.2586	0.1632	0.0371	0.6388	0.1125	0.0493	0.2639	0.3387	0.0375	0.7006	0.2875	0.0362	0.2546	0.1852	0.9570	0.4849	0.2343	0.0763	0.6237	0.1866	0.0763	0.2899	0.2114	0.4438	0.5436	0.2051	0.4385	0.3799
186	1.86	0.3504	0.8856	0.5621	0.3150	0.8965	0.3634	0.2635	0.4506	0.6186	0.2545	0.4789	0.3084	0.2453	0.3881	0.6246	0.2298	0.3930	0.2937	0.2174	0.2057	0.7038	0.2447	0.1532	0.6849	0.2726	0.1566	0.7282	0.1836	0.2140	0.2229	0.2013	0.1524	0.2359	0.2285	0.1574	0.1924	0.3327	0.8910	0.4627	0.3327	0.8910	0.4627	0.2407	0.0372	0.6661	0.1898	0.0435	0.2598	0.2066	0.2962	0.6244	0.1838	0.2998	0.2998	0.0158	-0.0053	0.0379	0.0095	-0.0002	-0.0374	0.3250	1.2890	0.4735	0.2197	0.6571	0.3738	0.0076	0.0265	-0.0466	0.2330	0.6534	0.5651	0.0130	0.0338	0.0451	-0.0527	-0.0169	-0.0867	-0.0502	-0.0256	0.0755	0.1797	-0.0484	0.1555	0.0621	0.0000	0.0000	0.0000	0.0000	0.0000	0.0039	0.0515	0.0000	-0.0658	-0.0366	-0.0527	-0.0643	-0.0388	0.0420	0.2074	-0.0347	-0.1334	0.0655	0.0000	0.0000	0.0000	0.0000	0.0000	0.0060	0.0513	0.0000	0.2130	1.3368	0.4689	0.3507	0.8855	0.5635	0.3147	0.8966	0.3620	0.3235	1.2912	0.5257	0.3264	1.2867	0.4214	0.2385	0.8295	0.4121	0.2606	0.8227	0.5359	0.1886	0.4575	0.6563	0.1895	0.4630	0.2757	0.1984	0.0622	0.6970	0.1416	0.0800	0.2273	0.2000	0.4507	0.6000	0.1972	0.4507	0.3279	0.2163	0.0693	0.6603	0.1641	0.0782	0.2586	0.1632	0.0370	0.6389	0.1125	0.0492	0.2639	0.3387	0.0375	0.7006	0.2875	0.0362	0.2546	0.1850	0.9569	0.4850	0.2342	0.0763	0.6236	0.1866	0.0763	0.2899	0.2114	0.4438	0.5437	0.2049	0.4385	0.3800
187	1.87	0.3504	0.8856	0.5620	0.3147	0.8965	0.3633	0.2634	0.4506	0.6186	0.2544	0.4789	0.3084	0.2452	0.3880	0.6246	0.2297	0.3930	0.2937	0.2173	0.2056	0.7038	0.2447	0.1532	0.6848	0.2725	0.1566	0.7282	0.1835	0.2140	0.2230	0.2013	0.1524	0.2359	0.2285	0.1574	0.1924	0.3325	0.8911	0.4627	0.3325	0.8911	0.4627	0.2407	0.0372	0.6661	0.1898	0.0434	0.2598	0.2066	0.2962	0.6244	0.1837	0.2998	0.2998	0.0158	-0.0053	0.0379	0.0096	-0.0002	-0.0374	0.3247	1.2891	0.4736	0.2195	0.6571	0.3738	0.0076	0.0264	-0.0466	0.2329	0.6534	0.5651	0.0130	0.0339	0.0450	-0.0527	-0.0168	-0.0867	-0.0502	-0.0256	0.0755	0.1797	-0.0485	0.1555	0.0622	0.0000	0.0000	0.0000	0.0000	0.0000	0.0039	0.0515	0.0000	-0.0658	-0.0366	-0.0527	-0.0643	-0.0388	0.0421	0.2074	-0.0347	-0.1334	0.0654	0.0000	0.0000	0.0000	0.0000	0.0000	0.0060	0.0513	0.0000	0.2126	1.3368	0.4689	0.3506	0.8855	0.5634	0.3145	0.8966	0.3619	0.3232	1.2913	0.5257	0.3261	1.2868	0.4214	0.2383	0.8294	0.4121	0.2605	0.8227	0.5359	0.1885	0.4575	0.6563	0.1894	0.4629	0.2757	0.1984	0.0622	0.6970	0.1415	0.0800	0.2273	0.1999	0.4506	0.6000	0.1971	0.4507	0.3279	0.2163	0.0693	0.6603	0.1640	0.0781	0.2586	0.1632	0.0370	0.6389	0.1124	0.0492	0.2640	0.3386	0.0375	0.7005	0.2874	0.0362	0.2545	0.1847	0.9569	0.4851	0.2342	0.0763	0.6236	0.1866	0.0763	0.2899	0.2113	0.4438	0.5437	0.2048	0.4385	0.3800
188	1.88	0.3503	0.8857	0.5619	0.3145	0.8966	0.3633	0.2634	0.4505	0.6186	0.2543	0.4790	0.3084	0.2452	0.3880	0.6246	0.2296	0.3930	0.2937	0.2173	0.2056	0.7038	0.2447	0.1531	0.6849	0.2725	0.1565	0.7282	0.1835	0.2140	0.2230	0.2013	0.1524	0.2359	0.2285	0.1575	0.1923	0.3324	0.8911	0.4626	0.3324	0.8911	0.4626	0.2407	0.0372	0.6661	0.1898	0.0434	0.2599	0.2065	0.2962	0.6244	0.1836	0.2998	0.2999	0.0158	-0.0053	0.0380	0.0096	-0.0002	-0.0374	0.3244	1.2892	0.4736	0.2194	0.6571	0.3738	0.0076	0.0264	-0.0466	0.2329	0.6534	0.5651	0.0131	0.0339	0.0450	-0.0527	-0.0169	-0.0867	-0.0503	-0.0257	0.0756	0.1797	-0.0484	0.1555	0.0622	0.0000	0.0000	0.0000	0.0000	0.0000	0.0039	0.0515	0.0000	-0.0658	-0.0366	-0.0527	-0.0644	-0.0389	0.0421	0.2074	-0.0347	-0.1334	0.0654	0.0000	0.0000	0.0000	0.0000	0.0000	0.0060	0.0513	0.0000	0.2123	1.3368	0.4690	0.3505	0.8856	0.5633	0.3142	0.8966	0.3619	0.3230	1.2913	0.5258	0.3258	1.2870	0.4214	0.2381	0.8294	0.4121	0.2604	0.8227	0.5359	0.1885	0.4575	0.6563	0.1893	0.4629	0.2758	0.1984	0.0622	0.6970	0.1415	0.0799	0.2274	0.1999	0.4507	0.6000	0.1970	0.4507	0.3279	0.2163	0.0692	0.6603	0.1640	0.0781	0.2587	0.1632	0.0369	0.6389	0.1125	0.0491	0.2641	0.3386	0.0375	0.7005	0.2875	0.0362	0.2545	0.1845	0.9568	0.4852	0.2343	0.0762	0.6236	0.1866	0.0763	0.2899	0.2113	0.4438	0.5437	0.2047	0.4385	0.3801
189	1.89	0.3501	0.8857	0.5619	0.3142	0.8966	0.3633	0.2634	0.4505	0.6186	0.2542	0.4790	0.3084	0.2452	0.3880	0.6246	0.2295	0.3930	0.2937	0.2173	0.2056	0.7039	0.2447	0.1531	0.6849	0.2725	0.1565	0.7282	0.1834	0.2140	0.2230	0.2013	0.1524	0.2360	0.2284	0.1575	0.1924	0.3322	0.8912	0.4626	0.3322	0.8912	0.4626	0.2407	0.0372	0.6661	0.1898	0.0434	0.2599	0.2066	0.2962	0.6245	0.1836	0.2998	0.2999	0.0158	-0.0053	0.0380	0.0096	-0.0002	-0.0374	0.3241	1.2892	0.4737	0.2192	0.6571	0.3739	0.0076	0.0264	-0.0466	0.2328	0.6534	0.5651	0.0131	0.0339	0.0450	-0.0527	-0.0169	-0.0867	-0.0503	-0.0257	0.0755	0.1797	-0.0484	0.1555	0.0622	0.0000	0.0000	0.0000	0.0000	0.0000	0.0038	0.0515	0.0000	-0.0659	-0.0366	-0.0527	-0.0644	-0.0389	0.0421	0.2074	-0.0347	-0.1334	0.0654	0.0000	0.0000	0.0000	0.0000	0.0000	0.0060	0.0513	0.0000	0.2119	1.3368	0.4691	0.3504	0.8856	0.5633	0.3139	0.8967	0.3619	0.3227	1.2914	0.5259	0.3255	1.2871	0.4215	0.2379	0.8295	0.4122	0.2603	0.8227	0.5359	0.1885	0.4575	0.6564	0.1892	0.4629	0.2759	0.1984	0.0622	0.6970	0.1415	0.0799	0.2274	0.1999	0.4506	0.6001	0.1969	0.4507	0.3280	0.2164	0.0692	0.6603	0.1640	0.0781	0.2587	0.1631	0.0369	0.6389	0.1125	0.0491	0.2641	0.3386	0.0375	0.7005	0.2875	0.0362	0.2545	0.1844	0.9568	0.4853	0.2343	0.0763	0.6236	0.1866	0.0763	0.2900	0.2112	0.4438	0.5438	0.2046	0.4384	0.3801
190	1.90	0.3500	0.8857	0.5619	0.3139	0.8966	0.3633	0.2634	0.4505	0.6186	0.2540	0.4790	0.3085	0.2452	0.3880	0.6246	0.2294	0.3930	0.2938	0.2173	0.2056	0.7039	0.2447	0.1531	0.6849	0.2725	0.1565	0.7282	0.1834	0.2140	0.2230	0.2012	0.1524	0.2360	0.2283	0.1575	0.1924	0.3319	0.8912	0.4626	0.3319	0.8912	0.4626	0.2407	0.0372	0.6661	0.1898	0.0434	0.2599	0.2065	0.2962	0.6245	0.1835	0.2998	0.3000	0.0158	-0.0053	0.0380	0.0096	-0.0002	-0.0374	0.3237	1.2893	0.4738	0.2191	0.6571	0.3739	0.0076	0.0264	-0.0466	0.2327	0.6534	0.5652	0.0130	0.0339	0.0450	-0.0527	-0.0168	-0.0867	-0.0502	-0.0256	0.0756	0.1796	-0.0484	0.1555	0.0622	0.0000	0.0000	0.0000	0.0000	0.0000	0.0039	0.0515	0.0000	-0.0659	-0.0366	-0.0526	-0.0643	-0.0388	0.0421	0.2074	-0.0347	-0.1335	0.0654	0.0000	0.0000	0.0000	0.0000	0.0000	0.0060	0.0513	0.0000	0.2115	1.3368	0.4692	0.3503	0.8856	0.5633	0.3136	0.8967	0.3619	0.3223	1.2915	0.5260	0.3252	1.2871	0.4216	0.2376	0.8295	0.4122	0.2601	0.8227	0.5360	0.1885	0.4574	0.6564	0.1890	0.4629	0.2759	0.1984	0.0622	0.6970	0.1415	0.0799	0.2274	0.1999	0.4506	0.6001	0.1968	0.4507	0.3280	0.2164	0.0692	0.6603	0.1640	0.0781	0.2587	0.1631	0.0369	0.6389	0.1125	0.0491	0.2641	0.3386	0.0375	0.7005	0.2875	0.0362	0.2545	0.1841	0.9568	0.4854	0.2343	0.0763	0.6235	0.1866	0.0763	0.2900	0.2112	0.4438	0.5438	0.2045	0.4384	0.3802
191	1.91	0.3499	0.8857	0.5618	0.3136	0.8967	0.3633	0.2633	0.4506	0.6186	0.2539	0.4790	0.3085	0.2452	0.3880	0.6247	0.2293	0.3930	0.2938	0.2173	0.2056	0.7039	0.2447	0.1531	0.6849	0.2725	0.1565	0.7282	0.1833	0.2140	0.2231	0.2012	0.1524	0.2360	0.2283	0.1575	0.1924	0.3318	0.8912	0.4625	0.3318	0.8912	0.4625	0.2407	0.0372	0.6661	0.1898	0.0434	0.2599	0.2064	0.2962	0.6245	0.1835	0.2998	0.3000	0.0158	-0.0053	0.0380	0.0096	-0.0002	-0.0374	0.3234	1.2893	0.4738	0.2189	0.6571	0.3739	0.0076	0.0264	-0.0466	0.2326	0.6534	0.5652	0.0130	0.0338	0.0450	-0.0527	-0.0168	-0.0867	-0.0502	-0.0256	0.0756	0.1796	-0.0484	0.1555	0.0622	0.0000	0.0000	0.0000	0.0000	0.0000	0.0039	0.0515	0.0000	-0.0658	-0.0366	-0.0527	-0.0643	-0.0388	0.0421	0.2074	-0.0346	-0.1335	0.0654	0.0000	0.0000	0.0000	0.0000	0.0000	0.0060	0.0512	0.0000	0.2112	1.3368	0.4692	0.3502	0.8856	0.5632	0.3134	0.8967	0.3619	0.3220	1.2915	0.5260	0.3248	1.2871	0.4216	0.2374	0.8295	0.4122	0.2600	0.8226	0.5360	0.1885	0.4575	0.6564	0.1889	0.4629	0.2759	0.1984	0.0622	0.6970	0.1415	0.0799	0.2274	0.1997	0.4506	0.6002	0.1967	0.4507	0.3281	0.2163	0.0692	0.6603	0.1641	0.0781	0.2587	0.1631	0.0369	0.6389	0.1125	0.0491	0.2641	0.3386	0.0376	0.7005	0.2875	0.0362	0.2545	0.1839	0.9568	0.4855	0.2342	0.0763	0.6235	0.1866	0.0763	0.2900	0.2110	0.4438	0.5439	0.2045	0.4385	0.3802
192	1.92	0.3498	0.8857	0.5618	0.3134	0.8967	0.3632	0.2634	0.4506	0.6186	0.2538	0.4790	0.3085	0.2452	0.3880	0.6247	0.2293	0.3930	0.2938	0.2173	0.2056	0.7039	0.2447	0.1531	0.6849	0.2725	0.1565	0.7282	0.1833	0.2140	0.2231	0.2012	0.1524	0.2360	0.2283	0.1575	0.1924	0.3316	0.8912	0.4625	0.3316	0.8912	0.4625	0.2407	0.0372	0.6661	0.1899	0.0434	0.2599	0.2063	0.2962	0.6246	0.1835	0.2998	0.3000	0.0157	-0.0053	0.0380	0.0096	-0.0002	-0.0374	0.3232	1.2894	0.4739	0.2188	0.6571	0.3739	0.0076	0.0264	-0.0466	0.2324	0.6534	0.5652	0.0130	0.0336	0.0450	-0.0527	-0.0169	-0.0867	-0.0502	-0.0256	0.0755	0.1797	-0.0483	0.1555	0.0622	0.0000	0.0000	0.0000	0.0000	0.0000	0.0038	0.0515	0.0000	-0.0659	-0.0366	-0.0527	-0.0643	-0.0388	0.0421	0.2074	-0.0347	-0.1334	0.0655	0.0000	0.0000	0.0000	0.0000	0.0000	0.0060	0.0512	0.0000	0.2108	1.3367	0.4694	0.3500	0.8856	0.5632	0.3131	0.8968	0.3618	0.3217	1.2916	0.5261	0.3246	1.2872	0.4217	0.2372	0.8295	0.4122	0.2599	0.8226	0.5359	0.1885	0.4575	0.6565	0.1888	0.4628	0.2760	0.1984	0.0621	0.6970	0.1415	0.0799	0.2274	0.1995	0.4507	0.6003	0.1967	0.4507	0.3281	0.2163	0.0692	0.6603	0.1641	0.0781	0.2587	0.1631	0.0369	0.6389	0.1125	0.0491	0.2642	0.3387	0.0376	0.7004	0.2875	0.0362	0.2545	0.1838	0.9568	0.4856	0.2342	0.0762	0.6236	0.1866	0.0763	0.2900	0.2105	0.4439	0.5442	0.2045	0.4385	0.3802
193	1.93	0.3497	0.8857	0.5617	0.3131	0.8967	0.3632	0.2633	0.4506	0.6187	0.2537	0.4790	0.3085	0.2452	0.3880	0.6247	0.2292	0.3930	0.2939	0.2173	0.2056	0.7039	0.2447	0.1531	0.6849	0.2725	0.1565	0.7282	0.1832	0.2140	0.2231	0.2011	0.1524	0.2361	0.2282	0.1575	0.1924	0.3314	0.8912	0.4625	0.3314	0.8912	0.4625	0.2407	0.0372	0.6661	0.1899	0.0434	0.2599	0.2062	0.2961	0.6247	0.1834	0.2998	0.3000	0.0157	-0.0053	0.0380	0.0096	-0.0002	-0.0374	0.3228	1.2894	0.4740	0.2186	0.6571	0.3740	0.0076	0.0264	-0.0466	0.2323	0.6534	0.5653	0.0130	0.0335	0.0450	-0.0527	-0.0169	-0.0867	-0.0502	-0.0255	0.0755	0.1796	-0.0483	0.1555	0.0622	0.0000	0.0000	0.0000	0.0000	0.0000	0.0038	0.0515	0.0000	-0.0659	-0.0366	-0.0527	-0.0643	-0.0388	0.0421	0.2075	-0.0346	-0.1334	0.0655	0.0000	0.0000	0.0000	0.0000	0.0000	0.0060	0.0513	0.0000	0.2105	1.3367	0.4695	0.3499	0.8856	0.5631	0.3129	0.8968	0.3618	0.3214	1.2916	0.5262	0.3243	1.2873	0.4217	0.2370	0.8295	0.4122	0.2598	0.8226	0.5359	0.1885	0.4575	0.6566	0.1887	0.4628	0.2760	0.1984	0.0621	0.6971	0.1415	0.0799	0.2275	0.1994	0.4507	0.6004	0.1965	0.4506	0.3281	0.2163	0.0691	0.6604	0.1641	0.0781	0.2588	0.1631	0.0369	0.6390	0.1125	0.0491	0.2642	0.3387	0.0376	0.7004	0.2875	0.0362	0.2545	0.1836	0.9568	0.4856	0.2342	0.0762	0.6237	0.1867	0.0763	0.2900	0.2103	0.4438	0.5442	0.2044	0.4385	0.3803
194	1.94	0.3495	0.8856	0.5617	0.3128	0.8967	0.3632	0.2633	0.4506	0.6187	0.2535	0.4790	0.3085	0.2451	0.3880	0.6248	0.2291	0.3930	0.2939	0.2173	0.2056	0.7039	0.2447	0.1531	0.6849	0.2725	0.1565	0.7282	0.1831	0.2140	0.2232	0.2011	0.1523	0.2361	0.2281	0.1575	0.1924	0.3312	0.8912	0.4624	0.3312	0.8912	0.4624	0.2407	0.0372	0.6661	0.1899	0.0434	0.2599	0.2062	0.2961	0.6247	0.1833	0.2997	0.3001	0.0158	-0.0053	0.0379	0.0095	-0.0002	-0.0374	0.3225	1.2895	0.4740	0.2184	0.6571	0.3740	0.0076	0.0264	-0.0466	0.2322	0.6534	0.5653	0.0129	0.0335	0.0450	-0.0527	-0.0169	-0.0867	-0.0501	-0.0255	0.0755	0.1797	-0.0483	0.1555	0.0621	0.0000	0.0000	0.0000	0.0000	0.0000	0.0038	0.0515	0.0000	-0.0659	-0.0366	-0.0527	-0.0642	-0.0388	0.0421	0.2075	-0.0346	-0.1334	0.0655	0.0000	0.0000	0.0000	0.0000	0.0000	0.0060	0.0513	0.0000	0.2101	1.3367	0.4696	0.3498	0.8856	0.5631	0.3126	0.8968	0.3618	0.3211	1.2916	0.5263	0.3239	1.2873	0.4218	0.2367	0.8295	0.4123	0.2596	0.8226	0.5360	0.1884	0.4575	0.6566	0.1885	0.4628	0.2760	0.1984	0.0621	0.6971	0.1415	0.0799	0.2275	0.1993	0.4506	0.6005	0.1964	0.4506	0.3282	0.2163	0.0691	0.6604	0.1641	0.0781	0.2588	0.1631	0.0368	0.6390	0.1125	0.0491	0.2642	0.3386	0.0376	0.7004	0.2875	0.0362	0.2545	0.1834	0.9568	0.4857	0.2341	0.0762	0.6237	0.1867	0.0762	0.2900	0.2103	0.4438	0.5443	0.2043	0.4384	0.3803
195	1.95	0.3494	0.8856	0.5617	0.3126	0.8967	0.3632	0.2633	0.4506	0.6187	0.2534	0.4790	0.3085	0.2451	0.3880	0.6248	0.2290	0.3930	0.2939	0.2173	0.2055	0.7039	0.2446	0.1531	0.6849	0.2725	0.1565	0.7282	0.1830	0.2139	0.2232	0.2010	0.1523	0.2361	0.2281	0.1575	0.1924	0.3310	0.8912	0.4624	0.3310	0.8912	0.4624	0.2407	0.0372	0.6661	0.1898	0.0434	0.2599	0.2062	0.2961	0.6247	0.1832	0.2997	0.3001	0.0158	-0.0053	0.0379	0.0095	-0.0002	-0.0374	0.3222	1.2895	0.4741	0.2182	0.6571	0.3741	0.0076	0.0264	-0.0466	0.2321	0.6534	0.5654	0.0129	0.0335	0.0450	-0.0527	-0.0169	-0.0867	-0.0501	-0.0255	0.0755	0.1796	-0.0482	0.1555	0.0621	0.0000	0.0000	0.0000	0.0000	0.0000	0.0038	0.0515	0.0000	-0.0658	-0.0367	-0.0527	-0.0642	-0.0387	0.0421	0.2075	-0.0347	-0.1334	0.0655	0.0000	0.0000	0.0000	0.0000	0.0000	0.0060	0.0513	0.0000	0.2097	1.3367	0.4696	0.3497	0.8856	0.5630	0.3123	0.8968	0.3618	0.3208	1.2917	0.5263	0.3236	1.2874	0.4219	0.2365	0.8295	0.4124	0.2595	0.8226	0.5360	0.1884	0.4575	0.6567	0.1884	0.4628	0.2761	0.1984	0.0620	0.6971	0.1414	0.0799	0.2275	0.1993	0.4506	0.6005	0.1963	0.4506	0.3282	0.2162	0.0691	0.6603	0.1641	0.0781	0.2588	0.1631	0.0368	0.6390	0.1125	0.0491	0.2643	0.3386	0.0376	0.7004	0.2875	0.0362	0.2545	0.1832	0.9568	0.4857	0.2341	0.0763	0.6236	0.1867	0.0762	0.2900	0.2102	0.4438	0.5444	0.2042	0.4384	0.3804
196	1.96	0.3494	0.8857	0.5616	0.3124	0.8967	0.3631	0.2632	0.4506	0.6187	0.2533	0.4791	0.3085	0.2451	0.3880	0.6248	0.2289	0.3930	0.2939	0.2172	0.2055	0.7040	0.2446	0.1531	0.6849	0.2725	0.1565	0.7282	0.1830	0.2140	0.2232	0.2010	0.1523	0.2361	0.2280	0.1575	0.1925	0.3309	0.8912	0.4624	0.3309	0.8912	0.4624	0.2406	0.0371	0.6661	0.1898	0.0434	0.2600	0.2061	0.2961	0.6248	0.1832	0.2997	0.3001	0.0158	-0.0052	0.0380	0.0095	-0.0002	-0.0374	0.3219	1.2896	0.4741	0.2181	0.6571	0.3741	0.0076	0.0264	-0.0466	0.2321	0.6534	0.5654	0.0129	0.0335	0.0450	-0.0527	-0.0169	-0.0867	-0.0502	-0.0255	0.0755	0.1796	-0.0482	0.1556	0.0622	0.0000	0.0000	0.0000	0.0000	0.0000	0.0038	0.0515	0.0000	-0.0659	-0.0367	-0.0527	-0.0643	-0.0387	0.0421	0.2075	-0.0347	-0.1334	0.0655	0.0000	0.0000	0.0000	0.0000	0.0000	0.0061	0.0513	0.0000	0.2093	1.3366	0.4697	0.3496	0.8856	0.5630	0.3121	0.8968	0.3618	0.3205	1.2917	0.5263	0.3234	1.2875	0.4219	0.2364	0.8295	0.4124	0.2594	0.8226	0.5360	0.1884	0.4575	0.6567	0.1883	0.4628	0.2761	0.1983	0.0620	0.6971	0.1414	0.0799	0.2276	0.1993	0.4506	0.6006	0.1962	0.4506	0.3282	0.2162	0.0691	0.6604	0.1640	0.0780	0.2588	0.1631	0.0368	0.6390	0.1125	0.0490	0.2643	0.3386	0.0376	0.7004	0.2875	0.0362	0.2545	0.1831	0.9568	0.4858	0.2341	0.0762	0.6237	0.1866	0.0762	0.2901	0.2102	0.4438	0.5444	0.2041	0.4384	0.3804
197	1.97	0.3492	0.8857	0.5616	0.3121	0.8968	0.3631	0.2632	0.4506	0.6188	0.2531	0.4791	0.3086	0.2450	0.3880	0.6249	0.2287	0.3931	0.2940	0.2172	0.2055	0.7040	0.2446	0.1531	0.6850	0.2724	0.1565	0.7283	0.1829	0.2140	0.2232	0.2009	0.1524	0.2361	0.2279	0.1576	0.1925	0.3307	0.8912	0.4624	0.3307	0.8912	0.4624	0.2406	0.0371	0.6662	0.1898	0.0433	0.2600	0.2061	0.2961	0.6248	0.1831	0.2997	0.3002	0.0159	-0.0053	0.0380	0.0095	-0.0002	-0.0374	0.3216	1.2896	0.4742	0.2179	0.6571	0.3742	0.0076	0.0264	-0.0467	0.2320	0.6534	0.5655	0.0129	0.0335	0.0450	-0.0528	-0.0169	-0.0867	-0.0502	-0.0256	0.0755	0.1796	-0.0481	0.1556	0.0622	0.0000	0.0000	0.0000	0.0000	0.0000	0.0038	0.0515	0.0000	-0.0659	-0.0367	-0.0526	-0.0643	-0.0388	0.0421	0.2075	-0.0347	-0.1335	0.0655	0.0000	0.0000	0.0000	0.0000	0.0000	0.0060	0.0513	0.0000	0.2090	1.3365	0.4698	0.3495	0.8857	0.5630	0.3118	0.8968	0.3618	0.3202	1.2917	0.5264	0.3230	1.2876	0.4220	0.2362	0.8295	0.4125	0.2593	0.8226	0.5361	0.1883	0.4575	0.6568	0.1882	0.4628	0.2761	0.1983	0.0620	0.6971	0.1414	0.0798	0.2276	0.1992	0.4506	0.6007	0.1960	0.4506	0.3283	0.2162	0.0692	0.6603	0.1640	0.0780	0.2589	0.1630	0.0367	0.6391	0.1125	0.0489	0.2644	0.3386	0.0376	0.7004	0.2875	0.0362	0.2545	0.1829	0.9567	0.4859	0.2341	0.0763	0.6236	0.1866	0.0762	0.2901	0.2101	0.4438	0.5445	0.2039	0.4383	0.3804
198	1.98	0.3491	0.8857	0.5616	0.3118	0.8968	0.3631	0.2631	0.4506	0.6189	0.2530	0.4791	0.3086	0.2450	0.3880	0.6250	0.2286	0.3931	0.2940	0.2171	0.2055	0.7041	0.2445	0.1530	0.6850	0.2724	0.1564	0.7283	0.1828	0.2140	0.2233	0.2009	0.1523	0.2361	0.2279	0.1576	0.1925	0.3305	0.8913	0.4624	0.3305	0.8913	0.4624	0.2406	0.0371	0.6662	0.1898	0.0433	0.2600	0.2061	0.2961	0.6249	0.1830	0.2996	0.3002	0.0159	-0.0053	0.0381	0.0095	-0.0002	-0.0374	0.3213	1.2896	0.4743	0.2177	0.6571	0.3742	0.0076	0.0264	-0.0467	0.2319	0.6534	0.5655	0.0130	0.0335	0.0450	-0.0528	-0.0169	-0.0867	-0.0502	-0.0256	0.0755	0.1796	-0.0481	0.1556	0.0622	0.0000	0.0000	0.0000	0.0000	0.0000	0.0038	0.0515	0.0000	-0.0659	-0.0367	-0.0525	-0.0643	-0.0388	0.0421	0.2075	-0.0347	-0.1335	0.0655	0.0000	0.0000	0.0000	0.0000	0.0000	0.0061	0.0513	0.0000	0.2087	1.3365	0.4699	0.3493	0.8857	0.5630	0.3116	0.8968	0.3618	0.3199	1.2917	0.5265	0.3227	1.2876	0.4221	0.2359	0.8295	0.4125	0.2592	0.8226	0.5361	0.1883	0.4574	0.6569	0.1880	0.4628	0.2762	0.1983	0.0619	0.6972	0.1413	0.0798	0.2277	0.1992	0.4506	0.6007	0.1959	0.4505	0.3283	0.2162	0.0691	0.6603	0.1640	0.0780	0.2589	0.1630	0.0367	0.6391	0.1125	0.0489	0.2644	0.3385	0.0376	0.7004	0.2875	0.0362	0.2545	0.1828	0.9567	0.4859	0.2341	0.0763	0.6235	0.1866	0.0761	0.2901	0.2101	0.4438	0.5446	0.2038	0.4383	0.3805
199	1.99	0.3490	0.8857	0.5616	0.3116	0.8968	0.3631	0.2631	0.4506	0.6190	0.2529	0.4791	0.3086	0.2449	0.3880	0.6250	0.2285	0.3931	0.2940	0.2171	0.2055	0.7041	0.2445	0.1530	0.6850	0.2724	0.1564	0.7283	0.1828	0.2140	0.2233	0.2008	0.1523	0.2362	0.2278	0.1576	0.1925	0.3303	0.8913	0.4624	0.3303	0.8913	0.4624	0.2406	0.0371	0.6662	0.1898	0.0433	0.2600	0.2061	0.2961	0.6249	0.1829	0.2996	0.3002	0.0159	-0.0052	0.0381	0.0095	-0.0002	-0.0374	0.3210	1.2897	0.4743	0.2176	0.6571	0.3742	0.0076	0.0264	-0.0467	0.2318	0.6534	0.5655	0.0130	0.0335	0.0450	-0.0528	-0.0169	-0.0867	-0.0502	-0.0255	0.0755	0.1796	-0.0481	0.1556	0.0622	0.0000	0.0000	0.0000	0.0000	0.0000	0.0038	0.0515	0.0000	-0.0659	-0.0367	-0.0525	-0.0643	-0.0387	0.0421	0.2074	-0.0348	-0.1335	0.0655	0.0000	0.0000	0.0000	0.0000	0.0000	0.0061	0.0513	0.0000	0.2083	1.3364	0.4700	0.3492	0.8857	0.5629	0.3114	0.8968	0.3618	0.3196	1.2917	0.5265	0.3224	1.2877	0.4221	0.2358	0.8295	0.4125	0.2590	0.8226	0.5361	0.1882	0.4574	0.6569	0.1879	0.4628	0.2762	0.1983	0.0619	0.6972	0.1413	0.0798	0.2277	0.1991	0.4506	0.6008	0.1958	0.4505	0.3284	0.2163	0.0691	0.6604	0.1640	0.0780	0.2589	0.1630	0.0367	0.6391	0.1125	0.0489	0.2644	0.3385	0.0376	0.7004	0.2875	0.0362	0.2545	0.1826	0.9567	0.4860	0.2342	0.0763	0.6235	0.1866	0.0761	0.2901	0.2100	0.4438	0.5446	0.2037	0.4383	0.3805
200	2.00	0.3489	0.8858	0.5616	0.3113	0.8967	0.3633	0.2630	0.4506	0.6190	0.2528	0.4791	0.3087	0.2449	0.3880	0.6250	0.2285	0.3931	0.2941	0.2171	0.2055	0.7041	0.2445	0.1530	0.6850	0.2725	0.1564	0.7283	0.1827	0.2140	0.2233	0.2008	0.1524	0.2362	0.2278	0.1576	0.1925	0.3301	0.8912	0.4624	0.3301	0.8912	0.4624	0.2406	0.0371	0.6662	0.1898	0.0433	0.2600	0.2060	0.2961	0.6249	0.1828	0.2996	0.3002	0.0159	-0.0053	0.0381	0.0096	-0.0002	-0.0374	0.3207	1.2897	0.4744	0.2174	0.6571	0.3744	0.0076	0.0264	-0.0466	0.2317	0.6534	0.5657	0.0129	0.0335	0.0450	-0.0528	-0.0169	-0.0867	-0.0501	-0.0255	0.0756	0.1796	-0.0482	0.1556	0.0622	0.0000	0.0000	0.0000	0.0000	0.0000	0.0039	0.0515	0.0000	-0.0659	-0.0367	-0.0525	-0.0642	-0.0387	0.0422	0.2074	-0.0348	-0.1336	0.0655	0.0000	0.0000	0.0000	0.0000	0.0000	0.0060	0.0513	0.0000	0.2079	1.3364	0.4700	0.3492	0.8857	0.5630	0.3111	0.8968	0.3619	0.3193	1.2917	0.5265	0.3221	1.2878	0.4222	0.2355	0.8295	0.4128	0.2589	0.8227	0.5363	0.1882	0.4575	0.6570	0.1878	0.4628	0.2762	0.1983	0.0620	0.6972	0.1413	0.0798	0.2276	0.1991	0.4506	0.6008	0.1957	0.4505	0.3284	0.2162	0.0692	0.6603	0.1639	0.0780	0.2589	0.1630	0.0367	0.6391	0.1124	0.0489	0.2644	0.3386	0.0376	0.7003	0.2875	0.0362	0.2545	0.1824	0.9568	0.4860	0.2341	0.0763	0.6235	0.1866	0.0762	0.2901	0.2100	0.4438	0.5447	0.2036	0.4383	0.3805
201	2.01	0.3488	0.8858	0.5616	0.3108	0.8966	0.3635	0.2630	0.4506	0.6190	0.2527	0.4791	0.3087	0.2449	0.3880	0.6250	0.2284	0.3931	0.2941	0.2171	0.2055	0.7041	0.2445	0.1530	0.6850	0.2725	0.1564	0.7283	0.1827	0.2139	0.2233	0.2008	0.1524	0.2362	0.2278	0.1576	0.1925	0.3298	0.8912	0.4626	0.3298	0.8912	0.4626	0.2406	0.0371	0.6662	0.1898	0.0433	0.2600	0.2060	0.2961	0.6250	0.1828	0.2996	0.3002	0.0158	-0.0053	0.0380	0.0095	-0.0002	-0.0374	0.3204	1.2898	0.4744	0.2171	0.6570	0.3746	0.0077	0.0264	-0.0466	0.2316	0.6534	0.5659	0.0129	0.0335	0.0450	-0.0528	-0.0169	-0.0867	-0.0501	-0.0255	0.0756	0.1796	-0.0482	0.1556	0.0622	0.0000	0.0000	0.0000	0.0000	0.0000	0.0039	0.0515	0.0000	-0.0659	-0.0367	-0.0526	-0.0642	-0.0388	0.0422	0.2074	-0.0348	-0.1336	0.0655	0.0000	0.0000	0.0000	0.0000	0.0000	0.0060	0.0512	0.0000	0.2075	1.3364	0.4701	0.3491	0.8857	0.5631	0.3105	0.8966	0.3620	0.3190	1.2917	0.5266	0.3218	1.2878	0.4222	0.2350	0.8294	0.4131	0.2587	0.8227	0.5367	0.1881	0.4575	0.6570	0.1877	0.4627	0.2763	0.1984	0.0620	0.6972	0.1413	0.0798	0.2276	0.1990	0.4506	0.6008	0.1956	0.4505	0.3284	0.2162	0.0691	0.6604	0.1639	0.0780	0.2589	0.1630	0.0367	0.6391	0.1124	0.0489	0.2644	0.3386	0.0376	0.7003	0.2875	0.0362	0.2545	0.1822	0.9568	0.4861	0.2340	0.0763	0.6236	0.1866	0.0762	0.2901	0.2099	0.4438	0.5447	0.2036	0.4383	0.3805
202	2.02	0.3487	0.8857	0.5616	0.3106	0.8965	0.3636	0.2629	0.4506	0.6190	0.2526	0.4790	0.3088	0.2448	0.3880	0.6251	0.2283	0.3930	0.2941	0.2171	0.2055	0.7041	0.2445	0.1530	0.6850	0.2725	0.1564	0.7283	0.1827	0.2139	0.2233	0.2008	0.1523	0.2362	0.2277	0.1576	0.1925	0.3296	0.8911	0.4626	0.3296	0.8911	0.4626	0.2406	0.0371	0.6662	0.1898	0.0433	0.2600	0.2059	0.2961	0.6250	0.1828	0.2996	0.3003	0.0159	-0.0053	0.0380	0.0095	-0.0002	-0.0374	0.3201	1.2898	0.4744	0.2169	0.6570	0.3747	0.0077	0.0265	-0.0466	0.2314	0.6534	0.5659	0.0129	0.0335	0.0450	-0.0528	-0.0169	-0.0867	-0.0501	-0.0255	0.0756	0.1796	-0.0482	0.1556	0.0622	0.0000	0.0000	0.0000	0.0000	0.0000	0.0039	0.0515	0.0000	-0.0658	-0.0367	-0.0526	-0.0643	-0.0387	0.0422	0.2074	-0.0348	-0.1336	0.0655	0.0000	0.0000	0.0000	0.0000	0.0000	0.0060	0.0513	0.0000	0.2072	1.3364	0.4703	0.3489	0.8857	0.5631	0.3103	0.8966	0.3621	0.3187	1.2917	0.5266	0.3214	1.2879	0.4223	0.2348	0.8294	0.4133	0.2586	0.8227	0.5368	0.1881	0.4574	0.6571	0.1876	0.4628	0.2763	0.1984	0.0619	0.6972	0.1413	0.0798	0.2277	0.1990	0.4506	0.6009	0.1955	0.4505	0.3284	0.2162	0.0691	0.6604	0.1640	0.0779	0.2589	0.1630	0.0367	0.6391	0.1124	0.0489	0.2644	0.3386	0.0376	0.7003	0.2875	0.0362	0.2545	0.1821	0.9568	0.4862	0.2339	0.0763	0.6236	0.1866	0.0761	0.2901	0.2098	0.4438	0.5447	0.2035	0.4382	0.3806
203	2.03	0.3485	0.8858	0.5616	0.3104	0.8965	0.3637	0.2628	0.4506	0.6191	0.2525	0.4790	0.3088	0.2446	0.3879	0.6250	0.2282	0.3930	0.2942	0.2171	0.2055	0.7042	0.2445	0.1530	0.6850	0.2725	0.1564	0.7283	0.1826	0.2139	0.2233	0.2007	0.1523	0.2362	0.2277	0.1575	0.1925	0.3295	0.8911	0.4626	0.3295	0.8911	0.4626	0.2406	0.0371	0.6662	0.1898	0.0432	0.2601	0.2059	0.2961	0.6250	0.1827	0.2996	0.3003	0.0159	-0.0053	0.0380	0.0095	-0.0002	-0.0374	0.3198	1.2898	0.4745	0.2168	0.6570	0.3747	0.0077	0.0265	-0.0466	0.2314	0.6534	0.5660	0.0129	0.0335	0.0450	-0.0528	-0.0169	-0.0866	-0.0501	-0.0256	0.0756	0.1797	-0.0484	0.1555	0.0622	0.0000	0.0000	0.0000	0.0000	0.0000	0.0039	0.0515	0.0000	-0.0659	-0.0367	-0.0526	-0.0642	-0.0388	0.0422	0.2074	-0.0348	-0.1336	0.0655	0.0000	0.0000	0.0000	0.0000	0.0000	0.0060	0.0513	0.0000	0.2069	1.3363	0.4704	0.3488	0.8857	0.5631	0.3101	0.8966	0.3621	0.3184	1.2917	0.5267	0.3211	1.2879	0.4223	0.2347	0.8294	0.4133	0.2585	0.8227	0.5368	0.1880	0.4574	0.6571	0.1875	0.4627	0.2763	0.1984	0.0619	0.6972	0.1413	0.0797	0.2277	0.1989	0.4506	0.6009	0.1955	0.4505	0.3285	0.2162	0.0691	0.6604	0.1639	0.0779	0.2589	0.1630	0.0367	0.6392	0.1125	0.0488	0.2645	0.3386	0.0376	0.7004	0.2875	0.0362	0.2545	0.1820	0.9567	0.4863	0.2340	0.0763	0.6236	0.1866	0.0761	0.2901	0.2098	0.4438	0.5448	0.2035	0.4382	0.3806
204	2.04	0.3485	0.8858	0.5616	0.3102	0.8965	0.3637	0.2628	0.4506	0.6191	0.2524	0.4791	0.3088	0.2443	0.3879	0.6248	0.2282	0.3930	0.2942	0.2171	0.2055	0.7042	0.2445	0.1530	0.6850	0.2724	0.1564	0.7283	0.1826	0.2139	0.2233	0.2007	0.1523	0.2362	0.2277	0.1575	0.1925	0.3293	0.8911	0.4626	0.3293	0.8911	0.4626	0.2406	0.0371	0.6662	0.1898	0.0432	0.2601	0.2058	0.2961	0.6250	0.1826	0.2996	0.3003	0.0159	-0.0053	0.0380	0.0095	-0.0002	-0.0374	0.3195	1.2899	0.4745	0.2167	0.6570	0.3748	0.0077	0.0264	-0.0466	0.2313	0.6534	0.5660	0.0129	0.0335	0.0450	-0.0528	-0.0169	-0.0867	-0.0501	-0.0255	0.0756	0.1796	-0.0486	0.1554	0.0622	0.0000	0.0000	0.0000	0.0000	0.0000	0.0038	0.0515	0.0000	-0.0659	-0.0367	-0.0525	-0.0643	-0.0387	0.0422	0.2074	-0.0348	-0.1336	0.0655	0.0000	0.0000	0.0000	0.0000	0.0000	0.0060	0.0513	0.0000	0.2066	1.3362	0.4704	0.3488	0.8857	0.5631	0.3099	0.8966	0.3621	0.3181	1.2917	0.5267	0.3208	1.2880	0.4223	0.2345	0.8293	0.4134	0.2584	0.8227	0.5369	0.1879	0.4574	0.6571	0.1874	0.4627	0.2764	0.1983	0.0619	0.6972	0.1413	0.0797	0.2277	0.1988	0.4506	0.6010	0.1954	0.4505	0.3285	0.2162	0.0691	0.6604	0.1639	0.0779	0.2589	0.1630	0.0366	0.6392	0.1124	0.0488	0.2645	0.3385	0.0376	0.7003	0.2875	0.0362	0.2545	0.1818	0.9567	0.4863	0.2340	0.0764	0.6235	0.1866	0.0761	0.2901	0.2097	0.4438	0.5448	0.2034	0.4382	0.3806
205	2.05	0.3483	0.8858	0.5616	0.3100	0.8965	0.3637	0.2627	0.4506	0.6191	0.2524	0.4791	0.3088	0.2446	0.3880	0.6251	0.2281	0.3930	0.2942	0.2171	0.2054	0.7042	0.2445	0.1530	0.6851	0.2724	0.1564	0.7283	0.1825	0.2139	0.2233	0.2007	0.1523	0.2362	0.2276	0.1575	0.1925	0.3292	0.8911	0.4626	0.3292	0.8911	0.4626	0.2405	0.0371	0.6662	0.1898	0.0432	0.2601	0.2058	0.2961	0.6251	0.1826	0.2996	0.3004	0.0159	-0.0053	0.0380	0.0095	-0.0002	-0.0374	0.3192	1.2899	0.4745	0.2166	0.6569	0.3748	0.0077	0.0264	-0.0466	0.2312	0.6534	0.5661	0.0129	0.0335	0.0450	-0.0528	-0.0169	-0.0867	-0.0502	-0.0255	0.0755	0.1796	-0.0483	0.1556	0.0622	0.0000	0.0000	0.0000	0.0000	0.0000	0.0038	0.0515	0.0000	-0.0659	-0.0367	-0.0526	-0.0643	-0.0387	0.0421	0.2075	-0.0350	-0.1335	0.0655	0.0000	0.0000	0.0000	0.0000	0.0000	0.0061	0.0513	0.0000	0.2062	1.3362	0.4705	0.3486	0.8857	0.5631	0.3097	0.8966	0.3621	0.3178	1.2917	0.5267	0.3205	1.2881	0.4223	0.2344	0.8293	0.4134	0.2583	0.8227	0.5369	0.1879	0.4574	0.6572	0.1873	0.4627	0.2764	0.1983	0.0618	0.6972	0.1413	0.0797	0.2278	0.1987	0.4506	0.6010	0.1953	0.4504	0.3285	0.2161	0.0691	0.6604	0.1639	0.0779	0.2590	0.1629	0.0366	0.6392	0.1124	0.0487	0.2645	0.3385	0.0376	0.7003	0.2875	0.0362	0.2545	0.1816	0.9567	0.4864	0.2340	0.0764	0.6236	0.1866	0.0761	0.2902	0.2096	0.4438	0.5448	0.2034	0.4382	0.3806
206	2.06	0.3482	0.8858	0.5616	0.3099	0.8966	0.3636	0.2626	0.4506	0.6192	0.2523	0.4791	0.3089	0.2444	0.3880	0.6251	0.2280	0.3930	0.2943	0.2170	0.2055	0.7042	0.2444	0.1530	0.6851	0.2724	0.1564	0.7283	0.1825	0.2139	0.2234	0.2006	0.1523	0.2363	0.2276	0.1575	0.1926	0.3291	0.8912	0.4626	0.3291	0.8912	0.4626	0.2405	0.0371	0.6662	0.1898	0.0432	0.2601	0.2058	0.2961	0.6251	0.1825	0.2996	0.3004	0.0159	-0.0053	0.0381	0.0095	-0.0002	-0.0374	0.3189	1.2900	0.4746	0.2165	0.6570	0.3747	0.0077	0.0265	-0.0466	0.2311	0.6534	0.5660	0.0129	0.0335	0.0450	-0.0528	-0.0169	-0.0867	-0.0501	-0.0255	0.0755	0.1796	-0.0484	0.1556	0.0622	0.0000	0.0000	0.0000	0.0000	0.0000	0.0039	0.0515	0.0000	-0.0659	-0.0367	-0.0526	-0.0643	-0.0387	0.0421	0.2074	-0.0350	-0.1335	0.0655	0.0000	0.0000	0.0000	0.0000	0.0000	0.0061	0.0513	0.0000	0.2059	1.3362	0.4706	0.3485	0.8857	0.5631	0.3097	0.8967	0.3621	0.3175	1.2917	0.5268	0.3202	1.2882	0.4224	0.2343	0.8294	0.4133	0.2581	0.8227	0.5368	0.1878	0.4574	0.6572	0.1872	0.4627	0.2764	0.1983	0.0618	0.6972	0.1412	0.0797	0.2278	0.1987	0.4506	0.6010	0.1953	0.4504	0.3285	0.2162	0.0691	0.6604	0.1639	0.0779	0.2590	0.1629	0.0367	0.6392	0.1124	0.0487	0.2645	0.3385	0.0376	0.7003	0.2875	0.0362	0.2545	0.1814	0.9567	0.4864	0.2340	0.0763	0.6236	0.1865	0.0761	0.2902	0.2095	0.4438	0.5449	0.2033	0.4382	0.3807
207	2.07	0.3480	0.8858	0.5616	0.3099	0.8966	0.3635	0.2626	0.4506	0.6192	0.2522	0.4791	0.3089	0.2440	0.3879	0.6248	0.2280	0.3930	0.2943	0.2170	0.2054	0.7042	0.2444	0.1530	0.6851	0.2724	0.1564	0.7283	0.1824	0.2139	0.2234	0.2006	0.1523	0.2363	0.2276	0.1575	0.1926	0.3290	0.8912	0.4625	0.3290	0.8912	0.4625	0.2405	0.0371	0.6662	0.1898	0.0432	0.2601	0.2057	0.2961	0.6251	0.1825	0.2995	0.3004	0.0159	-0.0052	0.0381	0.0095	-0.0002	-0.0374	0.3185	1.2900	0.4746	0.2165	0.6570	0.3747	0.0076	0.0265	-0.0466	0.2310	0.6534	0.5660	0.0129	0.0336	0.0450	-0.0528	-0.0169	-0.0867	-0.0501	-0.0255	0.0756	0.1796	-0.0488	0.1554	0.0622	0.0000	0.0000	0.0000	0.0000	0.0000	0.0039	0.0515	0.0000	-0.0659	-0.0367	-0.0526	-0.0642	-0.0387	0.0422	0.2074	-0.0349	-0.1336	0.0655	0.0000	0.0000	0.0000	0.0000	0.0000	0.0061	0.0512	0.0000	0.2055	1.3361	0.4706	0.3483	0.8858	0.5630	0.3096	0.8967	0.3620	0.3172	1.2918	0.5268	0.3199	1.2882	0.4224	0.2343	0.8294	0.4132	0.2580	0.8226	0.5367	0.1877	0.4574	0.6572	0.1871	0.4627	0.2765	0.1983	0.0618	0.6972	0.1412	0.0797	0.2278	0.1986	0.4506	0.6010	0.1952	0.4504	0.3286	0.2162	0.0691	0.6604	0.1639	0.0779	0.2590	0.1629	0.0366	0.6392	0.1124	0.0487	0.2645	0.3385	0.0376	0.7003	0.2875	0.0362	0.2545	0.1813	0.9567	0.4864	0.2341	0.0763	0.6236	0.1865	0.0760	0.2902	0.2095	0.4438	0.5449	0.2032	0.4382	0.3807
208	2.08	0.3480	0.8859	0.5616	0.3097	0.8966	0.3636	0.2626	0.4506	0.6192	0.2522	0.4791	0.3089	0.2441	0.3879	0.6248	0.2280	0.3931	0.2943	0.2170	0.2054	0.7042	0.2444	0.1530	0.6851	0.2724	0.1564	0.7283	0.1825	0.2139	0.2234	0.2006	0.1523	0.2363	0.2276	0.1576	0.1926	0.3288	0.8913	0.4626	0.3288	0.8913	0.4626	0.2405	0.0371	0.6662	0.1898	0.0432	0.2601	0.2057	0.2961	0.6251	0.1825	0.2995	0.3004	0.0159	-0.0053	0.0381	0.0095	-0.0002	-0.0374	0.3183	1.2901	0.4747	0.2164	0.6570	0.3747	0.0076	0.0264	-0.0466	0.2309	0.6534	0.5660	0.0129	0.0335	0.0450	-0.0528	-0.0169	-0.0867	-0.0502	-0.0255	0.0756	0.1796	-0.0487	0.1554	0.0622	0.0000	0.0000	0.0000	0.0000	0.0000	0.0038	0.0515	0.0000	-0.0659	-0.0367	-0.0525	-0.0643	-0.0387	0.0422	0.2074	-0.0350	-0.1336	0.0655	0.0000	0.0000	0.0000	0.0000	0.0000	0.0061	0.0512	0.0000	0.2052	1.3361	0.4708	0.3482	0.8858	0.5631	0.3094	0.8967	0.3621	0.3169	1.2918	0.5269	0.3196	1.2883	0.4224	0.2341	0.8294	0.4133	0.2579	0.8227	0.5368	0.1877	0.4574	0.6572	0.1871	0.4627	0.2765	0.1983	0.0619	0.6972	0.1412	0.0796	0.2278	0.1986	0.4506	0.6011	0.1952	0.4504	0.3286	0.2162	0.0691	0.6604	0.1639	0.0778	0.2590	0.1629	0.0366	0.6392	0.1124	0.0487	0.2646	0.3385	0.0376	0.7003	0.2875	0.0362	0.2545	0.1811	0.9567	0.4865	0.2341	0.0764	0.6235	0.1866	0.0760	0.2902	0.2095	0.4438	0.5449	0.2033	0.4381	0.3807
209	2.09	0.3478	0.8859	0.5616	0.3098	0.8968	0.3633	0.2626	0.4507	0.6192	0.2521	0.4791	0.3089	0.2443	0.3880	0.6250	0.2279	0.3931	0.2943	0.2170	0.2055	0.7042	0.2444	0.1530	0.6851	0.2724	0.1564	0.7283	0.1824	0.2139	0.2234	0.2006	0.1523	0.2363	0.2275	0.1576	0.1926	0.3288	0.8913	0.4625	0.3288	0.8913	0.4625	0.2406	0.0371	0.6662	0.1899	0.0432	0.2602	0.2057	0.2961	0.6251	0.1825	0.2995	0.3004	0.0159	-0.0053	0.0380	0.0095	-0.0002	-0.0374	0.3180	1.2901	0.4748	0.2164	0.6570	0.3746	0.0076	0.0265	-0.0466	0.2309	0.6534	0.5659	0.0130	0.0335	0.0450	-0.0528	-0.0169	-0.0867	-0.0502	-0.0255	0.0756	0.1796	-0.0485	0.1555	0.0622	0.0000	0.0000	0.0000	0.0000	0.0000	0.0038	0.0515	0.0000	-0.0659	-0.0367	-0.0526	-0.0643	-0.0387	0.0422	0.2074	-0.0350	-0.1336	0.0655	0.0000	0.0000	0.0000	0.0000	0.0000	0.0061	0.0512	0.0000	0.2049	1.3361	0.4709	0.3481	0.8858	0.5630	0.3095	0.8969	0.3619	0.3166	1.2919	0.5270	0.3194	1.2884	0.4225	0.2342	0.8295	0.4130	0.2579	0.8227	0.5365	0.1877	0.4574	0.6573	0.1870	0.4627	0.2765	0.1984	0.0619	0.6973	0.1413	0.0797	0.2278	0.1986	0.4506	0.6011	0.1951	0.4504	0.3286	0.2162	0.0691	0.6604	0.1639	0.0779	0.2590	0.1629	0.0367	0.6392	0.1125	0.0487	0.2646	0.3385	0.0376	0.7003	0.2875	0.0362	0.2545	0.1811	0.9567	0.4865	0.2340	0.0764	0.6236	0.1866	0.0761	0.2902	0.2094	0.4438	0.5449	0.2033	0.4382	0.3807
210	2.10	0.3477	0.8859	0.5616	0.3097	0.8968	0.3633	0.2625	0.4507	0.6192	0.2520	0.4791	0.3089	0.2441	0.3879	0.6249	0.2279	0.3931	0.2943	0.2170	0.2055	0.7042	0.2444	0.1531	0.6851	0.2724	0.1565	0.7283	0.1824	0.2139	0.2234	0.2006	0.1523	0.2363	0.2275	0.1576	0.1926	0.3287	0.8914	0.4625	0.3287	0.8914	0.4625	0.2406	0.0371	0.6662	0.1898	0.0432	0.2601	0.2056	0.2961	0.6251	0.1824	0.2996	0.3004	0.0158	-0.0053	0.0380	0.0095	-0.0002	-0.0374	0.3177	1.2902	0.4749	0.2163	0.6570	0.3746	0.0076	0.0265	-0.0466	0.2308	0.6534	0.5659	0.0130	0.0336	0.0450	-0.0528	-0.0169	-0.0867	-0.0501	-0.0255	0.0756	0.1796	-0.0487	0.1554	0.0622	0.0000	0.0000	0.0000	0.0000	0.0000	0.0038	0.0515	0.0000	-0.0659	-0.0367	-0.0526	-0.0642	-0.0387	0.0422	0.2073	-0.0349	-0.1337	0.0655	0.0000	0.0000	0.0000	0.0000	0.0000	0.0060	0.0512	0.0000	0.2045	1.3362	0.4709	0.3479	0.8859	0.5630	0.3094	0.8969	0.3620	0.3163	1.2919	0.5271	0.3190	1.2885	0.4227	0.2340	0.8295	0.4130	0.2577	0.8227	0.5365	0.1877	0.4574	0.6573	0.1869	0.4627	0.2765	0.1983	0.0619	0.6972	0.1412	0.0797	0.2278	0.1985	0.4506	0.6011	0.1951	0.4504	0.3286	0.2161	0.0691	0.6604	0.1639	0.0779	0.2590	0.1629	0.0367	0.6392	0.1124	0.0488	0.2646	0.3385	0.0377	0.7003	0.2875	0.0363	0.2545	0.1809	0.9567	0.4865	0.2339	0.0763	0.6236	0.1866	0.0761	0.2902	0.2094	0.4439	0.5449	0.2032	0.4382	0.3807
211	2.11	0.3476	0.8859	0.5616	0.3095	0.8968	0.3633	0.2625	0.4507	0.6191	0.2520	0.4791	0.3090	0.2443	0.3880	0.6251	0.2279	0.3931	0.2943	0.2170	0.2055	0.7042	0.2444	0.1531	0.6850	0.2724	0.1565	0.7283	0.1824	0.2139	0.2234	0.2006	0.1523	0.2363	0.2275	0.1576	0.1926	0.3286	0.8914	0.4625	0.3286	0.8914	0.4625	0.2406	0.0371	0.6662	0.1898	0.0432	0.2601	0.2056	0.2961	0.6251	0.1824	0.2996	0.3004	0.0158	-0.0053	0.0380	0.0095	-0.0002	-0.0374	0.3174	1.2902	0.4750	0.2162	0.6570	0.3746	0.0076	0.0265	-0.0466	0.2307	0.6534	0.5659	0.0129	0.0336	0.0450	-0.0527	-0.0169	-0.0867	-0.0500	-0.0255	0.0756	0.1796	-0.0484	0.1555	0.0622	0.0000	0.0000	0.0000	0.0000	0.0000	0.0039	0.0515	0.0000	-0.0659	-0.0366	-0.0527	-0.0642	-0.0387	0.0422	0.2073	-0.0349	-0.1337	0.0655	0.0000	0.0000	0.0000	0.0000	0.0000	0.0060	0.0512	0.0000	0.2042	1.3362	0.4710	0.3478	0.8859	0.5630	0.3093	0.8969	0.3620	0.3160	1.2919	0.5272	0.3187	1.2885	0.4227	0.2339	0.8295	0.4130	0.2576	0.8227	0.5365	0.1876	0.4574	0.6573	0.1869	0.4627	0.2765	0.1983	0.0619	0.6972	0.1412	0.0797	0.2278	0.1985	0.4506	0.6011	0.1950	0.4504	0.3286	0.2161	0.0691	0.6604	0.1639	0.0779	0.2590	0.1629	0.0367	0.6392	0.1124	0.0488	0.2646	0.3385	0.0377	0.7003	0.2875	0.0362	0.2545	0.1807	0.9567	0.4865	0.2339	0.0763	0.6237	0.1866	0.0761	0.2902	0.2093	0.4438	0.5449	0.2032	0.4382	0.3807
212	2.12	0.3475	0.8860	0.5616	0.3094	0.8969	0.3633	0.2624	0.4508	0.6192	0.2520	0.4791	0.3089	0.2444	0.3880	0.6252	0.2278	0.3931	0.2943	0.2170	0.2055	0.7042	0.2445	0.1531	0.6851	0.2724	0.1565	0.7283	0.1824	0.2139	0.2234	0.2006	0.1523	0.2363	0.2275	0.1576	0.1926	0.3284	0.8914	0.4625	0.3284	0.8914	0.4625	0.2406	0.0371	0.6662	0.1899	0.0432	0.2601	0.2057	0.2961	0.6251	0.1825	0.2995	0.3004	0.0158	-0.0052	0.0380	0.0095	-0.0002	-0.0374	0.3171	1.2903	0.4751	0.2162	0.6570	0.3746	0.0076	0.0265	-0.0466	0.2307	0.6534	0.5659	0.0129	0.0335	0.0450	-0.0528	-0.0169	-0.0867	-0.0501	-0.0254	0.0755	0.1796	-0.0482	0.1556	0.0622	0.0000	0.0000	0.0000	0.0000	0.0000	0.0038	0.0515	0.0000	-0.0659	-0.0366	-0.0526	-0.0643	-0.0387	0.0421	0.2074	-0.0350	-0.1336	0.0655	0.0000	0.0000	0.0000	0.0000	0.0000	0.0061	0.0512	0.0000	0.2040	1.3361	0.4711	0.3477	0.8859	0.5630	0.3092	0.8970	0.3619	0.3158	1.2920	0.5273	0.3185	1.2886	0.4228	0.2339	0.8295	0.4130	0.2576	0.8227	0.5365	0.1876	0.4574	0.6573	0.1869	0.4626	0.2766	0.1984	0.0619	0.6972	0.1413	0.0796	0.2278	0.1985	0.4506	0.6011	0.1950	0.4504	0.3287	0.2162	0.0691	0.6604	0.1640	0.0779	0.2590	0.1630	0.0367	0.6392	0.1125	0.0487	0.2646	0.3386	0.0377	0.7003	0.2876	0.0362	0.2545	0.1806	0.9567	0.4866	0.2341	0.0763	0.6236	0.1867	0.0761	0.2902	0.2093	0.4438	0.5450	0.2032	0.4382	0.3808
213	2.13	0.3473	0.8860	0.5616	0.3093	0.8969	0.3633	0.2623	0.4508	0.6193	0.2519	0.4792	0.3089	0.2444	0.3880	0.6252	0.2278	0.3931	0.2944	0.2170	0.2055	0.7042	0.2444	0.1531	0.6851	0.2724	0.1565	0.7283	0.1823	0.2139	0.2234	0.2006	0.1523	0.2363	0.2275	0.1576	0.1926	0.3283	0.8914	0.4625	0.3283	0.8914	0.4625	0.2406	0.0371	0.6662	0.1899	0.0432	0.2602	0.2056	0.2961	0.6251	0.1824	0.2995	0.3005	0.0159	-0.0053	0.0381	0.0095	-0.0002	-0.0374	0.3168	1.2903	0.4752	0.2161	0.6570	0.3746	0.0076	0.0265	-0.0466	0.2306	0.6534	0.5659	0.0129	0.0335	0.0450	-0.0528	-0.0169	-0.0867	-0.0501	-0.0254	0.0756	0.1796	-0.0482	0.1556	0.0622	0.0000	0.0000	0.0000	0.0000	0.0000	0.0038	0.0515	0.0000	-0.0659	-0.0367	-0.0526	-0.0642	-0.0387	0.0421	0.2074	-0.0350	-0.1336	0.0655	0.0000	0.0000	0.0000	0.0000	0.0000	0.0061	0.0512	0.0000	0.2037	1.3361	0.4712	0.3476	0.8859	0.5630	0.3090	0.8970	0.3620	0.3154	1.2920	0.5274	0.3182	1.2886	0.4230	0.2337	0.8295	0.4130	0.2574	0.8227	0.5365	0.1876	0.4574	0.6573	0.1868	0.4626	0.2766	0.1984	0.0619	0.6973	0.1413	0.0796	0.2278	0.1984	0.4506	0.6011	0.1950	0.4504	0.3287	0.2162	0.0691	0.6604	0.1640	0.0779	0.2590	0.1630	0.0366	0.6392	0.1125	0.0487	0.2646	0.3386	0.0377	0.7003	0.2876	0.0362	0.2545	0.1804	0.9566	0.4866	0.2341	0.0763	0.6235	0.1866	0.0761	0.2902	0.2092	0.4438	0.5450	0.2031	0.4382	0.3808
214	2.14	0.3472	0.8859	0.5617	0.3091	0.8969	0.3633	0.2623	0.4507	0.6192	0.2518	0.4791	0.3090	0.2443	0.3880	0.6252	0.2277	0.3930	0.2944	0.2169	0.2054	0.7042	0.2443	0.1530	0.6851	0.2723	0.1565	0.7283	0.1823	0.2139	0.2234	0.2005	0.1523	0.2363	0.2274	0.1575	0.1926	0.3281	0.8914	0.4625	0.3281	0.8914	0.4625	0.2405	0.0371	0.6662	0.1898	0.0432	0.2601	0.2055	0.2961	0.6251	0.1823	0.2995	0.3004	0.0159	-0.0053	0.0381	0.0095	-0.0002	-0.0374	0.3165	1.2903	0.4753	0.2160	0.6570	0.3746	0.0076	0.0265	-0.0465	0.2304	0.6534	0.5659	0.0129	0.0336	0.0450	-0.0528	-0.0169	-0.0867	-0.0501	-0.0254	0.0756	0.1796	-0.0482	0.1556	0.0622	0.0000	0.0000	0.0000	0.0000	0.0000	0.0038	0.0515	0.0000	-0.0659	-0.0367	-0.0526	-0.0642	-0.0386	0.0422	0.2074	-0.0350	-0.1336	0.0655	0.0000	0.0000	0.0000	0.0000	0.0000	0.0061	0.0512	0.0000	0.2033	1.3360	0.4712	0.3474	0.8859	0.5630	0.3088	0.8970	0.3620	0.3151	1.2920	0.5275	0.3179	1.2887	0.4231	0.2335	0.8295	0.4130	0.2573	0.8226	0.5365	0.1875	0.4574	0.6573	0.1867	0.4626	0.2766	0.1983	0.0618	0.6972	0.1412	0.0796	0.2278	0.1983	0.4506	0.6012	0.1949	0.4504	0.3286	0.2161	0.0691	0.6604	0.1639	0.0778	0.2590	0.1629	0.0366	0.6392	0.1124	0.0487	0.2646	0.3385	0.0376	0.7003	0.2875	0.0362	0.2545	0.1802	0.9566	0.4866	0.2340	0.0763	0.6235	0.1866	0.0760	0.2902	0.2091	0.4438	0.5450	0.2030	0.4382	0.3807
215	2.15	0.3470	0.8859	0.5617	0.3089	0.8969	0.3634	0.2622	0.4507	0.6192	0.2517	0.4791	0.3090	0.2441	0.3879	0.6251	0.2277	0.3930	0.2944	0.2168	0.2054	0.7042	0.2443	0.1530	0.6851	0.2723	0.1564	0.7283	0.1823	0.2139	0.2234	0.2005	0.1523	0.2363	0.2274	0.1575	0.1926	0.3280	0.8914	0.4625	0.3280	0.8914	0.4625	0.2405	0.0370	0.6662	0.1898	0.0431	0.2602	0.2055	0.2961	0.6252	0.1823	0.2995	0.3004	0.0159	-0.0052	0.0381	0.0095	-0.0002	-0.0374	0.3162	1.2903	0.4754	0.2159	0.6570	0.3746	0.0076	0.0265	-0.0465	0.2304	0.6533	0.5659	0.0130	0.0335	0.0450	-0.0528	-0.0170	-0.0867	-0.0501	-0.0255	0.0756	0.1796	-0.0483	0.1556	0.0622	0.0000	0.0000	0.0000	0.0000	0.0000	0.0038	0.0515	0.0000	-0.0659	-0.0367	-0.0525	-0.0643	-0.0387	0.0422	0.2074	-0.0350	-0.1336	0.0655	0.0000	0.0000	0.0000	0.0000	0.0000	0.0061	0.0512	0.0000	0.2030	1.3360	0.4714	0.3473	0.8859	0.5630	0.3087	0.8970	0.3620	0.3148	1.2920	0.5276	0.3177	1.2887	0.4232	0.2335	0.8294	0.4130	0.2572	0.8226	0.5365	0.1874	0.4573	0.6573	0.1867	0.4627	0.2766	0.1983	0.0618	0.6972	0.1411	0.0796	0.2278	0.1982	0.4506	0.6012	0.1948	0.4504	0.3286	0.2161	0.0691	0.6604	0.1638	0.0778	0.2590	0.1629	0.0366	0.6392	0.1124	0.0486	0.2646	0.3385	0.0376	0.7003	0.2875	0.0362	0.2545	0.1800	0.9566	0.4866	0.2340	0.0764	0.6235	0.1865	0.0760	0.2902	0.2091	0.4438	0.5450	0.2030	0.4381	0.3807
216	2.16	0.3469	0.8860	0.5617	0.3088	0.8970	0.3634	0.2621	0.4507	0.6194	0.2517	0.4792	0.3089	0.2438	0.3879	0.6250	0.2276	0.3931	0.2944	0.2168	0.2054	0.7043	0.2443	0.1530	0.6851	0.2723	0.1564	0.7284	0.1823	0.2139	0.2234	0.2005	0.1523	0.2363	0.2274	0.1576	0.1926	0.3279	0.8915	0.4625	0.3279	0.8915	0.4625	0.2405	0.0370	0.6663	0.1898	0.0430	0.2602	0.2055	0.2960	0.6252	0.1822	0.2994	0.3005	0.0160	-0.0053	0.0381	0.0095	-0.0002	-0.0374	0.3160	1.2904	0.4755	0.2158	0.6570	0.3746	0.0075	0.0265	-0.0466	0.2303	0.6533	0.5659	0.0130	0.0335	0.0450	-0.0528	-0.0169	-0.0867	-0.0502	-0.0255	0.0756	0.1796	-0.0485	0.1556	0.0622	0.0000	0.0000	0.0000	0.0000	0.0000	0.0038	0.0515	0.0000	-0.0659	-0.0368	-0.0525	-0.0643	-0.0388	0.0422	0.2074	-0.0350	-0.1335	0.0655	0.0000	0.0000	0.0000	0.0000	0.0000	0.0061	0.0512	0.0000	0.2028	1.3359	0.4715	0.3472	0.8859	0.5630	0.3086	0.8971	0.3620	0.3145	1.2920	0.5277	0.3175	1.2888	0.4233	0.2334	0.8294	0.4130	0.2571	0.8226	0.5365	0.1873	0.4573	0.6574	0.1866	0.4627	0.2766	0.1983	0.0617	0.6973	0.1411	0.0795	0.2279	0.1982	0.4506	0.6012	0.1947	0.4504	0.3287	0.2162	0.0691	0.6604	0.1638	0.0777	0.2591	0.1629	0.0365	0.6393	0.1125	0.0485	0.2647	0.3385	0.0376	0.7003	0.2875	0.0361	0.2545	0.1800	0.9564	0.4867	0.2340	0.0764	0.6235	0.1865	0.0759	0.2903	0.2091	0.4438	0.5450	0.2028	0.4381	0.3808
217	2.17	0.3468	0.8860	0.5617	0.3087	0.8970	0.3634	0.2620	0.4507	0.6195	0.2516	0.4792	0.3089	0.2441	0.3879	0.6253	0.2276	0.3931	0.2944	0.2168	0.2054	0.7043	0.2443	0.1530	0.6852	0.2723	0.1564	0.7284	0.1822	0.2139	0.2235	0.2005	0.1523	0.2363	0.2274	0.1576	0.1926	0.3277	0.8915	0.4625	0.3277	0.8915	0.4625	0.2405	0.0370	0.6663	0.1898	0.0430	0.2602	0.2055	0.2960	0.6252	0.1822	0.2995	0.3005	0.0160	-0.0053	0.0381	0.0095	-0.0002	-0.0374	0.3157	1.2904	0.4757	0.2157	0.6570	0.3747	0.0075	0.0265	-0.0466	0.2303	0.6533	0.5660	0.0130	0.0336	0.0450	-0.0528	-0.0169	-0.0867	-0.0502	-0.0256	0.0756	0.1796	-0.0482	0.1556	0.0622	0.0000	0.0000	0.0000	0.0000	0.0000	0.0038	0.0515	0.0000	-0.0659	-0.0367	-0.0525	-0.0643	-0.0388	0.0422	0.2074	-0.0350	-0.1336	0.0655	0.0000	0.0000	0.0000	0.0000	0.0000	0.0061	0.0512	0.0000	0.2025	1.3359	0.4716	0.3471	0.8859	0.5630	0.3084	0.8971	0.3620	0.3142	1.2920	0.5279	0.3172	1.2889	0.4234	0.2332	0.8294	0.4130	0.2570	0.8226	0.5365	0.1873	0.4573	0.6574	0.1865	0.4627	0.2766	0.1983	0.0617	0.6973	0.1411	0.0795	0.2279	0.1983	0.4505	0.6012	0.1946	0.4504	0.3287	0.2162	0.0691	0.6604	0.1638	0.0777	0.2591	0.1629	0.0365	0.6393	0.1125	0.0485	0.2648	0.3385	0.0376	0.7003	0.2875	0.0361	0.2545	0.1798	0.9564	0.4867	0.2340	0.0764	0.6235	0.1865	0.0759	0.2903	0.2092	0.4438	0.5450	0.2028	0.4381	0.3808
218	2.18	0.3467	0.8860	0.5617	0.3085	0.8970	0.3634	0.2620	0.4508	0.6194	0.2515	0.4792	0.3090	0.2441	0.3880	0.6253	0.2275	0.3931	0.2944	0.2168	0.2054	0.7043	0.2443	0.1530	0.6851	0.2723	0.1564	0.7284	0.1822	0.2139	0.2235	0.2005	0.1523	0.2363	0.2274	0.1576	0.1926	0.3276	0.8915	0.4626	0.3276	0.8915	0.4626	0.2405	0.0371	0.6662	0.1898	0.0431	0.2602	0.2056	0.2960	0.6251	0.1821	0.2995	0.3005	0.0160	-0.0053	0.0381	0.0095	-0.0002	-0.0374	0.3154	1.2905	0.4757	0.2156	0.6570	0.3747	0.0075	0.0265	-0.0466	0.2303	0.6533	0.5659	0.0130	0.0338	0.0450	-0.0528	-0.0169	-0.0867	-0.0501	-0.0255	0.0756	0.1796	-0.0481	0.1557	0.0622	0.0000	0.0000	0.0000	0.0000	0.0000	0.0038	0.0515	0.0000	-0.0659	-0.0367	-0.0525	-0.0643	-0.0387	0.0422	0.2074	-0.0350	-0.1335	0.0655	0.0000	0.0000	0.0000	0.0000	0.0000	0.0060	0.0512	0.0000	0.2021	1.3359	0.4717	0.3469	0.8859	0.5631	0.3083	0.8971	0.3620	0.3139	1.2920	0.5279	0.3170	1.2889	0.4236	0.2331	0.8295	0.4130	0.2568	0.8226	0.5366	0.1872	0.4573	0.6574	0.1864	0.4627	0.2767	0.1983	0.0618	0.6973	0.1411	0.0796	0.2279	0.1984	0.4505	0.6011	0.1946	0.4504	0.3287	0.2161	0.0691	0.6604	0.1638	0.0778	0.2590	0.1629	0.0366	0.6393	0.1124	0.0486	0.2647	0.3385	0.0376	0.7003	0.2875	0.0362	0.2545	0.1796	0.9565	0.4867	0.2340	0.0764	0.6235	0.1865	0.0760	0.2902	0.2096	0.4437	0.5449	0.2028	0.4381	0.3808
219	2.19	0.3465	0.8860	0.5617	0.3084	0.8970	0.3634	0.2620	0.4509	0.6194	0.2515	0.4792	0.3090	0.2439	0.3880	0.6252	0.2274	0.3931	0.2944	0.2168	0.2054	0.7043	0.2443	0.1530	0.6851	0.2723	0.1565	0.7283	0.1822	0.2138	0.2235	0.2005	0.1523	0.2363	0.2274	0.1576	0.1926	0.3275	0.8915	0.4626	0.3275	0.8915	0.4626	0.2405	0.0371	0.6662	0.1898	0.0432	0.2601	0.2056	0.2961	0.6251	0.1821	0.2995	0.3005	0.0159	-0.0053	0.0381	0.0095	-0.0002	-0.0374	0.3152	1.2905	0.4758	0.2155	0.6570	0.3747	0.0076	0.0265	-0.0466	0.2302	0.6533	0.5660	0.0130	0.0339	0.0450	-0.0528	-0.0169	-0.0867	-0.0501	-0.0254	0.0756	0.1796	-0.0483	0.1556	0.0622	0.0000	0.0000	0.0000	0.0000	0.0000	0.0038	0.0515	0.0000	-0.0659	-0.0367	-0.0525	-0.0642	-0.0387	0.0422	0.2074	-0.0350	-0.1336	0.0655	0.0000	0.0000	0.0000	0.0000	0.0000	0.0060	0.0512	0.0000	0.2019	1.3360	0.4717	0.3468	0.8859	0.5631	0.3081	0.8971	0.3621	0.3136	1.2921	0.5280	0.3167	1.2889	0.4237	0.2329	0.8295	0.4131	0.2567	0.8226	0.5366	0.1872	0.4574	0.6574	0.1864	0.4627	0.2766	0.1983	0.0618	0.6972	0.1412	0.0796	0.2278	0.1984	0.4505	0.6011	0.1945	0.4504	0.3287	0.2161	0.0691	0.6604	0.1639	0.0778	0.2590	0.1629	0.0366	0.6392	0.1124	0.0487	0.2646	0.3385	0.0377	0.7003	0.2875	0.0362	0.2545	0.1794	0.9566	0.4867	0.2340	0.0764	0.6235	0.1866	0.0760	0.2902	0.2097	0.4437	0.5448	0.2027	0.4381	0.3808
220	2.20	0.3464	0.8860	0.5617	0.3083	0.8971	0.3634	0.2620	0.4509	0.6194	0.2514	0.4792	0.3090	0.2436	0.3879	0.6249	0.2274	0.3931	0.2944	0.2168	0.2055	0.7043	0.2443	0.1531	0.6851	0.2723	0.1565	0.7284	0.1822	0.2138	0.2235	0.2005	0.1523	0.2363	0.2274	0.1576	0.1926	0.3273	0.8916	0.4626	0.3273	0.8916	0.4626	0.2406	0.0371	0.6662	0.1899	0.0432	0.2601	0.2056	0.2961	0.6251	0.1822	0.2995	0.3005	0.0159	-0.0053	0.0381	0.0095	-0.0002	-0.0374	0.3150	1.2906	0.4759	0.2154	0.6570	0.3747	0.0076	0.0265	-0.0466	0.2301	0.6534	0.5660	0.0130	0.0339	0.0450	-0.0528	-0.0169	-0.0867	-0.0501	-0.0254	0.0756	0.1795	-0.0488	0.1554	0.0622	0.0000	0.0000	0.0000	0.0000	0.0000	0.0038	0.0515	0.0000	-0.0659	-0.0367	-0.0525	-0.0642	-0.0387	0.0422	0.2073	-0.0350	-0.1336	0.0655	0.0000	0.0000	0.0000	0.0000	0.0000	0.0060	0.0512	0.0000	0.2017	1.3360	0.4718	0.3467	0.8860	0.5631	0.3080	0.8971	0.3621	0.3134	1.2921	0.5281	0.3165	1.2890	0.4237	0.2328	0.8295	0.4131	0.2566	0.8227	0.5366	0.1872	0.4574	0.6575	0.1864	0.4626	0.2766	0.1983	0.0618	0.6973	0.1412	0.0796	0.2278	0.1984	0.4506	0.6011	0.1946	0.4504	0.3287	0.2162	0.0691	0.6604	0.1639	0.0778	0.2590	0.1629	0.0366	0.6392	0.1125	0.0486	0.2646	0.3385	0.0377	0.7003	0.2876	0.0363	0.2545	0.1793	0.9566	0.4867	0.2340	0.0764	0.6235	0.1866	0.0761	0.2902	0.2097	0.4437	0.5448	0.2027	0.4382	0.3808
221	2.21	0.3463	0.8860	0.5617	0.3080	0.8970	0.3636	0.2619	0.4509	0.6194	0.2513	0.4792	0.3090	0.2436	0.3879	0.6250	0.2274	0.3931	0.2944	0.2168	0.2055	0.7043	0.2443	0.1531	0.6851	0.2723	0.1565	0.7284	0.1822	0.2138	0.2235	0.2005	0.1523	0.2363	0.2273	0.1576	0.1926	0.3271	0.8915	0.4627	0.3271	0.8915	0.4627	0.2405	0.0371	0.6662	0.1899	0.0432	0.2601	0.2056	0.2961	0.6252	0.1821	0.2995	0.3005	0.0159	-0.0053	0.0381	0.0095	-0.0002	-0.0374	0.3147	1.2906	0.4760	0.2153	0.6570	0.3748	0.0076	0.0265	-0.0465	0.2300	0.6534	0.5661	0.0130	0.0340	0.0450	-0.0528	-0.0169	-0.0867	-0.0501	-0.0254	0.0756	0.1795	-0.0487	0.1554	0.0622	0.0000	0.0000	0.0000	0.0000	0.0000	0.0038	0.0515	0.0000	-0.0659	-0.0367	-0.0526	-0.0642	-0.0386	0.0421	0.2074	-0.0350	-0.1336	0.0655	0.0000	0.0000	0.0000	0.0000	0.0000	0.0060	0.0512	0.0000	0.2014	1.3359	0.4719	0.3466	0.8860	0.5632	0.3077	0.8971	0.3622	0.3132	1.2921	0.5282	0.3163	1.2890	0.4238	0.2326	0.8295	0.4133	0.2564	0.8227	0.5368	0.1871	0.4574	0.6575	0.1863	0.4626	0.2766	0.1983	0.0618	0.6973	0.1412	0.0796	0.2278	0.1984	0.4506	0.6012	0.1945	0.4504	0.3287	0.2162	0.0691	0.6604	0.1639	0.0778	0.2590	0.1629	0.0366	0.6392	0.1125	0.0486	0.2646	0.3385	0.0377	0.7003	0.2876	0.0363	0.2545	0.1792	0.9566	0.4868	0.2340	0.0764	0.6235	0.1866	0.0761	0.2902	0.2096	0.4437	0.5448	0.2028	0.4382	0.3808
222	2.22	0.3461	0.8860	0.5618	0.3075	0.8969	0.3640	0.2618	0.4509	0.6194	0.2512	0.4792	0.3090	0.2438	0.3880	0.6253	0.2273	0.3931	0.2944	0.2167	0.2055	0.7043	0.2442	0.1531	0.6851	0.2722	0.1565	0.7284	0.1821	0.2138	0.2235	0.2004	0.1523	0.2363	0.2273	0.1576	0.1926	0.3268	0.8915	0.4629	0.3268	0.8915	0.4629	0.2405	0.0371	0.6662	0.1898	0.0432	0.2601	0.2055	0.2961	0.6252	0.1821	0.2995	0.3005	0.0159	-0.0053	0.0381	0.0095	-0.0002	-0.0374	0.3144	1.2906	0.4761	0.2150	0.6570	0.3750	0.0077	0.0265	-0.0465	0.2298	0.6534	0.5663	0.0129	0.0340	0.0450	-0.0527	-0.0169	-0.0867	-0.0501	-0.0254	0.0756	0.1795	-0.0483	0.1556	0.0622	0.0000	0.0000	0.0000	0.0000	0.0000	0.0039	0.0515	0.0000	-0.0659	-0.0367	-0.0526	-0.0642	-0.0386	0.0422	0.2074	-0.0350	-0.1335	0.0655	0.0000	0.0000	0.0000	0.0000	0.0000	0.0060	0.0512	0.0000	0.2011	1.3359	0.4719	0.3464	0.8860	0.5633	0.3072	0.8970	0.3624	0.3128	1.2922	0.5283	0.3160	1.2891	0.4239	0.2321	0.8295	0.4137	0.2562	0.8227	0.5371	0.1870	0.4574	0.6575	0.1862	0.4626	0.2767	0.1983	0.0618	0.6973	0.1412	0.0796	0.2278	0.1983	0.4506	0.6012	0.1945	0.4504	0.3287	0.2161	0.0691	0.6604	0.1639	0.0778	0.2590	0.1629	0.0366	0.6392	0.1124	0.0487	0.2646	0.3385	0.0377	0.7003	0.2875	0.0363	0.2545	0.1790	0.9566	0.4868	0.2340	0.0764	0.6236	0.1866	0.0761	0.2902	0.2096	0.4437	0.5449	0.2027	0.4382	0.3807
223	2.23	0.3460	0.8861	0.5618	0.3073	0.8969	0.3641	0.2617	0.4509	0.6195	0.2512	0.4792	0.3090	0.2438	0.3880	0.6253	0.2272	0.3931	0.2944	0.2166	0.2054	0.7043	0.2442	0.1530	0.6851	0.2722	0.1565	0.7284	0.1821	0.2138	0.2235	0.2004	0.1523	0.2363	0.2273	0.1576	0.1926	0.3266	0.8915	0.4629	0.3266	0.8915	0.4629	0.2405	0.0371	0.6662	0.1898	0.0431	0.2602	0.2054	0.2961	0.6252	0.1820	0.2995	0.3005	0.0159	-0.0053	0.0381	0.0095	-0.0002	-0.0374	0.3142	1.2906	0.4762	0.2148	0.6570	0.3751	0.0077	0.0264	-0.0465	0.2297	0.6534	0.5664	0.0130	0.0340	0.0450	-0.0528	-0.0169	-0.0867	-0.0501	-0.0254	0.0756	0.1795	-0.0482	0.1557	0.0622	0.0000	0.0000	0.0000	0.0000	0.0000	0.0039	0.0515	0.0000	-0.0659	-0.0367	-0.0526	-0.0642	-0.0387	0.0422	0.2074	-0.0350	-0.1335	0.0655	0.0000	0.0000	0.0000	0.0000	0.0000	0.0060	0.0512	0.0000	0.2008	1.3359	0.4720	0.3463	0.8860	0.5634	0.3070	0.8970	0.3625	0.3125	1.2921	0.5284	0.3158	1.2891	0.4240	0.2319	0.8294	0.4138	0.2561	0.8227	0.5373	0.1869	0.4574	0.6575	0.1862	0.4626	0.2767	0.1982	0.0618	0.6973	0.1412	0.0796	0.2278	0.1982	0.4505	0.6012	0.1944	0.4504	0.3287	0.2161	0.0691	0.6604	0.1638	0.0778	0.2590	0.1629	0.0366	0.6392	0.1124	0.0486	0.2646	0.3385	0.0377	0.7003	0.2875	0.0362	0.2545	0.1788	0.9566	0.4868	0.2339	0.0764	0.6236	0.1865	0.0760	0.2902	0.2095	0.4437	0.5449	0.2025	0.4382	0.3807
224	2.24	0.3459	0.8861	0.5619	0.3071	0.8969	0.3641	0.2616	0.4509	0.6195	0.2511	0.4792	0.3090	0.2438	0.3880	0.6254	0.2272	0.3931	0.2944	0.2166	0.2054	0.7043	0.2442	0.1530	0.6851	0.2722	0.1564	0.7284	0.1821	0.2138	0.2235	0.2004	0.1523	0.2363	0.2273	0.1576	0.1926	0.3265	0.8915	0.4630	0.3265	0.8915	0.4630	0.2405	0.0370	0.6662	0.1898	0.0430	0.2602	0.2054	0.2960	0.6252	0.1820	0.2995	0.3005	0.0160	-0.0053	0.0381	0.0095	-0.0002	-0.0374	0.3140	1.2906	0.4763	0.2147	0.6569	0.3751	0.0077	0.0264	-0.0465	0.2297	0.6533	0.5664	0.0130	0.0339	0.0450	-0.0528	-0.0169	-0.0867	-0.0501	-0.0255	0.0756	0.1795	-0.0481	0.1557	0.0622	0.0000	0.0000	0.0000	0.0000	0.0000	0.0038	0.0515	0.0000	-0.0659	-0.0367	-0.0525	-0.0643	-0.0387	0.0422	0.2074	-0.0351	-0.1335	0.0655	0.0000	0.0000	0.0000	0.0000	0.0000	0.0061	0.0512	0.0000	0.2006	1.3358	0.4721	0.3462	0.8860	0.5634	0.3068	0.8970	0.3625	0.3123	1.2921	0.5285	0.3156	1.2892	0.4241	0.2318	0.8294	0.4139	0.2560	0.8227	0.5373	0.1868	0.4573	0.6575	0.1861	0.4626	0.2767	0.1983	0.0617	0.6973	0.1411	0.0795	0.2279	0.1981	0.4505	0.6012	0.1943	0.4504	0.3287	0.2161	0.0690	0.6604	0.1638	0.0777	0.2591	0.1629	0.0365	0.6393	0.1124	0.0485	0.2647	0.3385	0.0376	0.7003	0.2875	0.0362	0.2545	0.1787	0.9565	0.4869	0.2339	0.0764	0.6236	0.1865	0.0759	0.2902	0.2094	0.4437	0.5449	0.2025	0.4381	0.3808
225	2.25	0.3457	0.8861	0.5619	0.3070	0.8969	0.3642	0.2616	0.4509	0.6196	0.2511	0.4792	0.3090	0.2438	0.3880	0.6254	0.2271	0.3930	0.2944	0.2166	0.2054	0.7044	0.2441	0.1530	0.6852	0.2721	0.1564	0.7284	0.1820	0.2138	0.2235	0.2004	0.1523	0.2364	0.2272	0.1576	0.1926	0.3263	0.8915	0.4630	0.3263	0.8915	0.4630	0.2405	0.0370	0.6663	0.1899	0.0430	0.2602	0.2054	0.2960	0.6252	0.1819	0.2994	0.3005	0.0160	-0.0053	0.0380	0.0095	-0.0002	-0.0374	0.3137	1.2906	0.4764	0.2146	0.6569	0.3752	0.0077	0.0264	-0.0466	0.2295	0.6533	0.5664	0.0130	0.0339	0.0450	-0.0528	-0.0169	-0.0867	-0.0502	-0.0255	0.0756	0.1796	-0.0481	0.1557	0.0622	0.0000	0.0000	0.0000	0.0000	0.0000	0.0038	0.0515	0.0000	-0.0659	-0.0367	-0.0525	-0.0643	-0.0387	0.0422	0.2074	-0.0350	-0.1335	0.0655	0.0000	0.0000	0.0000	0.0000	0.0000	0.0061	0.0512	0.0000	0.2003	1.3357	0.4722	0.3460	0.8860	0.5635	0.3067	0.8970	0.3626	0.3121	1.2921	0.5287	0.3154	1.2892	0.4242	0.2317	0.8294	0.4139	0.2558	0.8226	0.5374	0.1868	0.4573	0.6576	0.1861	0.4626	0.2767	0.1983	0.0617	0.6973	0.1411	0.0795	0.2279	0.1980	0.4505	0.6012	0.1943	0.4504	0.3288	0.2161	0.0690	0.6604	0.1638	0.0777	0.2591	0.1629	0.0365	0.6393	0.1125	0.0484	0.2648	0.3385	0.0376	0.7003	0.2875	0.0362	0.2545	0.1786	0.9565	0.4869	0.2339	0.0764	0.6236	0.1865	0.0759	0.2903	0.2093	0.4437	0.5449	0.2025	0.4381	0.3808
226	2.26	0.3455	0.8861	0.5620	0.3068	0.8969	0.3642	0.2614	0.4509	0.6196	0.2510	0.4792	0.3091	0.2437	0.3880	0.6255	0.2271	0.3930	0.2945	0.2165	0.2054	0.7044	0.2441	0.1530	0.6852	0.2721	0.1565	0.7284	0.1820	0.2138	0.2236	0.2003	0.1523	0.2364	0.2272	0.1576	0.1927	0.3262	0.8915	0.4631	0.3262	0.8915	0.4631	0.2404	0.0370	0.6663	0.1898	0.0430	0.2602	0.2053	0.2960	0.6253	0.1819	0.2994	0.3006	0.0160	-0.0053	0.0380	0.0095	-0.0002	-0.0374	0.3135	1.2906	0.4765	0.2145	0.6569	0.3752	0.0077	0.0264	-0.0466	0.2294	0.6533	0.5665	0.0130	0.0339	0.0450	-0.0528	-0.0170	-0.0867	-0.0501	-0.0255	0.0756	0.1796	-0.0480	0.1557	0.0622	0.0000	0.0000	0.0000	0.0000	0.0000	0.0038	0.0515	0.0000	-0.0659	-0.0368	-0.0526	-0.0643	-0.0387	0.0422	0.2074	-0.0350	-0.1335	0.0655	0.0000	0.0000	0.0000	0.0000	0.0000	0.0060	0.0512	0.0000	0.2000	1.3357	0.4722	0.3458	0.8860	0.5635	0.3065	0.8970	0.3626	0.3118	1.2920	0.5288	0.3152	1.2892	0.4243	0.2315	0.8294	0.4139	0.2557	0.8226	0.5374	0.1867	0.4573	0.6576	0.1860	0.4626	0.2768	0.1982	0.0617	0.6973	0.1411	0.0795	0.2279	0.1979	0.4505	0.6013	0.1942	0.4504	0.3288	0.2160	0.0690	0.6605	0.1638	0.0777	0.2591	0.1628	0.0365	0.6393	0.1124	0.0484	0.2647	0.3384	0.0377	0.7003	0.2875	0.0362	0.2545	0.1783	0.9565	0.4869	0.2338	0.0764	0.6236	0.1865	0.0759	0.2903	0.2092	0.4437	0.5450	0.2023	0.4381	0.3809
227	2.27	0.3454	0.8861	0.5620	0.3067	0.8969	0.3642	0.2614	0.4509	0.6196	0.2509	0.4792	0.3091	0.2436	0.3880	0.6255	0.2271	0.3930	0.2945	0.2165	0.2053	0.7044	0.2441	0.1530	0.6852	0.2721	0.1565	0.7284	0.1820	0.2138	0.2236	0.2004	0.1523	0.2364	0.2272	0.1576	0.1927	0.3261	0.8915	0.4631	0.3261	0.8915	0.4631	0.2405	0.0370	0.6662	0.1898	0.0431	0.2602	0.2052	0.2960	0.6253	0.1818	0.2994	0.3006	0.0159	-0.0053	0.0380	0.0095	-0.0002	-0.0374	0.3133	1.2906	0.4766	0.2144	0.6569	0.3752	0.0076	0.0264	-0.0466	0.2293	0.6533	0.5665	0.0130	0.0339	0.0450	-0.0528	-0.0169	-0.0867	-0.0501	-0.0255	0.0757	0.1795	-0.0480	0.1557	0.0622	0.0000	0.0000	0.0000	0.0000	0.0000	0.0038	0.0515	0.0000	-0.0659	-0.0367	-0.0526	-0.0642	-0.0387	0.0423	0.2074	-0.0350	-0.1335	0.0655	0.0000	0.0000	0.0000	0.0000	0.0000	0.0060	0.0512	0.0000	0.1997	1.3358	0.4722	0.3457	0.8860	0.5636	0.3064	0.8970	0.3627	0.3116	1.2920	0.5288	0.3150	1.2892	0.4243	0.2314	0.8294	0.4140	0.2555	0.8226	0.5374	0.1866	0.4573	0.6576	0.1860	0.4626	0.2768	0.1982	0.0617	0.6973	0.1411	0.0795	0.2279	0.1979	0.4505	0.6013	0.1941	0.4503	0.3288	0.2160	0.0690	0.6605	0.1638	0.0777	0.2591	0.1628	0.0365	0.6393	0.1124	0.0485	0.2647	0.3384	0.0377	0.7003	0.2875	0.0362	0.2545	0.1782	0.9565	0.4869	0.2338	0.0763	0.6237	0.1865	0.0759	0.2902	0.2092	0.4437	0.5450	0.2022	0.4381	0.3808
228	2.28	0.3452	0.8861	0.5621	0.3068	0.8970	0.3642	0.2613	0.4509	0.6197	0.2509	0.4792	0.3091	0.2436	0.3880	0.6255	0.2271	0.3930	0.2945	0.2165	0.2053	0.7044	0.2441	0.1530	0.6852	0.2720	0.1565	0.7285	0.1820	0.2138	0.2235	0.2004	0.1523	0.2364	0.2272	0.1576	0.1927	0.3260	0.8916	0.4631	0.3260	0.8916	0.4631	0.2405	0.0370	0.6663	0.1898	0.0430	0.2602	0.2052	0.2960	0.6253	0.1818	0.2994	0.3006	0.0159	-0.0053	0.0380	0.0095	-0.0002	-0.0374	0.3131	1.2907	0.4766	0.2144	0.6569	0.3752	0.0076	0.0264	-0.0466	0.2292	0.6533	0.5664	0.0130	0.0339	0.0450	-0.0528	-0.0169	-0.0867	-0.0501	-0.0254	0.0757	0.1795	-0.0480	0.1557	0.0622	0.0000	0.0000	0.0000	0.0000	0.0000	0.0038	0.0515	0.0000	-0.0659	-0.0367	-0.0526	-0.0643	-0.0386	0.0423	0.2073	-0.0351	-0.1335	0.0655	0.0000	0.0000	0.0000	0.0000	0.0000	0.0061	0.0513	0.0000	0.1995	1.3357	0.4723	0.3455	0.8860	0.5636	0.3065	0.8971	0.3626	0.3115	1.2920	0.5289	0.3148	1.2893	0.4244	0.2314	0.8294	0.4138	0.2554	0.8226	0.5373	0.1865	0.4572	0.6576	0.1859	0.4626	0.2768	0.1982	0.0617	0.6973	0.1411	0.0795	0.2279	0.1978	0.4505	0.6013	0.1941	0.4503	0.3288	0.2160	0.0690	0.6605	0.1638	0.0777	0.2591	0.1629	0.0365	0.6393	0.1124	0.0484	0.2647	0.3385	0.0377	0.7003	0.2875	0.0362	0.2545	0.1781	0.9565	0.4870	0.2338	0.0763	0.6237	0.1865	0.0759	0.2903	0.2091	0.4437	0.5450	0.2022	0.4381	0.3809
229	2.29	0.3451	0.8861	0.5621	0.3069	0.8972	0.3640	0.2612	0.4509	0.6197	0.2509	0.4792	0.3091	0.2436	0.3880	0.6256	0.2270	0.3931	0.2945	0.2165	0.2053	0.7044	0.2440	0.1530	0.6852	0.2720	0.1565	0.7285	0.1820	0.2138	0.2236	0.2003	0.1523	0.2364	0.2272	0.1576	0.1927	0.3260	0.8917	0.4630	0.3260	0.8917	0.4630	0.2405	0.0370	0.6663	0.1899	0.0430	0.2602	0.2052	0.2960	0.6253	0.1818	0.2994	0.3006	0.0159	-0.0053	0.0380	0.0095	-0.0002	-0.0374	0.3129	1.2907	0.4767	0.2145	0.6570	0.3750	0.0076	0.0265	-0.0466	0.2291	0.6533	0.5663	0.0131	0.0339	0.0450	-0.0528	-0.0169	-0.0867	-0.0501	-0.0254	0.0756	0.1795	-0.0480	0.1557	0.0622	0.0000	0.0000	0.0000	0.0000	0.0000	0.0038	0.0515	0.0000	-0.0659	-0.0367	-0.0526	-0.0643	-0.0386	0.0422	0.2074	-0.0351	-0.1335	0.0655	0.0000	0.0000	0.0000	0.0000	0.0000	0.0061	0.0513	0.0000	0.1993	1.3357	0.4724	0.3453	0.8860	0.5636	0.3067	0.8973	0.3625	0.3113	1.2921	0.5290	0.3146	1.2893	0.4244	0.2316	0.8295	0.4135	0.2553	0.8226	0.5370	0.1865	0.4573	0.6577	0.1859	0.4626	0.2768	0.1983	0.0617	0.6973	0.1412	0.0795	0.2279	0.1978	0.4505	0.6014	0.1941	0.4504	0.3289	0.2161	0.0690	0.6605	0.1638	0.0777	0.2591	0.1629	0.0365	0.6393	0.1125	0.0484	0.2648	0.3385	0.0377	0.7003	0.2876	0.0362	0.2545	0.1779	0.9565	0.4871	0.2339	0.0764	0.6236	0.1865	0.0759	0.2903	0.2091	0.4438	0.5450	0.2022	0.4381	0.3809
230	2.30	0.3449	0.8861	0.5622	0.3069	0.8972	0.3640	0.2612	0.4509	0.6197	0.2508	0.4792	0.3092	0.2435	0.3880	0.6256	0.2270	0.3930	0.2946	0.2164	0.2054	0.7044	0.2440	0.1531	0.6852	0.2720	0.1565	0.7285	0.1820	0.2138	0.2236	0.2003	0.1523	0.2364	0.2272	0.1576	0.1927	0.3259	0.8917	0.4631	0.3259	0.8917	0.4631	0.2405	0.0371	0.6662	0.1898	0.0431	0.2602	0.2051	0.2960	0.6253	0.1818	0.2994	0.3006	0.0159	-0.0053	0.0380	0.0095	-0.0002	-0.0374	0.3127	1.2907	0.4768	0.2144	0.6570	0.3750	0.0076	0.0265	-0.0465	0.2290	0.6533	0.5663	0.0130	0.0339	0.0450	-0.0528	-0.0169	-0.0867	-0.0500	-0.0254	0.0756	0.1795	-0.0480	0.1557	0.0622	0.0000	0.0000	0.0000	0.0000	0.0000	0.0038	0.0515	0.0000	-0.0659	-0.0367	-0.0526	-0.0642	-0.0386	0.0422	0.2073	-0.0351	-0.1336	0.0655	0.0000	0.0000	0.0000	0.0000	0.0000	0.0060	0.0513	0.0000	0.1990	1.3358	0.4724	0.3451	0.8861	0.5636	0.3066	0.8973	0.3626	0.3110	1.2921	0.5290	0.3144	1.2893	0.4245	0.2315	0.8295	0.4135	0.2551	0.8226	0.5370	0.1864	0.4573	0.6577	0.1858	0.4626	0.2768	0.1982	0.0617	0.6973	0.1411	0.0795	0.2279	0.1977	0.4505	0.6014	0.1940	0.4504	0.3289	0.2160	0.0690	0.6605	0.1638	0.0777	0.2591	0.1629	0.0365	0.6393	0.1124	0.0485	0.2647	0.3384	0.0377	0.7003	0.2875	0.0362	0.2545	0.1778	0.9565	0.4870	0.2338	0.0764	0.6237	0.1865	0.0759	0.2902	0.2090	0.4437	0.5451	0.2022	0.4381	0.3809
231	2.31	0.3447	0.8862	0.5623	0.3068	0.8972	0.3640	0.2611	0.4509	0.6197	0.2508	0.4792	0.3092	0.2434	0.3881	0.6256	0.2269	0.3930	0.2946	0.2164	0.2054	0.7044	0.2440	0.1531	0.6852	0.2720	0.1565	0.7284	0.1820	0.2138	0.2236	0.2003	0.1523	0.2364	0.2272	0.1576	0.1927	0.3257	0.8917	0.4632	0.3257	0.8917	0.4632	0.2405	0.0371	0.6662	0.1898	0.0431	0.2601	0.2051	0.2960	0.6253	0.1818	0.2995	0.3006	0.0159	-0.0053	0.0381	0.0095	-0.0002	-0.0374	0.3125	1.2907	0.4768	0.2143	0.6570	0.3750	0.0076	0.0264	-0.0465	0.2289	0.6533	0.5664	0.0130	0.0339	0.0450	-0.0528	-0.0169	-0.0867	-0.0500	-0.0254	0.0757	0.1795	-0.0481	0.1557	0.0622	0.0000	0.0000	0.0000	0.0000	0.0000	0.0039	0.0515	0.0000	-0.0659	-0.0367	-0.0525	-0.0642	-0.0386	0.0423	0.2073	-0.0351	-0.1336	0.0655	0.0000	0.0000	0.0000	0.0000	0.0000	0.0060	0.0513	0.0000	0.1987	1.3358	0.4724	0.3450	0.8861	0.5637	0.3065	0.8973	0.3626	0.3108	1.2922	0.5290	0.3141	1.2893	0.4245	0.2313	0.8295	0.4136	0.2550	0.8227	0.5371	0.1863	0.4573	0.6577	0.1858	0.4626	0.2769	0.1982	0.0617	0.6973	0.1411	0.0795	0.2278	0.1976	0.4505	0.6014	0.1940	0.4504	0.3289	0.2161	0.0691	0.6605	0.1638	0.0777	0.2590	0.1629	0.0365	0.6392	0.1124	0.0486	0.2646	0.3385	0.0377	0.7003	0.2876	0.0362	0.2545	0.1775	0.9565	0.4870	0.2339	0.0764	0.6236	0.1865	0.0760	0.2902	0.2089	0.4437	0.5451	0.2021	0.4381	0.3809
232	2.32	0.3445	0.8862	0.5624	0.3066	0.8972	0.3641	0.2611	0.4509	0.6197	0.2508	0.4792	0.3092	0.2434	0.3881	0.6256	0.2269	0.3930	0.2946	0.2164	0.2054	0.7044	0.2440	0.1531	0.6852	0.2720	0.1565	0.7285	0.1820	0.2138	0.2236	0.2003	0.1523	0.2364	0.2272	0.1576	0.1927	0.3256	0.8917	0.4632	0.3256	0.8917	0.4632	0.2405	0.0370	0.6662	0.1898	0.0431	0.2602	0.2050	0.2960	0.6254	0.1818	0.2995	0.3006	0.0159	-0.0053	0.0380	0.0095	-0.0002	-0.0374	0.3123	1.2908	0.4768	0.2143	0.6570	0.3751	0.0076	0.0264	-0.0465	0.2288	0.6533	0.5664	0.0130	0.0339	0.0450	-0.0528	-0.0169	-0.0867	-0.0501	-0.0254	0.0756	0.1795	-0.0480	0.1558	0.0622	0.0000	0.0000	0.0000	0.0000	0.0000	0.0038	0.0515	0.0000	-0.0659	-0.0367	-0.0526	-0.0642	-0.0386	0.0422	0.2074	-0.0351	-0.1335	0.0655	0.0000	0.0000	0.0000	0.0000	0.0000	0.0061	0.0513	0.0000	0.1985	1.3358	0.4725	0.3448	0.8862	0.5638	0.3064	0.8973	0.3627	0.3107	1.2923	0.5291	0.3139	1.2894	0.4245	0.2312	0.8295	0.4136	0.2548	0.8227	0.5371	0.1862	0.4573	0.6577	0.1858	0.4626	0.2769	0.1982	0.0617	0.6973	0.1412	0.0795	0.2278	0.1976	0.4505	0.6014	0.1939	0.4504	0.3289	0.2160	0.0690	0.6605	0.1639	0.0777	0.2590	0.1629	0.0365	0.6393	0.1125	0.0485	0.2647	0.3384	0.0377	0.7003	0.2876	0.0362	0.2545	0.1774	0.9565	0.4871	0.2339	0.0764	0.6236	0.1865	0.0760	0.2902	0.2089	0.4438	0.5452	0.2021	0.4382	0.3810
233	2.33	0.3443	0.8863	0.5624	0.3065	0.8973	0.3642	0.2610	0.4509	0.6197	0.2507	0.4793	0.3092	0.2433	0.3881	0.6257	0.2269	0.3931	0.2946	0.2163	0.2054	0.7045	0.2439	0.1531	0.6853	0.2719	0.1565	0.7285	0.1819	0.2138	0.2236	0.2003	0.1523	0.2364	0.2272	0.1576	0.1927	0.3254	0.8918	0.4633	0.3254	0.8918	0.4633	0.2405	0.0370	0.6662	0.1898	0.0430	0.2602	0.2050	0.2960	0.6254	0.1817	0.2995	0.3007	0.0159	-0.0053	0.0380	0.0095	-0.0002	-0.0374	0.3121	1.2909	0.4768	0.2142	0.6570	0.3751	0.0076	0.0264	-0.0466	0.2287	0.6534	0.5665	0.0130	0.0339	0.0450	-0.0528	-0.0169	-0.0867	-0.0501	-0.0255	0.0755	0.1795	-0.0480	0.1558	0.0622	0.0000	0.0000	0.0000	0.0000	0.0000	0.0038	0.0515	0.0000	-0.0659	-0.0367	-0.0526	-0.0643	-0.0387	0.0421	0.2075	-0.0350	-0.1334	0.0655	0.0000	0.0000	0.0000	0.0000	0.0000	0.0061	0.0512	0.0000	0.1983	1.3358	0.4726	0.3446	0.8862	0.5638	0.3062	0.8973	0.3628	0.3105	1.2923	0.5291	0.3137	1.2894	0.4246	0.2311	0.8295	0.4137	0.2547	0.8227	0.5372	0.1862	0.4573	0.6578	0.1857	0.4626	0.2769	0.1982	0.0617	0.6973	0.1412	0.0795	0.2279	0.1975	0.4505	0.6015	0.1939	0.4504	0.3290	0.2160	0.0690	0.6605	0.1638	0.0777	0.2591	0.1629	0.0365	0.6393	0.1125	0.0484	0.2647	0.3384	0.0377	0.7003	0.2875	0.0362	0.2545	0.1772	0.9565	0.4871	0.2338	0.0764	0.6237	0.1865	0.0760	0.2903	0.2088	0.4438	0.5452	0.2020	0.4382	0.3810
234	2.34	0.3442	0.8863	0.5626	0.3063	0.8972	0.3643	0.2609	0.4509	0.6198	0.2507	0.4793	0.3093	0.2432	0.3881	0.6257	0.2268	0.3930	0.2946	0.2163	0.2054	0.7045	0.2439	0.1531	0.6853	0.2719	0.1565	0.7285	0.1819	0.2138	0.2236	0.2003	0.1523	0.2364	0.2272	0.1576	0.1927	0.3252	0.8918	0.4634	0.3252	0.8918	0.4634	0.2404	0.0370	0.6662	0.1898	0.0430	0.2602	0.2049	0.2960	0.6254	0.1817	0.2994	0.3007	0.0159	-0.0053	0.0380	0.0095	-0.0002	-0.0374	0.3118	1.2909	0.4769	0.2140	0.6570	0.3752	0.0076	0.0264	-0.0466	0.2285	0.6534	0.5665	0.0130	0.0339	0.0450	-0.0528	-0.0170	-0.0867	-0.0501	-0.0255	0.0756	0.1795	-0.0479	0.1558	0.0622	0.0000	0.0000	0.0000	0.0000	0.0000	0.0038	0.0515	0.0000	-0.0660	-0.0368	-0.0525	-0.0643	-0.0387	0.0422	0.2074	-0.0350	-0.1334	0.0655	0.0000	0.0000	0.0000	0.0000	0.0000	0.0061	0.0512	0.0000	0.1980	1.3358	0.4726	0.3444	0.8862	0.5639	0.3060	0.8973	0.3629	0.3103	1.2923	0.5291	0.3134	1.2894	0.4247	0.2309	0.8295	0.4138	0.2545	0.8227	0.5373	0.1861	0.4573	0.6578	0.1857	0.4626	0.2770	0.1982	0.0617	0.6973	0.1411	0.0795	0.2279	0.1974	0.4505	0.6015	0.1938	0.4503	0.3290	0.2160	0.0690	0.6605	0.1638	0.0777	0.2591	0.1628	0.0365	0.6393	0.1124	0.0484	0.2647	0.3384	0.0377	0.7003	0.2875	0.0362	0.2545	0.1770	0.9564	0.4871	0.2338	0.0764	0.6236	0.1865	0.0759	0.2903	0.2087	0.4438	0.5453	0.2019	0.4381	0.3810
235	2.35	0.3440	0.8863	0.5626	0.3062	0.8972	0.3644	0.2608	0.4509	0.6199	0.2507	0.4793	0.3093	0.2431	0.3881	0.6258	0.2268	0.3930	0.2947	0.2162	0.2053	0.7045	0.2438	0.1531	0.6853	0.2719	0.1565	0.7285	0.1819	0.2138	0.2236	0.2003	0.1522	0.2364	0.2272	0.1576	0.1927	0.3251	0.8917	0.4635	0.3251	0.8917	0.4635	0.2404	0.0370	0.6662	0.1898	0.0430	0.2602	0.2048	0.2960	0.6255	0.1816	0.2994	0.3007	0.0159	-0.0053	0.0381	0.0095	-0.0002	-0.0374	0.3116	1.2909	0.4769	0.2139	0.6569	0.3753	0.0076	0.0264	-0.0466	0.2283	0.6533	0.5666	0.0130	0.0338	0.0450	-0.0528	-0.0170	-0.0867	-0.0501	-0.0254	0.0756	0.1795	-0.0478	0.1558	0.0622	0.0000	0.0000	0.0000	0.0000	0.0000	0.0038	0.0515	0.0000	-0.0660	-0.0368	-0.0525	-0.0643	-0.0387	0.0422	0.2074	-0.0351	-0.1334	0.0655	0.0000	0.0000	0.0000	0.0000	0.0000	0.0060	0.0512	0.0000	0.1978	1.3358	0.4727	0.3442	0.8862	0.5640	0.3059	0.8973	0.3630	0.3101	1.2923	0.5291	0.3131	1.2894	0.4247	0.2308	0.8295	0.4138	0.2543	0.8227	0.5374	0.1860	0.4572	0.6579	0.1856	0.4626	0.2770	0.1982	0.0616	0.6973	0.1411	0.0795	0.2279	0.1972	0.4505	0.6016	0.1937	0.4503	0.3290	0.2160	0.0690	0.6605	0.1638	0.0777	0.2591	0.1628	0.0364	0.6393	0.1124	0.0484	0.2647	0.3384	0.0377	0.7003	0.2875	0.0362	0.2545	0.1768	0.9564	0.4872	0.2338	0.0764	0.6236	0.1865	0.0759	0.2903	0.2085	0.4438	0.5454	0.2018	0.4381	0.3811
236	2.36	0.3438	0.8863	0.5627	0.3060	0.8972	0.3644	0.2608	0.4509	0.6199	0.2506	0.4793	0.3094	0.2431	0.3881	0.6258	0.2268	0.3930	0.2947	0.2162	0.2053	0.7046	0.2438	0.1530	0.6853	0.2719	0.1565	0.7286	0.1819	0.2138	0.2236	0.2003	0.1523	0.2365	0.2272	0.1576	0.1927	0.3249	0.8917	0.4636	0.3249	0.8917	0.4636	0.2404	0.0370	0.6663	0.1899	0.0430	0.2602	0.2047	0.2960	0.6256	0.1816	0.2994	0.3007	0.0159	-0.0053	0.0381	0.0095	-0.0002	-0.0374	0.3114	1.2909	0.4770	0.2138	0.6569	0.3753	0.0076	0.0264	-0.0466	0.2282	0.6533	0.5667	0.0130	0.0337	0.0450	-0.0528	-0.0170	-0.0867	-0.0501	-0.0254	0.0756	0.1795	-0.0478	0.1558	0.0622	0.0000	0.0000	0.0000	0.0000	0.0000	0.0038	0.0515	0.0000	-0.0660	-0.0367	-0.0525	-0.0643	-0.0387	0.0422	0.2074	-0.0351	-0.1335	0.0655	0.0000	0.0000	0.0000	0.0000	0.0000	0.0060	0.0513	0.0000	0.1976	1.3358	0.4729	0.3441	0.8862	0.5641	0.3058	0.8973	0.3630	0.3100	1.2923	0.5292	0.3129	1.2895	0.4248	0.2306	0.8295	0.4139	0.2542	0.8227	0.5374	0.1859	0.4572	0.6580	0.1856	0.4626	0.2770	0.1982	0.0616	0.6974	0.1411	0.0794	0.2279	0.1971	0.4505	0.6018	0.1937	0.4503	0.3291	0.2160	0.0690	0.6605	0.1638	0.0777	0.2591	0.1628	0.0364	0.6393	0.1125	0.0484	0.2647	0.3384	0.0377	0.7003	0.2876	0.0362	0.2545	0.1767	0.9564	0.4872	0.2338	0.0764	0.6237	0.1865	0.0759	0.2903	0.2082	0.4438	0.5455	0.2018	0.4380	0.3811
237	2.37	0.3436	0.8863	0.5628	0.3059	0.8972	0.3644	0.2607	0.4509	0.6200	0.2506	0.4793	0.3094	0.2430	0.3881	0.6259	0.2267	0.3930	0.2947	0.2162	0.2053	0.7046	0.2438	0.1531	0.6854	0.2719	0.1565	0.7286	0.1819	0.2138	0.2237	0.2003	0.1522	0.2365	0.2272	0.1576	0.1927	0.3248	0.8917	0.4636	0.3248	0.8917	0.4636	0.2404	0.0370	0.6663	0.1899	0.0430	0.2602	0.2047	0.2960	0.6256	0.1816	0.2994	0.3008	0.0159	-0.0053	0.0380	0.0095	-0.0002	-0.0374	0.3113	1.2909	0.4770	0.2137	0.6569	0.3753	0.0076	0.0264	-0.0466	0.2281	0.6533	0.5667	0.0130	0.0338	0.0449	-0.0529	-0.0170	-0.0866	-0.0501	-0.0254	0.0756	0.1795	-0.0478	0.1558	0.0622	0.0000	0.0000	0.0000	0.0000	0.0000	0.0038	0.0515	0.0000	-0.0660	-0.0367	-0.0525	-0.0643	-0.0387	0.0422	0.2074	-0.0351	-0.1335	0.0655	0.0000	0.0000	0.0000	0.0000	0.0000	0.0061	0.0513	0.0000	0.1974	1.3358	0.4730	0.3439	0.8862	0.5642	0.3056	0.8973	0.3631	0.3098	1.2923	0.5292	0.3127	1.2895	0.4248	0.2305	0.8294	0.4139	0.2540	0.8227	0.5375	0.1859	0.4572	0.6580	0.1855	0.4626	0.2771	0.1982	0.0616	0.6974	0.1411	0.0794	0.2279	0.1971	0.4505	0.6018	0.1937	0.4503	0.3291	0.2160	0.0690	0.6606	0.1638	0.0777	0.2591	0.1628	0.0364	0.6393	0.1125	0.0484	0.2647	0.3384	0.0377	0.7003	0.2876	0.0362	0.2545	0.1765	0.9564	0.4873	0.2337	0.0763	0.6238	0.1865	0.0759	0.2903	0.2083	0.4438	0.5456	0.2018	0.4380	0.3812
238	2.38	0.3434	0.8863	0.5629	0.3057	0.8971	0.3645	0.2607	0.4509	0.6200	0.2505	0.4793	0.3095	0.2430	0.3881	0.6260	0.2266	0.3930	0.2948	0.2161	0.2053	0.7046	0.2438	0.1531	0.6854	0.2718	0.1565	0.7286	0.1818	0.2138	0.2237	0.2003	0.1522	0.2365	0.2271	0.1576	0.1928	0.3246	0.8917	0.4637	0.3246	0.8917	0.4637	0.2404	0.0370	0.6663	0.1898	0.0430	0.2602	0.2045	0.2960	0.6257	0.1815	0.2994	0.3008	0.0159	-0.0053	0.0380	0.0095	-0.0002	-0.0374	0.3110	1.2909	0.4771	0.2136	0.6569	0.3754	0.0076	0.0264	-0.0466	0.2279	0.6534	0.5669	0.0130	0.0336	0.0450	-0.0529	-0.0170	-0.0866	-0.0500	-0.0254	0.0756	0.1795	-0.0477	0.1558	0.0621	0.0000	0.0000	0.0000	0.0000	0.0000	0.0038	0.0515	0.0000	-0.0660	-0.0367	-0.0525	-0.0642	-0.0386	0.0422	0.2074	-0.0351	-0.1335	0.0655	0.0000	0.0000	0.0000	0.0000	0.0000	0.0060	0.0512	0.0000	0.1971	1.3359	0.4731	0.3437	0.8862	0.5642	0.3054	0.8972	0.3631	0.3097	1.2924	0.5293	0.3124	1.2895	0.4249	0.2303	0.8294	0.4140	0.2538	0.8227	0.5376	0.1858	0.4573	0.6581	0.1854	0.4626	0.2771	0.1982	0.0616	0.6974	0.1411	0.0795	0.2279	0.1968	0.4506	0.6019	0.1936	0.4503	0.3292	0.2159	0.0690	0.6606	0.1638	0.0777	0.2591	0.1628	0.0364	0.6393	0.1124	0.0484	0.2647	0.3384	0.0377	0.7003	0.2876	0.0362	0.2545	0.1763	0.9564	0.4873	0.2337	0.0764	0.6238	0.1865	0.0759	0.2903	0.2078	0.4439	0.5458	0.2017	0.4380	0.3812
239	2.39	0.3433	0.8863	0.5629	0.3055	0.8971	0.3645	0.2606	0.4509	0.6201	0.2504	0.4793	0.3095	0.2429	0.3881	0.6261	0.2266	0.3930	0.2948	0.2161	0.2053	0.7047	0.2437	0.1531	0.6854	0.2718	0.1565	0.7286	0.1818	0.2137	0.2237	0.2002	0.1522	0.2365	0.2271	0.1576	0.1928	0.3244	0.8917	0.4637	0.3244	0.8917	0.4637	0.2404	0.0370	0.6663	0.1898	0.0430	0.2602	0.2045	0.2960	0.6258	0.1814	0.2994	0.3008	0.0159	-0.0053	0.0380	0.0095	-0.0002	-0.0374	0.3109	1.2909	0.4771	0.2135	0.6569	0.3755	0.0076	0.0263	-0.0466	0.2277	0.6534	0.5669	0.0130	0.0336	0.0449	-0.0529	-0.0171	-0.0866	-0.0500	-0.0254	0.0756	0.1795	-0.0476	0.1558	0.0621	0.0000	0.0000	0.0000	0.0000	0.0000	0.0038	0.0515	0.0000	-0.0660	-0.0368	-0.0525	-0.0642	-0.0386	0.0422	0.2074	-0.0351	-0.1335	0.0655	0.0000	0.0000	0.0000	0.0000	0.0000	0.0060	0.0512	0.0000	0.1969	1.3359	0.4731	0.3436	0.8862	0.5643	0.3053	0.8972	0.3632	0.3095	1.2924	0.5293	0.3122	1.2895	0.4250	0.2301	0.8294	0.4141	0.2537	0.8227	0.5376	0.1857	0.4573	0.6582	0.1853	0.4626	0.2772	0.1981	0.0616	0.6974	0.1411	0.0795	0.2279	0.1967	0.4506	0.6021	0.1935	0.4503	0.3292	0.2159	0.0690	0.6606	0.1638	0.0777	0.2591	0.1628	0.0364	0.6394	0.1124	0.0484	0.2647	0.3384	0.0378	0.7002	0.2876	0.0362	0.2545	0.1761	0.9565	0.4874	0.2337	0.0764	0.6238	0.1865	0.0759	0.2903	0.2077	0.4439	0.5459	0.2016	0.4380	0.3813
240	2.40	0.3432	0.8864	0.5629	0.3052	0.8971	0.3647	0.2606	0.4510	0.6202	0.2504	0.4793	0.3095	0.2429	0.3881	0.6261	0.2265	0.3930	0.2949	0.2161	0.2053	0.7047	0.2437	0.1531	0.6854	0.2718	0.1565	0.7286	0.1818	0.2138	0.2237	0.2002	0.1523	0.2365	0.2271	0.1577	0.1928	0.3242	0.8917	0.4638	0.3242	0.8917	0.4638	0.2404	0.0370	0.6663	0.1898	0.0430	0.2602	0.2044	0.2960	0.6258	0.1814	0.2993	0.3009	0.0159	-0.0052	0.0380	0.0095	-0.0002	-0.0374	0.3107	1.2910	0.4772	0.2133	0.6569	0.3756	0.0076	0.0263	-0.0467	0.2277	0.6534	0.5671	0.0130	0.0336	0.0449	-0.0529	-0.0171	-0.0866	-0.0501	-0.0254	0.0756	0.1795	-0.0476	0.1558	0.0622	0.0000	0.0000	0.0000	0.0000	0.0000	0.0038	0.0515	0.0000	-0.0660	-0.0368	-0.0524	-0.0642	-0.0386	0.0422	0.2074	-0.0352	-0.1335	0.0655	0.0000	0.0000	0.0000	0.0000	0.0000	0.0061	0.0512	0.0000	0.1968	1.3359	0.4733	0.3435	0.8863	0.5644	0.3049	0.8972	0.3633	0.3094	1.2924	0.5294	0.3121	1.2896	0.4250	0.2299	0.8294	0.4143	0.2536	0.8227	0.5378	0.1856	0.4573	0.6583	0.1852	0.4625	0.2773	0.1981	0.0616	0.6974	0.1411	0.0794	0.2279	0.1966	0.4506	0.6022	0.1934	0.4502	0.3293	0.2159	0.0690	0.6606	0.1638	0.0777	0.2591	0.1628	0.0364	0.6394	0.1125	0.0483	0.2648	0.3383	0.0378	0.7002	0.2876	0.0363	0.2545	0.1759	0.9564	0.4875	0.2337	0.0763	0.6238	0.1865	0.0759	0.2903	0.2076	0.4439	0.5460	0.2015	0.4379	0.3813
241	2.41	0.3431	0.8864	0.5630	0.3047	0.8969	0.3651	0.2605	0.4510	0.6202	0.2502	0.4794	0.3096	0.2428	0.3881	0.6262	0.2264	0.3930	0.2949	0.2160	0.2053	0.7048	0.2436	0.1531	0.6855	0.2718	0.1565	0.7286	0.1817	0.2138	0.2238	0.2002	0.1523	0.2365	0.2270	0.1577	0.1928	0.3239	0.8917	0.4640	0.3239	0.8917	0.4640	0.2403	0.0370	0.6663	0.1898	0.0430	0.2603	0.2043	0.2960	0.6259	0.1813	0.2993	0.3009	0.0159	-0.0052	0.0380	0.0095	-0.0002	-0.0374	0.3105	1.2910	0.4772	0.2130	0.6568	0.3759	0.0076	0.0263	-0.0467	0.2275	0.6534	0.5674	0.0129	0.0336	0.0450	-0.0530	-0.0171	-0.0866	-0.0501	-0.0254	0.0756	0.1795	-0.0476	0.1558	0.0621	0.0000	0.0000	0.0000	0.0000	0.0000	0.0038	0.0515	0.0000	-0.0661	-0.0368	-0.0524	-0.0643	-0.0387	0.0422	0.2074	-0.0351	-0.1335	0.0655	0.0000	0.0000	0.0000	0.0000	0.0000	0.0061	0.0513	0.0000	0.1966	1.3359	0.4734	0.3434	0.8863	0.5645	0.3044	0.8970	0.3635	0.3092	1.2924	0.5295	0.3119	1.2896	0.4250	0.2294	0.8293	0.4148	0.2534	0.8228	0.5383	0.1856	0.4573	0.6584	0.1851	0.4625	0.2773	0.1981	0.0615	0.6975	0.1411	0.0794	0.2280	0.1965	0.4506	0.6023	0.1933	0.4502	0.3294	0.2158	0.0690	0.6607	0.1638	0.0776	0.2592	0.1627	0.0363	0.6394	0.1125	0.0483	0.2649	0.3383	0.0378	0.7002	0.2875	0.0363	0.2545	0.1758	0.9564	0.4876	0.2336	0.0764	0.6238	0.1865	0.0759	0.2904	0.2075	0.4439	0.5461	0.2014	0.4379	0.3814
242	2.42	0.3429	0.8864	0.5630	0.3044	0.8969	0.3652	0.2605	0.4510	0.6203	0.2500	0.4794	0.3097	0.2427	0.3881	0.6263	0.2263	0.3930	0.2949	0.2160	0.2053	0.7049	0.2436	0.1531	0.6856	0.2718	0.1565	0.7287	0.1816	0.2138	0.2238	0.2001	0.1523	0.2366	0.2270	0.1577	0.1928	0.3237	0.8916	0.4641	0.3237	0.8916	0.4641	0.2403	0.0370	0.6663	0.1898	0.0430	0.2603	0.2043	0.2961	0.6260	0.1812	0.2993	0.3010	0.0159	-0.0052	0.0380	0.0095	-0.0002	-0.0374	0.3103	1.2910	0.4773	0.2128	0.6568	0.3760	0.0076	0.0263	-0.0467	0.2274	0.6534	0.5675	0.0129	0.0336	0.0450	-0.0530	-0.0172	-0.0866	-0.0501	-0.0254	0.0756	0.1795	-0.0475	0.1558	0.0621	0.0000	0.0000	0.0000	0.0000	0.0000	0.0038	0.0515	0.0000	-0.0661	-0.0368	-0.0524	-0.0643	-0.0387	0.0422	0.2074	-0.0351	-0.1334	0.0655	0.0000	0.0000	0.0000	0.0000	0.0000	0.0061	0.0513	0.0000	0.1964	1.3359	0.4735	0.3432	0.8863	0.5646	0.3041	0.8970	0.3636	0.3090	1.2924	0.5296	0.3117	1.2896	0.4251	0.2292	0.8293	0.4149	0.2532	0.8227	0.5384	0.1855	0.4573	0.6585	0.1850	0.4626	0.2774	0.1980	0.0615	0.6975	0.1410	0.0794	0.2280	0.1965	0.4506	0.6024	0.1931	0.4502	0.3294	0.2158	0.0690	0.6607	0.1638	0.0776	0.2592	0.1627	0.0363	0.6395	0.1124	0.0483	0.2649	0.3383	0.0378	0.7002	0.2875	0.0363	0.2545	0.1756	0.9564	0.4877	0.2335	0.0764	0.6239	0.1865	0.0759	0.2904	0.2074	0.4439	0.5462	0.2013	0.4378	0.3815
243	2.43	0.3428	0.8864	0.5630	0.3042	0.8969	0.3652	0.2604	0.4510	0.6204	0.2499	0.4793	0.3097	0.2427	0.3881	0.6264	0.2262	0.3930	0.2950	0.2160	0.2053	0.7049	0.2436	0.1530	0.6856	0.2718	0.1565	0.7287	0.1816	0.2137	0.2239	0.2001	0.1523	0.2366	0.2269	0.1577	0.1929	0.3235	0.8916	0.4641	0.3235	0.8916	0.4641	0.2403	0.0370	0.6663	0.1898	0.0429	0.2603	0.2043	0.2960	0.6261	0.1811	0.2993	0.3010	0.0159	-0.0052	0.0380	0.0095	-0.0002	-0.0374	0.3101	1.2910	0.4774	0.2126	0.6568	0.3761	0.0076	0.0263	-0.0467	0.2273	0.6534	0.5676	0.0129	0.0337	0.0449	-0.0530	-0.0172	-0.0866	-0.0501	-0.0254	0.0756	0.1795	-0.0474	0.1558	0.0621	0.0000	0.0000	0.0000	0.0000	0.0000	0.0038	0.0515	0.0000	-0.0661	-0.0368	-0.0523	-0.0643	-0.0387	0.0422	0.2074	-0.0351	-0.1334	0.0655	0.0000	0.0000	0.0000	0.0000	0.0000	0.0061	0.0513	0.0000	0.1962	1.3359	0.4735	0.3431	0.8863	0.5646	0.3039	0.8970	0.3637	0.3088	1.2924	0.5296	0.3115	1.2896	0.4252	0.2290	0.8293	0.4150	0.2531	0.8227	0.5385	0.1855	0.4573	0.6586	0.1849	0.4625	0.2775	0.1980	0.0615	0.6975	0.1410	0.0794	0.2280	0.1964	0.4506	0.6025	0.1930	0.4501	0.3295	0.2158	0.0689	0.6607	0.1637	0.0776	0.2592	0.1627	0.0363	0.6395	0.1124	0.0482	0.2649	0.3382	0.0378	0.7002	0.2875	0.0362	0.2545	0.1755	0.9564	0.4877	0.2336	0.0764	0.6239	0.1864	0.0758	0.2904	0.2073	0.4439	0.5463	0.2012	0.4378	0.3816
244	2.44	0.3428	0.8864	0.5631	0.3040	0.8968	0.3653	0.2604	0.4509	0.6205	0.2498	0.4793	0.3098	0.2427	0.3881	0.6265	0.2261	0.3930	0.2951	0.2160	0.2053	0.7049	0.2435	0.1530	0.6856	0.2718	0.1565	0.7287	0.1816	0.2137	0.2239	0.2001	0.1522	0.2367	0.2269	0.1577	0.1929	0.3234	0.8916	0.4642	0.3234	0.8916	0.4642	0.2403	0.0369	0.6663	0.1898	0.0429	0.2604	0.2042	0.2960	0.6261	0.1811	0.2992	0.3011	0.0159	-0.0052	0.0380	0.0095	-0.0002	-0.0374	0.3100	1.2910	0.4775	0.2125	0.6568	0.3762	0.0076	0.0263	-0.0467	0.2272	0.6534	0.5677	0.0129	0.0336	0.0450	-0.0531	-0.0172	-0.0865	-0.0501	-0.0254	0.0756	0.1796	-0.0474	0.1558	0.0621	0.0000	0.0000	0.0000	0.0000	0.0000	0.0038	0.0515	0.0000	-0.0661	-0.0368	-0.0523	-0.0643	-0.0387	0.0422	0.2074	-0.0351	-0.1334	0.0655	0.0000	0.0000	0.0000	0.0000	0.0000	0.0061	0.0513	0.0000	0.1960	1.3358	0.4737	0.3431	0.8863	0.5646	0.3037	0.8969	0.3637	0.3086	1.2924	0.5297	0.3114	1.2896	0.4252	0.2288	0.8293	0.4151	0.2530	0.8227	0.5386	0.1855	0.4573	0.6587	0.1847	0.4625	0.2776	0.1980	0.0614	0.6976	0.1410	0.0793	0.2281	0.1964	0.4506	0.6026	0.1929	0.4501	0.3296	0.2158	0.0689	0.6607	0.1637	0.0776	0.2593	0.1627	0.0363	0.6395	0.1124	0.0482	0.2650	0.3382	0.0378	0.7002	0.2875	0.0362	0.2545	0.1753	0.9564	0.4878	0.2335	0.0764	0.6239	0.1865	0.0758	0.2904	0.2073	0.4439	0.5464	0.2011	0.4377	0.3816
245	2.45	0.3427	0.8864	0.5631	0.3038	0.8969	0.3653	0.2604	0.4510	0.6205	0.2497	0.4793	0.3098	0.2427	0.3881	0.6265	0.2260	0.3930	0.2951	0.2160	0.2052	0.7050	0.2435	0.1530	0.6857	0.2718	0.1565	0.7287	0.1815	0.2137	0.2240	0.2000	0.1522	0.2367	0.2268	0.1577	0.1929	0.3232	0.8916	0.4642	0.3232	0.8916	0.4642	0.2403	0.0369	0.6664	0.1899	0.0429	0.2604	0.2043	0.2960	0.6262	0.1811	0.2992	0.3012	0.0160	-0.0053	0.0380	0.0095	-0.0002	-0.0374	0.3098	1.2910	0.4776	0.2123	0.6568	0.3763	0.0075	0.0264	-0.0466	0.2272	0.6534	0.5678	0.0129	0.0337	0.0450	-0.0531	-0.0172	-0.0865	-0.0501	-0.0254	0.0756	0.1796	-0.0473	0.1558	0.0621	0.0000	0.0000	0.0000	0.0000	0.0000	0.0038	0.0515	0.0000	-0.0661	-0.0369	-0.0523	-0.0643	-0.0387	0.0422	0.2074	-0.0351	-0.1334	0.0655	0.0000	0.0000	0.0000	0.0000	0.0000	0.0061	0.0512	0.0000	0.1959	1.3358	0.4738	0.3430	0.8863	0.5646	0.3035	0.8969	0.3638	0.3084	1.2924	0.5298	0.3112	1.2896	0.4253	0.2286	0.8293	0.4152	0.2529	0.8227	0.5386	0.1855	0.4573	0.6588	0.1846	0.4625	0.2776	0.1981	0.0614	0.6976	0.1410	0.0794	0.2282	0.1964	0.4506	0.6026	0.1929	0.4501	0.3297	0.2158	0.0689	0.6608	0.1638	0.0776	0.2593	0.1627	0.0363	0.6396	0.1125	0.0482	0.2651	0.3382	0.0378	0.7002	0.2876	0.0362	0.2545	0.1753	0.9564	0.4880	0.2335	0.0764	0.6239	0.1865	0.0758	0.2905	0.2074	0.4439	0.5464	0.2012	0.4377	0.3817
246	2.46	0.3426	0.8864	0.5631	0.3037	0.8969	0.3652	0.2603	0.4510	0.6206	0.2496	0.4793	0.3099	0.2427	0.3881	0.6266	0.2259	0.3930	0.2952	0.2160	0.2053	0.7050	0.2435	0.1530	0.6857	0.2718	0.1565	0.7287	0.1814	0.2137	0.2241	0.2000	0.1522	0.2368	0.2268	0.1577	0.1930	0.3231	0.8916	0.4642	0.3231	0.8916	0.4642	0.2403	0.0370	0.6664	0.1899	0.0429	0.2604	0.2044	0.2960	0.6262	0.1811	0.2992	0.3012	0.0160	-0.0053	0.0380	0.0095	-0.0002	-0.0374	0.3096	1.2910	0.4777	0.2123	0.6568	0.3763	0.0075	0.0264	-0.0466	0.2272	0.6534	0.5677	0.0130	0.0340	0.0449	-0.0531	-0.0172	-0.0865	-0.0500	-0.0254	0.0756	0.1796	-0.0473	0.1558	0.0621	0.0000	0.0000	0.0000	0.0000	0.0000	0.0038	0.0515	0.0000	-0.0661	-0.0369	-0.0523	-0.0642	-0.0386	0.0422	0.2074	-0.0351	-0.1334	0.0655	0.0000	0.0000	0.0000	0.0000	0.0000	0.0061	0.0513	0.0000	0.1957	1.3358	0.4739	0.3429	0.8863	0.5646	0.3034	0.8970	0.3637	0.3083	1.2924	0.5299	0.3110	1.2896	0.4255	0.2285	0.8293	0.4151	0.2528	0.8227	0.5386	0.1854	0.4573	0.6589	0.1845	0.4625	0.2777	0.1981	0.0614	0.6976	0.1410	0.0794	0.2282	0.1966	0.4506	0.6026	0.1929	0.4501	0.3297	0.2158	0.0689	0.6608	0.1638	0.0776	0.2594	0.1627	0.0363	0.6396	0.1125	0.0482	0.2651	0.3382	0.0378	0.7002	0.2876	0.0363	0.2545	0.1751	0.9564	0.4880	0.2335	0.0764	0.6239	0.1865	0.0758	0.2905	0.2078	0.4439	0.5463	0.2012	0.4378	0.3817
247	2.47	0.3425	0.8863	0.5631	0.3037	0.8970	0.3650	0.2603	0.4510	0.6206	0.2494	0.4793	0.3100	0.2427	0.3881	0.6266	0.2259	0.3930	0.2953	0.2160	0.2053	0.7050	0.2436	0.1531	0.6856	0.2718	0.1565	0.7287	0.1814	0.2137	0.2241	0.2000	0.1522	0.2368	0.2267	0.1577	0.1930	0.3231	0.8917	0.4641	0.3231	0.8917	0.4641	0.2403	0.0370	0.6663	0.1899	0.0430	0.2604	0.2044	0.2960	0.6262	0.1810	0.2992	0.3013	0.0159	-0.0053	0.0380	0.0095	-0.0002	-0.0374	0.3094	1.2910	0.4778	0.2123	0.6568	0.3762	0.0075	0.0265	-0.0466	0.2272	0.6534	0.5676	0.0130	0.0340	0.0449	-0.0530	-0.0172	-0.0866	-0.0500	-0.0253	0.0756	0.1795	-0.0474	0.1558	0.0621	0.0000	0.0000	0.0000	0.0000	0.0000	0.0038	0.0515	0.0000	-0.0661	-0.0368	-0.0524	-0.0642	-0.0386	0.0422	0.2074	-0.0351	-0.1335	0.0655	0.0000	0.0000	0.0000	0.0000	0.0000	0.0061	0.0513	0.0000	0.1955	1.3359	0.4740	0.3428	0.8863	0.5645	0.3035	0.8971	0.3636	0.3081	1.2923	0.5300	0.3108	1.2896	0.4256	0.2286	0.8294	0.4149	0.2527	0.8227	0.5384	0.1854	0.4574	0.6590	0.1844	0.4625	0.2778	0.1981	0.0615	0.6976	0.1410	0.0794	0.2282	0.1967	0.4506	0.6026	0.1928	0.4501	0.3298	0.2158	0.0689	0.6608	0.1638	0.0776	0.2594	0.1627	0.0363	0.6396	0.1125	0.0482	0.2651	0.3383	0.0379	0.7001	0.2876	0.0363	0.2545	0.1750	0.9564	0.4881	0.2335	0.0764	0.6240	0.1865	0.0758	0.2905	0.2079	0.4438	0.5463	0.2011	0.4378	0.3818
248	2.48	0.3425	0.8863	0.5631	0.3036	0.8970	0.3649	0.2604	0.4510	0.6206	0.2494	0.4793	0.3101	0.2427	0.3882	0.6266	0.2258	0.3930	0.2954	0.2160	0.2053	0.7050	0.2436	0.1531	0.6856	0.2718	0.1565	0.7287	0.1813	0.2137	0.2242	0.1999	0.1522	0.2369	0.2267	0.1578	0.1930	0.3230	0.8917	0.4640	0.3230	0.8917	0.4640	0.2403	0.0370	0.6663	0.1899	0.0430	0.2605	0.2044	0.2961	0.6263	0.1810	0.2993	0.3014	0.0159	-0.0053	0.0381	0.0095	-0.0002	-0.0374	0.3093	1.2910	0.4779	0.2122	0.6568	0.3763	0.0076	0.0265	-0.0466	0.2272	0.6534	0.5676	0.0130	0.0339	0.0449	-0.0529	-0.0169	-0.0866	-0.0500	-0.0253	0.0756	0.1795	-0.0476	0.1558	0.0621	0.0000	0.0000	0.0000	0.0000	0.0000	0.0038	0.0515	0.0000	-0.0661	-0.0366	-0.0525	-0.0642	-0.0386	0.0422	0.2074	-0.0351	-0.1335	0.0655	0.0000	0.0000	0.0000	0.0000	0.0000	0.0061	0.0513	0.0000	0.1954	1.3358	0.4742	0.3427	0.8863	0.5645	0.3033	0.8971	0.3636	0.3080	1.2923	0.5301	0.3106	1.2896	0.4256	0.2285	0.8294	0.4150	0.2527	0.8227	0.5384	0.1855	0.4574	0.6590	0.1843	0.4624	0.2779	0.1982	0.0615	0.6977	0.1410	0.0794	0.2283	0.1966	0.4506	0.6027	0.1927	0.4501	0.3299	0.2159	0.0690	0.6608	0.1638	0.0776	0.2594	0.1627	0.0363	0.6396	0.1125	0.0482	0.2652	0.3383	0.0379	0.7001	0.2876	0.0363	0.2545	0.1749	0.9565	0.4883	0.2335	0.0764	0.6240	0.1866	0.0758	0.2906	0.2077	0.4439	0.5464	0.2012	0.4378	0.3819
249	2.49	0.3424	0.8864	0.5631	0.3034	0.8970	0.3649	0.2604	0.4511	0.6206	0.2493	0.4794	0.3102	0.2427	0.3882	0.6266	0.2258	0.3930	0.2954	0.2160	0.2053	0.7050	0.2436	0.1531	0.6856	0.2718	0.1565	0.7287	0.1813	0.2137	0.2243	0.1999	0.1523	0.2369	0.2266	0.1578	0.1931	0.3229	0.8917	0.4640	0.3229	0.8917	0.4640	0.2403	0.0370	0.6663	0.1899	0.0430	0.2605	0.2043	0.2961	0.6263	0.1810	0.2993	0.3015	0.0159	-0.0053	0.0381	0.0095	-0.0002	-0.0374	0.3091	1.2910	0.4779	0.2121	0.6568	0.3764	0.0076	0.0265	-0.0466	0.2271	0.6535	0.5677	0.0130	0.0338	0.0449	-0.0527	-0.0165	-0.0867	-0.0500	-0.0254	0.0755	0.1793	-0.0477	0.1559	0.0621	0.0000	0.0000	0.0000	0.0000	0.0000	0.0038	0.0515	0.0000	-0.0660	-0.0364	-0.0526	-0.0642	-0.0386	0.0421	0.2074	-0.0350	-0.1334	0.0654	0.0000	0.0000	0.0000	0.0000	0.0000	0.0061	0.0513	0.0000	0.1952	1.3358	0.4743	0.3427	0.8863	0.5644	0.3031	0.8971	0.3636	0.3078	1.2923	0.5302	0.3105	1.2896	0.4257	0.2283	0.8294	0.4150	0.2526	0.8227	0.5384	0.1854	0.4574	0.6590	0.1842	0.4624	0.2781	0.1983	0.0617	0.6980	0.1410	0.0794	0.2284	0.1964	0.4507	0.6027	0.1927	0.4502	0.3301	0.2159	0.0690	0.6610	0.1638	0.0776	0.2595	0.1627	0.0363	0.6396	0.1125	0.0482	0.2653	0.3383	0.0379	0.7001	0.2876	0.0364	0.2545	0.1748	0.9565	0.4884	0.2336	0.0764	0.6240	0.1866	0.0758	0.2906	0.2074	0.4439	0.5465	0.2011	0.4379	0.3821
250	2.50	0.3423	0.8863	0.5631	0.3031	0.8970	0.3650	0.2603	0.4511	0.6206	0.2493	0.4794	0.3103	0.2426	0.3882	0.6266	0.2258	0.3930	0.2956	0.2159	0.2052	0.7050	0.2435	0.1531	0.6855	0.2717	0.1564	0.7287	0.1813	0.2137	0.2244	0.1999	0.1523	0.2370	0.2266	0.1579	0.1932	0.3227	0.8917	0.4640	0.3227	0.8917	0.4640	0.2403	0.0370	0.6663	0.1899	0.0429	0.2606	0.2044	0.2961	0.6263	0.1810	0.2992	0.3016	0.0159	-0.0053	0.0381	0.0095	-0.0002	-0.0374	0.3089	1.2909	0.4780	0.2119	0.6568	0.3765	0.0076	0.0265	-0.0466	0.2270	0.6534	0.5677	0.0130	0.0340	0.0449	-0.0527	-0.0163	-0.0867	-0.0500	-0.0255	0.0756	0.1793	-0.0479	0.1559	0.0621	0.0000	0.0000	0.0000	0.0000	0.0000	0.0038	0.0515	0.0000	-0.0659	-0.0362	-0.0526	-0.0642	-0.0387	0.0422	0.2074	-0.0349	-0.1334	0.0654	0.0000	0.0000	0.0000	0.0000	0.0000	0.0061	0.0512	0.0000	0.1950	1.3358	0.4744	0.3426	0.8863	0.5644	0.3028	0.8971	0.3636	0.3076	1.2922	0.5302	0.3102	1.2896	0.4258	0.2280	0.8294	0.4151	0.2525	0.8227	0.5385	0.1853	0.4574	0.6590	0.1842	0.4624	0.2782	0.1982	0.0617	0.6980	0.1410	0.0794	0.2285	0.1965	0.4506	0.6027	0.1926	0.4501	0.3302	0.2159	0.0690	0.6610	0.1638	0.0776	0.2596	0.1627	0.0363	0.6395	0.1125	0.0482	0.2654	0.3382	0.0379	0.7001	0.2876	0.0363	0.2545	0.1746	0.9565	0.4885	0.2336	0.0764	0.6240	0.1866	0.0758	0.2907	0.2077	0.4439	0.5464	0.2011	0.4379	0.3823
251	2.51	0.3423	0.8863	0.5631	0.3028	0.8970	0.3650	0.2602	0.4510	0.6206	0.2493	0.4794	0.3105	0.2425	0.3881	0.6266	0.2258	0.3930	0.2957	0.2159	0.2051	0.7050	0.2435	0.1530	0.6855	0.2716	0.1563	0.7287	0.1813	0.2137	0.2246	0.1999	0.1523	0.2371	0.2266	0.1579	0.1933	0.3226	0.8916	0.4640	0.3226	0.8916	0.4640	0.2402	0.0369	0.6664	0.1899	0.0428	0.2607	0.2044	0.2960	0.6263	0.1810	0.2992	0.3018	0.0159	-0.0053	0.0382	0.0095	-0.0002	-0.0374	0.3088	1.2908	0.4781	0.2118	0.6568	0.3766	0.0075	0.0265	-0.0466	0.2270	0.6534	0.5678	0.0130	0.0341	0.0449	-0.0526	-0.0162	-0.0868	-0.0501	-0.0255	0.0756	0.1792	-0.0481	0.1559	0.0621	0.0000	0.0000	0.0000	0.0000	0.0000	0.0038	0.0515	0.0000	-0.0659	-0.0362	-0.0526	-0.0643	-0.0387	0.0422	0.2074	-0.0350	-0.1334	0.0654	0.0000	0.0000	0.0000	0.0000	0.0000	0.0061	0.0512	0.0000	0.1949	1.3357	0.4745	0.3426	0.8862	0.5644	0.3026	0.8970	0.3636	0.3074	1.2921	0.5303	0.3101	1.2896	0.4258	0.2278	0.8293	0.4152	0.2524	0.8227	0.5386	0.1853	0.4573	0.6590	0.1842	0.4624	0.2784	0.1982	0.0616	0.6980	0.1410	0.0793	0.2287	0.1965	0.4506	0.6027	0.1927	0.4501	0.3304	0.2159	0.0690	0.6610	0.1638	0.0775	0.2598	0.1627	0.0362	0.6396	0.1126	0.0481	0.2656	0.3382	0.0378	0.7001	0.2876	0.0363	0.2545	0.1745	0.9565	0.4886	0.2336	0.0764	0.6240	0.1866	0.0757	0.2908	0.2078	0.4439	0.5463	0.2011	0.4378	0.3824
252	2.52	0.3422	0.8862	0.5630	0.3026	0.8970	0.3650	0.2601	0.4509	0.6206	0.2493	0.4794	0.3106	0.2424	0.3880	0.6267	0.2259	0.3930	0.2958	0.2158	0.2051	0.7050	0.2435	0.1530	0.6856	0.2716	0.1563	0.7287	0.1813	0.2137	0.2247	0.2000	0.1523	0.2372	0.2266	0.1579	0.1933	0.3224	0.8916	0.4640	0.3224	0.8916	0.4640	0.2402	0.0369	0.6664	0.1900	0.0428	0.2609	0.2044	0.2960	0.6263	0.1810	0.2991	0.3020	0.0160	-0.0053	0.0382	0.0094	-0.0002	-0.0374	0.3086	1.2908	0.4782	0.2118	0.6568	0.3767	0.0075	0.0265	-0.0466	0.2269	0.6534	0.5678	0.0131	0.0341	0.0449	-0.0526	-0.0161	-0.0868	-0.0502	-0.0255	0.0756	0.1791	-0.0482	0.1558	0.0621	0.0000	0.0000	0.0000	0.0000	0.0000	0.0038	0.0515	0.0000	-0.0658	-0.0361	-0.0526	-0.0643	-0.0388	0.0422	0.2075	-0.0350	-0.1334	0.0654	0.0000	0.0000	0.0000	0.0000	0.0000	0.0061	0.0512	0.0000	0.1948	1.3356	0.4747	0.3425	0.8862	0.5644	0.3024	0.8970	0.3636	0.3073	1.2920	0.5304	0.3099	1.2896	0.4259	0.2276	0.8293	0.4153	0.2523	0.8227	0.5386	0.1852	0.4572	0.6591	0.1842	0.4624	0.2785	0.1982	0.0616	0.6981	0.1410	0.0792	0.2289	0.1965	0.4506	0.6027	0.1927	0.4501	0.3306	0.2160	0.0690	0.6610	0.1638	0.0774	0.2599	0.1627	0.0361	0.6397	0.1127	0.0479	0.2659	0.3382	0.0378	0.7002	0.2877	0.0362	0.2545	0.1745	0.9564	0.4888	0.2337	0.0764	0.6240	0.1867	0.0756	0.2909	0.2078	0.4439	0.5463	0.2012	0.4377	0.3826
253	2.53	0.3421	0.8862	0.5630	0.3022	0.8969	0.3651	0.2600	0.4510	0.6206	0.2494	0.4795	0.3107	0.2423	0.3880	0.6267	0.2259	0.3930	0.2959	0.2157	0.2051	0.7050	0.2434	0.1530	0.6856	0.2715	0.1563	0.7288	0.1813	0.2137	0.2248	0.2000	0.1523	0.2373	0.2265	0.1579	0.1934	0.3222	0.8915	0.4640	0.3222	0.8915	0.4640	0.2402	0.0369	0.6664	0.1900	0.0428	0.2609	0.2043	0.2960	0.6263	0.1811	0.2992	0.3021	0.0160	-0.0053	0.0382	0.0094	-0.0002	-0.0374	0.3085	1.2907	0.4782	0.2116	0.6568	0.3769	0.0076	0.0265	-0.0466	0.2268	0.6534	0.5679	0.0131	0.0341	0.0449	-0.0526	-0.0160	-0.0868	-0.0501	-0.0255	0.0756	0.1791	-0.0483	0.1559	0.0621	0.0000	0.0000	0.0000	0.0000	0.0000	0.0038	0.0515	0.0000	-0.0658	-0.0360	-0.0527	-0.0643	-0.0388	0.0422	0.2075	-0.0350	-0.1334	0.0654	0.0000	0.0000	0.0000	0.0000	0.0000	0.0061	0.0512	0.0000	0.1946	1.3356	0.4748	0.3424	0.8861	0.5644	0.3020	0.8970	0.3637	0.3072	1.2919	0.5305	0.3098	1.2895	0.4260	0.2273	0.8294	0.4155	0.2521	0.8227	0.5388	0.1851	0.4572	0.6591	0.1842	0.4624	0.2786	0.1982	0.0616	0.6980	0.1410	0.0793	0.2290	0.1964	0.4506	0.6027	0.1928	0.4501	0.3307	0.2160	0.0690	0.6610	0.1639	0.0774	0.2600	0.1627	0.0362	0.6396	0.1127	0.0480	0.2660	0.3382	0.0379	0.7002	0.2877	0.0362	0.2545	0.1743	0.9565	0.4889	0.2337	0.0765	0.6240	0.1867	0.0756	0.2910	0.2077	0.4439	0.5463	0.2013	0.4378	0.3827
254	2.54	0.3421	0.8861	0.5630	0.3017	0.8968	0.3654	0.2599	0.4510	0.6206	0.2493	0.4795	0.3108	0.2423	0.3881	0.6266	0.2258	0.3930	0.2960	0.2157	0.2051	0.7050	0.2434	0.1530	0.6855	0.2714	0.1563	0.7288	0.1812	0.2137	0.2249	0.2000	0.1523	0.2374	0.2265	0.1579	0.1935	0.3219	0.8914	0.4642	0.3219	0.8914	0.4642	0.2402	0.0370	0.6664	0.1900	0.0429	0.2610	0.2043	0.2960	0.6263	0.1811	0.2992	0.3021	0.0159	-0.0053	0.0381	0.0094	-0.0002	-0.0374	0.3083	1.2907	0.4783	0.2113	0.6568	0.3771	0.0076	0.0266	-0.0466	0.2266	0.6534	0.5680	0.0130	0.0342	0.0449	-0.0525	-0.0160	-0.0868	-0.0500	-0.0255	0.0756	0.1790	-0.0484	0.1559	0.0621	0.0000	0.0000	0.0000	0.0000	0.0000	0.0038	0.0515	0.0000	-0.0658	-0.0360	-0.0528	-0.0642	-0.0387	0.0422	0.2075	-0.0349	-0.1333	0.0654	0.0000	0.0000	0.0000	0.0000	0.0000	0.0061	0.0512	0.0000	0.1945	1.3356	0.4748	0.3424	0.8860	0.5644	0.3014	0.8968	0.3639	0.3070	1.2919	0.5305	0.3096	1.2895	0.4260	0.2267	0.8294	0.4159	0.2519	0.8227	0.5391	0.1850	0.4573	0.6590	0.1842	0.4624	0.2787	0.1982	0.0616	0.6980	0.1410	0.0793	0.2291	0.1963	0.4506	0.6027	0.1928	0.4502	0.3307	0.2159	0.0690	0.6610	0.1639	0.0775	0.2601	0.1626	0.0362	0.6396	0.1127	0.0481	0.2661	0.3381	0.0379	0.7001	0.2877	0.0362	0.2545	0.1742	0.9566	0.4890	0.2337	0.0765	0.6240	0.1868	0.0756	0.2910	0.2077	0.4438	0.5464	0.2014	0.4379	0.3828
255	2.55	0.3420	0.8860	0.5629	0.3014	0.8967	0.3654	0.2599	0.4510	0.6206	0.2493	0.4795	0.3109	0.2423	0.3881	0.6267	0.2258	0.3930	0.2961	0.2157	0.2051	0.7050	0.2434	0.1531	0.6855	0.2714	0.1563	0.7288	0.1812	0.2137	0.2250	0.2000	0.1523	0.2374	0.2264	0.1579	0.1935	0.3217	0.8914	0.4642	0.3217	0.8914	0.4642	0.2403	0.0370	0.6664	0.1901	0.0429	0.2610	0.2043	0.2960	0.6263	0.1811	0.2992	0.3022	0.0159	-0.0053	0.0382	0.0094	-0.0002	-0.0374	0.3082	1.2906	0.4784	0.2111	0.6568	0.3772	0.0076	0.0266	-0.0465	0.2265	0.6534	0.5681	0.0129	0.0342	0.0449	-0.0525	-0.0159	-0.0869	-0.0500	-0.0255	0.0755	0.1790	-0.0485	0.1560	0.0621	0.0000	0.0000	0.0000	0.0000	0.0000	0.0038	0.0515	0.0000	-0.0658	-0.0359	-0.0528	-0.0642	-0.0387	0.0422	0.2075	-0.0350	-0.1333	0.0654	0.0000	0.0000	0.0000	0.0000	0.0000	0.0061	0.0512	0.0000	0.1944	1.3356	0.4749	0.3423	0.8859	0.5644	0.3011	0.8968	0.3639	0.3070	1.2919	0.5306	0.3094	1.2894	0.4261	0.2264	0.8294	0.4160	0.2518	0.8227	0.5392	0.1850	0.4573	0.6591	0.1841	0.4624	0.2788	0.1983	0.0616	0.6980	0.1410	0.0793	0.2292	0.1963	0.4505	0.6027	0.1928	0.4502	0.3308	0.2160	0.0690	0.6610	0.1640	0.0775	0.2601	0.1627	0.0362	0.6396	0.1127	0.0481	0.2662	0.3382	0.0379	0.7002	0.2878	0.0363	0.2545	0.1741	0.9567	0.4891	0.2337	0.0765	0.6240	0.1869	0.0757	0.2911	0.2076	0.4438	0.5464	0.2015	0.4379	0.3828
256	2.56	0.3419	0.8860	0.5629	0.3012	0.8967	0.3654	0.2599	0.4511	0.6206	0.2492	0.4795	0.3109	0.2423	0.3882	0.6267	0.2257	0.3930	0.2961	0.2156	0.2051	0.7050	0.2434	0.1531	0.6855	0.2714	0.1563	0.7288	0.1812	0.2137	0.2250	0.1999	0.1523	0.2374	0.2264	0.1579	0.1935	0.3215	0.8913	0.4642	0.3215	0.8913	0.4642	0.2403	0.0370	0.6664	0.1901	0.0429	0.2611	0.2042	0.2960	0.6264	0.1811	0.2992	0.3022	0.0159	-0.0053	0.0382	0.0094	-0.0002	-0.0374	0.3081	1.2906	0.4784	0.2110	0.6568	0.3773	0.0077	0.0266	-0.0465	0.2264	0.6534	0.5681	0.0129	0.0342	0.0449	-0.0525	-0.0158	-0.0869	-0.0501	-0.0254	0.0755	0.1789	-0.0486	0.1560	0.0621	0.0000	0.0000	0.0000	0.0000	0.0000	0.0038	0.0515	0.0000	-0.0658	-0.0359	-0.0529	-0.0642	-0.0387	0.0421	0.2075	-0.0351	-0.1333	0.0654	0.0000	0.0000	0.0000	0.0000	0.0000	0.0061	0.0512	0.0000	0.1944	1.3356	0.4750	0.3422	0.8859	0.5644	0.3009	0.8967	0.3639	0.3069	1.2919	0.5307	0.3093	1.2894	0.4262	0.2262	0.8294	0.4161	0.2517	0.8227	0.5393	0.1849	0.4573	0.6591	0.1840	0.4624	0.2788	0.1983	0.0616	0.6981	0.1411	0.0793	0.2292	0.1962	0.4506	0.6027	0.1928	0.4502	0.3308	0.2160	0.0690	0.6611	0.1640	0.0775	0.2602	0.1627	0.0362	0.6396	0.1128	0.0481	0.2663	0.3382	0.0379	0.7002	0.2878	0.0363	0.2545	0.1740	0.9567	0.4892	0.2338	0.0765	0.6240	0.1870	0.0757	0.2911	0.2075	0.4438	0.5464	0.2015	0.4379	0.3828
257	2.57	0.3418	0.8860	0.5628	0.3010	0.8967	0.3654	0.2598	0.4511	0.6206	0.2491	0.4796	0.3109	0.2422	0.3882	0.6267	0.2256	0.3930	0.2961	0.2156	0.2051	0.7050	0.2433	0.1531	0.6855	0.2713	0.1563	0.7288	0.1811	0.2137	0.2250	0.1999	0.1523	0.2374	0.2263	0.1580	0.1935	0.3214	0.8913	0.4641	0.3214	0.8913	0.4641	0.2402	0.0370	0.6664	0.1901	0.0429	0.2610	0.2042	0.2961	0.6263	0.1810	0.2992	0.3022	0.0159	-0.0053	0.0382	0.0094	-0.0002	-0.0374	0.3080	1.2906	0.4785	0.2109	0.6568	0.3773	0.0077	0.0266	-0.0465	0.2263	0.6534	0.5681	0.0129	0.0342	0.0449	-0.0525	-0.0158	-0.0869	-0.0501	-0.0255	0.0755	0.1789	-0.0486	0.1560	0.0621	0.0000	0.0000	0.0000	0.0000	0.0000	0.0038	0.0515	0.0000	-0.0658	-0.0358	-0.0528	-0.0642	-0.0387	0.0421	0.2075	-0.0350	-0.1333	0.0654	0.0000	0.0000	0.0000	0.0000	0.0000	0.0061	0.0512	0.0000	0.1943	1.3356	0.4751	0.3422	0.8859	0.5644	0.3007	0.8967	0.3639	0.3068	1.2918	0.5307	0.3092	1.2894	0.4262	0.2261	0.8294	0.4161	0.2516	0.8227	0.5393	0.1848	0.4573	0.6591	0.1839	0.4624	0.2788	0.1982	0.0616	0.6981	0.1410	0.0793	0.2292	0.1961	0.4506	0.6027	0.1926	0.4502	0.3308	0.2160	0.0691	0.6610	0.1640	0.0775	0.2602	0.1627	0.0362	0.6396	0.1127	0.0481	0.2662	0.3381	0.0380	0.7002	0.2878	0.0363	0.2545	0.1738	0.9567	0.4892	0.2338	0.0765	0.6240	0.1869	0.0757	0.2911	0.2074	0.4438	0.5464	0.2014	0.4379	0.3828
258	2.58	0.3417	0.8860	0.5628	0.3008	0.8966	0.3654	0.2596	0.4511	0.6206	0.2489	0.4796	0.3109	0.2421	0.3882	0.6267	0.2255	0.3930	0.2961	0.2155	0.2051	0.7050	0.2433	0.1531	0.6855	0.2712	0.1563	0.7288	0.1810	0.2137	0.2250	0.1998	0.1523	0.2374	0.2263	0.1580	0.1935	0.3213	0.8913	0.4641	0.3213	0.8913	0.4641	0.2402	0.0370	0.6664	0.1900	0.0429	0.2610	0.2041	0.2961	0.6264	0.1809	0.2992	0.3022	0.0159	-0.0053	0.0382	0.0094	-0.0002	-0.0374	0.3079	1.2906	0.4785	0.2107	0.6568	0.3773	0.0076	0.0265	-0.0465	0.2262	0.6534	0.5682	0.0129	0.0342	0.0449	-0.0525	-0.0157	-0.0869	-0.0501	-0.0255	0.0755	0.1789	-0.0487	0.1560	0.0621	0.0000	0.0000	0.0000	0.0000	0.0000	0.0038	0.0515	0.0000	-0.0658	-0.0358	-0.0529	-0.0642	-0.0387	0.0421	0.2075	-0.0349	-0.1333	0.0654	0.0000	0.0000	0.0000	0.0000	0.0000	0.0061	0.0512	0.0000	0.1942	1.3355	0.4752	0.3420	0.8859	0.5643	0.3005	0.8967	0.3639	0.3067	1.2918	0.5308	0.3090	1.2894	0.4263	0.2259	0.8294	0.4161	0.2514	0.8227	0.5393	0.1846	0.4573	0.6591	0.1838	0.4624	0.2788	0.1982	0.0616	0.6981	0.1410	0.0793	0.2292	0.1960	0.4506	0.6027	0.1925	0.4501	0.3308	0.2160	0.0691	0.6611	0.1639	0.0775	0.2601	0.1626	0.0362	0.6396	0.1127	0.0481	0.2662	0.3381	0.0380	0.7002	0.2877	0.0363	0.2545	0.1737	0.9567	0.4892	0.2338	0.0765	0.6240	0.1869	0.0757	0.2911	0.2073	0.4438	0.5464	0.2012	0.4379	0.3828
259	2.59	0.3416	0.8860	0.5628	0.3007	0.8966	0.3654	0.2595	0.4511	0.6207	0.2487	0.4795	0.3108	0.2420	0.3881	0.6268	0.2253	0.3930	0.2961	0.2154	0.2051	0.7051	0.2432	0.1531	0.6856	0.2711	0.1563	0.7289	0.1809	0.2137	0.2249	0.1998	0.1523	0.2374	0.2262	0.1580	0.1935	0.3211	0.8913	0.4641	0.3211	0.8913	0.4641	0.2402	0.0369	0.6664	0.1901	0.0428	0.2610	0.2040	0.2960	0.6264	0.1808	0.2992	0.3022	0.0160	-0.0053	0.0383	0.0094	-0.0002	-0.0374	0.3078	1.2905	0.4786	0.2106	0.6568	0.3773	0.0076	0.0266	-0.0465	0.2261	0.6534	0.5682	0.0130	0.0342	0.0449	-0.0524	-0.0156	-0.0870	-0.0501	-0.0255	0.0755	0.1788	-0.0487	0.1560	0.0621	0.0000	0.0000	0.0000	0.0000	0.0000	0.0038	0.0515	0.0000	-0.0658	-0.0357	-0.0528	-0.0643	-0.0387	0.0422	0.2074	-0.0349	-0.1334	0.0654	0.0000	0.0000	0.0000	0.0000	0.0000	0.0061	0.0512	0.0000	0.1942	1.3355	0.4753	0.3419	0.8859	0.5643	0.3004	0.8967	0.3639	0.3066	1.2917	0.5308	0.3089	1.2893	0.4263	0.2258	0.8293	0.4161	0.2513	0.8227	0.5393	0.1846	0.4573	0.6592	0.1836	0.4624	0.2788	0.1982	0.0616	0.6981	0.1410	0.0792	0.2292	0.1959	0.4505	0.6028	0.1923	0.4501	0.3308	0.2160	0.0690	0.6611	0.1639	0.0774	0.2601	0.1626	0.0361	0.6397	0.1127	0.0480	0.2662	0.3381	0.0380	0.7002	0.2877	0.0363	0.2545	0.1737	0.9566	0.4892	0.2338	0.0765	0.6240	0.1868	0.0756	0.2911	0.2072	0.4438	0.5464	0.2010	0.4378	0.3828
260	2.60	0.3415	0.8860	0.5628	0.3006	0.8966	0.3654	0.2595	0.4511	0.6207	0.2486	0.4795	0.3108	0.2419	0.3881	0.6268	0.2252	0.3930	0.2960	0.2153	0.2051	0.7051	0.2432	0.1531	0.6856	0.2711	0.1563	0.7289	0.1809	0.2137	0.2249	0.1997	0.1523	0.2374	0.2262	0.1580	0.1935	0.3210	0.8913	0.4641	0.3210	0.8913	0.4641	0.2402	0.0370	0.6665	0.1900	0.0428	0.2610	0.2040	0.2960	0.6264	0.1807	0.2992	0.3021	0.0160	-0.0053	0.0382	0.0094	-0.0002	-0.0374	0.3077	1.2904	0.4786	0.2104	0.6568	0.3773	0.0076	0.0265	-0.0466	0.2260	0.6534	0.5682	0.0130	0.0342	0.0449	-0.0524	-0.0156	-0.0870	-0.0501	-0.0256	0.0755	0.1788	-0.0488	0.1561	0.0621	0.0000	0.0000	0.0000	0.0000	0.0000	0.0038	0.0515	0.0000	-0.0658	-0.0357	-0.0529	-0.0643	-0.0388	0.0422	0.2074	-0.0348	-0.1334	0.0654	0.0000	0.0000	0.0000	0.0000	0.0000	0.0061	0.0512	0.0000	0.1941	1.3355	0.4754	0.3418	0.8859	0.5643	0.3003	0.8967	0.3639	0.3066	1.2916	0.5308	0.3089	1.2893	0.4264	0.2257	0.8293	0.4161	0.2512	0.8227	0.5393	0.1845	0.4572	0.6592	0.1834	0.4624	0.2788	0.1982	0.0616	0.6982	0.1409	0.0792	0.2291	0.1958	0.4505	0.6028	0.1921	0.4501	0.3307	0.2160	0.0691	0.6611	0.1638	0.0774	0.2601	0.1626	0.0361	0.6397	0.1127	0.0480	0.2662	0.3381	0.0380	0.7002	0.2877	0.0363	0.2545	0.1735	0.9566	0.4892	0.2338	0.0765	0.6240	0.1867	0.0757	0.2911	0.2071	0.4438	0.5464	0.2008	0.4378	0.3827
261	2.61	0.3414	0.8860	0.5628	0.3005	0.8966	0.3654	0.2594	0.4511	0.6206	0.2485	0.4795	0.3107	0.2418	0.3882	0.6268	0.2251	0.3931	0.2960	0.2153	0.2051	0.7051	0.2432	0.1531	0.6856	0.2710	0.1563	0.7289	0.1808	0.2137	0.2249	0.1997	0.1523	0.2373	0.2262	0.1580	0.1935	0.3209	0.8913	0.4641	0.3209	0.8913	0.4641	0.2401	0.0370	0.6664	0.1900	0.0428	0.2609	0.2039	0.2961	0.6264	0.1805	0.2992	0.3021	0.0160	-0.0054	0.0382	0.0094	-0.0002	-0.0374	0.3077	1.2904	0.4786	0.2103	0.6568	0.3772	0.0076	0.0265	-0.0466	0.2259	0.6534	0.5682	0.0130	0.0342	0.0449	-0.0524	-0.0156	-0.0870	-0.0500	-0.0255	0.0755	0.1787	-0.0488	0.1561	0.0621	0.0000	0.0000	0.0000	0.0000	0.0000	0.0038	0.0515	0.0000	-0.0658	-0.0357	-0.0529	-0.0642	-0.0387	0.0422	0.2074	-0.0349	-0.1334	0.0654	0.0000	0.0000	0.0000	0.0000	0.0000	0.0061	0.0512	0.0000	0.1940	1.3355	0.4754	0.3417	0.8859	0.5643	0.3002	0.8967	0.3639	0.3065	1.2916	0.5308	0.3088	1.2893	0.4264	0.2256	0.8293	0.4161	0.2511	0.8227	0.5393	0.1844	0.4572	0.6591	0.1833	0.4624	0.2787	0.1982	0.0616	0.6982	0.1409	0.0793	0.2290	0.1957	0.4505	0.6028	0.1920	0.4501	0.3307	0.2160	0.0691	0.6611	0.1638	0.0775	0.2600	0.1626	0.0362	0.6397	0.1126	0.0480	0.2660	0.3380	0.0380	0.7002	0.2876	0.0363	0.2545	0.1734	0.9567	0.4891	0.2337	0.0766	0.6241	0.1867	0.0757	0.2910	0.2071	0.4438	0.5464	0.2006	0.4378	0.3826
262	2.62	0.3412	0.8859	0.5628	0.3004	0.8966	0.3654	0.2593	0.4511	0.6207	0.2483	0.4795	0.3106	0.2418	0.3882	0.6268	0.2250	0.3931	0.2959	0.2152	0.2051	0.7051	0.2431	0.1532	0.6856	0.2709	0.1563	0.7290	0.1808	0.2137	0.2248	0.1996	0.1523	0.2373	0.2262	0.1580	0.1934	0.3208	0.8913	0.4641	0.3208	0.8913	0.4641	0.2401	0.0370	0.6664	0.1900	0.0429	0.2609	0.2039	0.2960	0.6264	0.1805	0.2992	0.3020	0.0160	-0.0054	0.0382	0.0094	-0.0002	-0.0374	0.3076	1.2904	0.4787	0.2101	0.6568	0.3772	0.0076	0.0265	-0.0466	0.2258	0.6534	0.5682	0.0130	0.0342	0.0449	-0.0524	-0.0155	-0.0870	-0.0500	-0.0255	0.0755	0.1787	-0.0488	0.1561	0.0621	0.0000	0.0000	0.0000	0.0000	0.0000	0.0038	0.0515	0.0000	-0.0658	-0.0357	-0.0529	-0.0642	-0.0387	0.0422	0.2074	-0.0348	-0.1334	0.0654	0.0000	0.0000	0.0000	0.0000	0.0000	0.0061	0.0512	0.0000	0.1940	1.3355	0.4755	0.3415	0.8858	0.5643	0.3000	0.8967	0.3639	0.3064	1.2915	0.5309	0.3087	1.2892	0.4264	0.2254	0.8293	0.4161	0.2509	0.8227	0.5393	0.1843	0.4572	0.6591	0.1832	0.4624	0.2786	0.1982	0.0616	0.6982	0.1409	0.0793	0.2290	0.1957	0.4505	0.6028	0.1918	0.4501	0.3306	0.2160	0.0691	0.6611	0.1638	0.0775	0.2600	0.1626	0.0362	0.6397	0.1126	0.0480	0.2660	0.3380	0.0381	0.7002	0.2876	0.0364	0.2545	0.1732	0.9567	0.4891	0.2338	0.0766	0.6241	0.1867	0.0757	0.2910	0.2070	0.4438	0.5464	0.2005	0.4379	0.3826
263	2.63	0.3411	0.8859	0.5628	0.3003	0.8966	0.3654	0.2592	0.4511	0.6207	0.2482	0.4795	0.3106	0.2417	0.3881	0.6268	0.2249	0.3930	0.2959	0.2152	0.2051	0.7051	0.2431	0.1531	0.6856	0.2709	0.1563	0.7290	0.1808	0.2137	0.2248	0.1996	0.1523	0.2373	0.2262	0.1580	0.1934	0.3207	0.8912	0.4641	0.3207	0.8912	0.4641	0.2401	0.0369	0.6664	0.1899	0.0428	0.2609	0.2039	0.2960	0.6264	0.1804	0.2992	0.3020	0.0160	-0.0054	0.0383	0.0094	-0.0002	-0.0374	0.3075	1.2903	0.4787	0.2100	0.6568	0.3772	0.0076	0.0264	-0.0466	0.2257	0.6533	0.5682	0.0130	0.0342	0.0449	-0.0524	-0.0155	-0.0870	-0.0500	-0.0256	0.0756	0.1787	-0.0489	0.1561	0.0621	0.0000	0.0000	0.0000	0.0000	0.0000	0.0037	0.0515	0.0000	-0.0658	-0.0356	-0.0529	-0.0642	-0.0387	0.0422	0.2074	-0.0348	-0.1334	0.0654	0.0000	0.0000	0.0000	0.0000	0.0000	0.0061	0.0512	0.0000	0.1940	1.3354	0.4755	0.3414	0.8858	0.5644	0.3000	0.8967	0.3639	0.3064	1.2914	0.5309	0.3086	1.2891	0.4265	0.2253	0.8293	0.4161	0.2508	0.8226	0.5392	0.1842	0.4572	0.6591	0.1831	0.4624	0.2786	0.1982	0.0616	0.6982	0.1408	0.0792	0.2289	0.1956	0.4505	0.6028	0.1917	0.4501	0.3306	0.2160	0.0691	0.6611	0.1637	0.0774	0.2599	0.1626	0.0360	0.6396	0.1126	0.0479	0.2659	0.3380	0.0380	0.7003	0.2876	0.0363	0.2545	0.1732	0.9567	0.4890	0.2338	0.0765	0.6241	0.1866	0.0757	0.2909	0.2069	0.4438	0.5464	0.2003	0.4378	0.3826
264	2.64	0.3409	0.8858	0.5628	0.3002	0.8966	0.3654	0.2591	0.4510	0.6208	0.2482	0.4795	0.3105	0.2417	0.3881	0.6268	0.2249	0.3930	0.2958	0.2151	0.2050	0.7051	0.2431	0.1531	0.6856	0.2708	0.1562	0.7290	0.1808	0.2137	0.2247	0.1996	0.1523	0.2373	0.2262	0.1580	0.1934	0.3206	0.8912	0.4641	0.3206	0.8912	0.4641	0.2402	0.0368	0.6664	0.1899	0.0427	0.2609	0.2038	0.2960	0.6264	0.1803	0.2991	0.3020	0.0160	-0.0054	0.0383	0.0094	-0.0002	-0.0374	0.3075	1.2902	0.4787	0.2099	0.6567	0.3771	0.0076	0.0264	-0.0466	0.2256	0.6533	0.5681	0.0130	0.0342	0.0449	-0.0524	-0.0154	-0.0870	-0.0501	-0.0256	0.0756	0.1787	-0.0489	0.1561	0.0621	0.0000	0.0000	0.0000	0.0000	0.0000	0.0037	0.0515	0.0000	-0.0658	-0.0356	-0.0529	-0.0642	-0.0388	0.0422	0.2074	-0.0348	-0.1334	0.0654	0.0000	0.0000	0.0000	0.0000	0.0000	0.0061	0.0512	0.0000	0.1940	1.3353	0.4756	0.3412	0.8858	0.5644	0.2999	0.8966	0.3639	0.3063	1.2913	0.5310	0.3086	1.2891	0.4265	0.2253	0.8293	0.4160	0.2506	0.8226	0.5392	0.1842	0.4571	0.6591	0.1830	0.4624	0.2785	0.1982	0.0615	0.6982	0.1408	0.0792	0.2289	0.1955	0.4505	0.6028	0.1916	0.4501	0.3305	0.2160	0.0690	0.6612	0.1637	0.0774	0.2599	0.1627	0.0359	0.6395	0.1126	0.0479	0.2659	0.3380	0.0380	0.7003	0.2876	0.0363	0.2545	0.1731	0.9566	0.4890	0.2339	0.0766	0.6241	0.1866	0.0756	0.2909	0.2069	0.4438	0.5464	0.2002	0.4378	0.3825
265	2.65	0.3408	0.8858	0.5628	0.3001	0.8966	0.3654	0.2591	0.4510	0.6208	0.2481	0.4795	0.3105	0.2416	0.3881	0.6268	0.2248	0.3930	0.2958	0.2151	0.2050	0.7051	0.2431	0.1531	0.6857	0.2708	0.1562	0.7291	0.1807	0.2137	0.2247	0.1996	0.1523	0.2372	0.2262	0.1580	0.1934	0.3205	0.8912	0.4641	0.3205	0.8912	0.4641	0.2401	0.0369	0.6665	0.1900	0.0427	0.2609	0.2038	0.2960	0.6264	0.1803	0.2991	0.3019	0.0160	-0.0054	0.0383	0.0094	-0.0002	-0.0374	0.3074	1.2902	0.4788	0.2099	0.6568	0.3771	0.0076	0.0264	-0.0466	0.2255	0.6533	0.5681	0.0130	0.0341	0.0449	-0.0524	-0.0153	-0.0870	-0.0501	-0.0256	0.0755	0.1787	-0.0490	0.1561	0.0621	0.0000	0.0000	0.0000	0.0000	0.0000	0.0037	0.0515	0.0000	-0.0657	-0.0356	-0.0530	-0.0643	-0.0388	0.0422	0.2075	-0.0348	-0.1334	0.0654	0.0000	0.0000	0.0000	0.0000	0.0000	0.0061	0.0512	0.0000	0.1940	1.3353	0.4757	0.3411	0.8858	0.5644	0.2998	0.8967	0.3639	0.3063	1.2912	0.5310	0.3086	1.2891	0.4265	0.2251	0.8293	0.4160	0.2505	0.8226	0.5392	0.1841	0.4571	0.6591	0.1829	0.4624	0.2785	0.1982	0.0615	0.6982	0.1408	0.0791	0.2289	0.1955	0.4505	0.6028	0.1916	0.4501	0.3305	0.2160	0.0691	0.6612	0.1637	0.0774	0.2599	0.1626	0.0360	0.6397	0.1126	0.0478	0.2659	0.3380	0.0380	0.7003	0.2876	0.0363	0.2545	0.1730	0.9566	0.4890	0.2339	0.0766	0.6241	0.1866	0.0756	0.2909	0.2069	0.4438	0.5464	0.2002	0.4378	0.3825
266	2.66	0.3406	0.8858	0.5628	0.3000	0.8966	0.3654	0.2591	0.4511	0.6208	0.2480	0.4795	0.3105	0.2416	0.3881	0.6268	0.2247	0.3930	0.2958	0.2150	0.2050	0.7051	0.2430	0.1531	0.6856	0.2707	0.1563	0.7291	0.1807	0.2136	0.2247	0.1996	0.1523	0.2372	0.2261	0.1580	0.1934	0.3203	0.8912	0.4641	0.3203	0.8912	0.4641	0.2401	0.0369	0.6665	0.1899	0.0428	0.2608	0.2038	0.2960	0.6264	0.1802	0.2991	0.3019	0.0160	-0.0054	0.0382	0.0094	-0.0002	-0.0374	0.3073	1.2901	0.4788	0.2098	0.6568	0.3771	0.0076	0.0265	-0.0466	0.2254	0.6533	0.5681	0.0130	0.0342	0.0449	-0.0523	-0.0153	-0.0871	-0.0500	-0.0256	0.0755	0.1786	-0.0491	0.1561	0.0621	0.0000	0.0000	0.0000	0.0000	0.0000	0.0037	0.0515	0.0000	-0.0657	-0.0355	-0.0531	-0.0642	-0.0388	0.0421	0.2075	-0.0348	-0.1333	0.0654	0.0000	0.0000	0.0000	0.0000	0.0000	0.0061	0.0512	0.0000	0.1939	1.3354	0.4756	0.3409	0.8857	0.5644	0.2997	0.8966	0.3639	0.3062	1.2912	0.5311	0.3085	1.2890	0.4266	0.2250	0.8293	0.4160	0.2503	0.8226	0.5392	0.1840	0.4572	0.6591	0.1829	0.4624	0.2785	0.1982	0.0616	0.6982	0.1408	0.0792	0.2289	0.1955	0.4505	0.6028	0.1915	0.4501	0.3305	0.2160	0.0691	0.6612	0.1637	0.0774	0.2599	0.1626	0.0360	0.6396	0.1126	0.0479	0.2658	0.3380	0.0381	0.7003	0.2876	0.0363	0.2545	0.1729	0.9567	0.4889	0.2339	0.0765	0.6241	0.1866	0.0756	0.2909	0.2069	0.4437	0.5464	0.2001	0.4378	0.3825
267	2.67	0.3405	0.8858	0.5628	0.3000	0.8966	0.3654	0.2590	0.4511	0.6208	0.2480	0.4794	0.3105	0.2416	0.3881	0.6268	0.2247	0.3930	0.2958	0.2149	0.2050	0.7050	0.2430	0.1532	0.6856	0.2706	0.1563	0.7291	0.1807	0.2136	0.2247	0.1996	0.1522	0.2372	0.2262	0.1580	0.1934	0.3202	0.8912	0.4641	0.3202	0.8912	0.4641	0.2402	0.0368	0.6663	0.1899	0.0428	0.2608	0.2038	0.2960	0.6264	0.1802	0.2992	0.3019	0.0160	-0.0054	0.0382	0.0094	-0.0001	-0.0374	0.3073	1.2901	0.4788	0.2097	0.6568	0.3770	0.0076	0.0264	-0.0466	0.2253	0.6533	0.5681	0.0129	0.0342	0.0449	-0.0523	-0.0152	-0.0871	-0.0500	-0.0255	0.0755	0.1785	-0.0491	0.1562	0.0621	0.0000	0.0000	0.0000	0.0000	0.0000	0.0037	0.0515	0.0000	-0.0657	-0.0355	-0.0531	-0.0642	-0.0387	0.0422	0.2075	-0.0348	-0.1333	0.0654	0.0000	0.0000	0.0000	0.0000	0.0000	0.0061	0.0512	0.0000	0.1939	1.3354	0.4756	0.3408	0.8857	0.5644	0.2997	0.8966	0.3639	0.3061	1.2912	0.5310	0.3085	1.2890	0.4266	0.2249	0.8294	0.4159	0.2502	0.8226	0.5391	0.1839	0.4572	0.6590	0.1829	0.4624	0.2785	0.1982	0.0616	0.6982	0.1408	0.0792	0.2288	0.1954	0.4505	0.6027	0.1914	0.4501	0.3305	0.2161	0.0691	0.6612	0.1637	0.0774	0.2598	0.1627	0.0358	0.6394	0.1125	0.0479	0.2658	0.3379	0.0381	0.7003	0.2876	0.0363	0.2545	0.1727	0.9567	0.4888	0.2339	0.0765	0.6242	0.1866	0.0757	0.2909	0.2069	0.4437	0.5464	0.2000	0.4378	0.3825
268	2.68	0.3404	0.8858	0.5628	0.2999	0.8966	0.3654	0.2589	0.4512	0.6208	0.2480	0.4795	0.3105	0.2415	0.3882	0.6268	0.2247	0.3930	0.2958	0.2149	0.2051	0.7050	0.2430	0.1532	0.6856	0.2706	0.1563	0.7291	0.1807	0.2136	0.2247	0.1996	0.1523	0.2372	0.2261	0.1580	0.1934	0.3202	0.8912	0.4641	0.3202	0.8912	0.4641	0.2402	0.0368	0.6663	0.1899	0.0428	0.2608	0.2038	0.2960	0.6264	0.1802	0.2992	0.3019	0.0160	-0.0054	0.0382	0.0094	-0.0002	-0.0374	0.3072	1.2901	0.4788	0.2096	0.6568	0.3770	0.0076	0.0264	-0.0466	0.2252	0.6533	0.5680	0.0129	0.0341	0.0449	-0.0523	-0.0152	-0.0871	-0.0500	-0.0255	0.0755	0.1785	-0.0492	0.1562	0.0621	0.0000	0.0000	0.0000	0.0000	0.0000	0.0037	0.0515	0.0000	-0.0657	-0.0355	-0.0532	-0.0642	-0.0387	0.0421	0.2075	-0.0348	-0.1334	0.0654	0.0000	0.0000	0.0000	0.0000	0.0000	0.0061	0.0512	0.0000	0.1939	1.3354	0.4756	0.3407	0.8858	0.5644	0.2996	0.8966	0.3638	0.3060	1.2912	0.5311	0.3085	1.2890	0.4266	0.2248	0.8294	0.4159	0.2501	0.8227	0.5391	0.1839	0.4572	0.6590	0.1828	0.4624	0.2784	0.1982	0.0616	0.6982	0.1408	0.0792	0.2288	0.1954	0.4505	0.6027	0.1914	0.4501	0.3305	0.2161	0.0691	0.6612	0.1637	0.0774	0.2598	0.1628	0.0358	0.6393	0.1126	0.0479	0.2658	0.3379	0.0381	0.7003	0.2876	0.0364	0.2545	0.1726	0.9568	0.4887	0.2339	0.0766	0.6242	0.1866	0.0757	0.2909	0.2069	0.4437	0.5464	0.1999	0.4378	0.3825
269	2.69	0.3403	0.8859	0.5628	0.2998	0.8966	0.3654	0.2589	0.4513	0.6209	0.2479	0.4795	0.3105	0.2415	0.3882	0.6268	0.2246	0.3931	0.2958	0.2149	0.2051	0.7050	0.2430	0.1532	0.6856	0.2705	0.1564	0.7292	0.1807	0.2137	0.2247	0.1995	0.1523	0.2372	0.2261	0.1580	0.1934	0.3200	0.8912	0.4641	0.3200	0.8912	0.4641	0.2402	0.0369	0.6663	0.1899	0.0428	0.2608	0.2037	0.2960	0.6264	0.1801	0.2992	0.3019	0.0160	-0.0055	0.0382	0.0094	-0.0002	-0.0374	0.3072	1.2901	0.4789	0.2095	0.6568	0.3770	0.0077	0.0265	-0.0466	0.2251	0.6533	0.5680	0.0130	0.0341	0.0449	-0.0523	-0.0151	-0.0871	-0.0501	-0.0255	0.0754	0.1785	-0.0492	0.1562	0.0621	0.0000	0.0000	0.0000	0.0000	0.0000	0.0037	0.0515	0.0000	-0.0657	-0.0354	-0.0532	-0.0642	-0.0387	0.0420	0.2075	-0.0349	-0.1333	0.0654	0.0000	0.0000	0.0000	0.0000	0.0000	0.0061	0.0512	0.0000	0.1939	1.3354	0.4756	0.3406	0.8858	0.5644	0.2995	0.8967	0.3638	0.3059	1.2912	0.5311	0.3084	1.2890	0.4266	0.2247	0.8294	0.4159	0.2500	0.8227	0.5391	0.1838	0.4572	0.6590	0.1827	0.4624	0.2784	0.1982	0.0616	0.6982	0.1409	0.0792	0.2288	0.1953	0.4505	0.6027	0.1913	0.4501	0.3304	0.2160	0.0691	0.6612	0.1637	0.0775	0.2599	0.1628	0.0358	0.6393	0.1126	0.0479	0.2658	0.3379	0.0382	0.7004	0.2876	0.0364	0.2545	0.1726	0.9567	0.4887	0.2339	0.0767	0.6241	0.1866	0.0757	0.2909	0.2068	0.4438	0.5463	0.1999	0.4379	0.3825
270	2.70	0.3401	0.8859	0.5629	0.2998	0.8966	0.3654	0.2588	0.4513	0.6209	0.2479	0.4795	0.3105	0.2414	0.3882	0.6268	0.2246	0.3931	0.2958	0.2148	0.2051	0.7050	0.2429	0.1533	0.6856	0.2705	0.1564	0.7292	0.1807	0.2137	0.2247	0.1995	0.1523	0.2372	0.2261	0.1580	0.1934	0.3200	0.8913	0.4641	0.3200	0.8913	0.4641	0.2401	0.0369	0.6664	0.1899	0.0428	0.2608	0.2037	0.2961	0.6263	0.1801	0.2992	0.3018	0.0160	-0.0054	0.0382	0.0094	-0.0002	-0.0374	0.3071	1.2901	0.4789	0.2095	0.6568	0.3770	0.0076	0.0265	-0.0466	0.2250	0.6534	0.5680	0.0130	0.0341	0.0449	-0.0523	-0.0151	-0.0871	-0.0500	-0.0255	0.0755	0.1785	-0.0492	0.1562	0.0621	0.0000	0.0000	0.0000	0.0000	0.0000	0.0038	0.0515	0.0000	-0.0656	-0.0354	-0.0532	-0.0642	-0.0387	0.0421	0.2075	-0.0349	-0.1333	0.0654	0.0000	0.0000	0.0000	0.0000	0.0000	0.0061	0.0512	0.0000	0.1939	1.3354	0.4756	0.3405	0.8858	0.5644	0.2995	0.8967	0.3638	0.3058	1.2912	0.5311	0.3084	1.2890	0.4267	0.2247	0.8294	0.4159	0.2499	0.8227	0.5391	0.1837	0.4572	0.6589	0.1827	0.4624	0.2784	0.1982	0.0616	0.6982	0.1408	0.0792	0.2288	0.1953	0.4505	0.6026	0.1913	0.4501	0.3304	0.2160	0.0692	0.6612	0.1637	0.0775	0.2598	0.1627	0.0359	0.6394	0.1125	0.0479	0.2658	0.3379	0.0382	0.7004	0.2876	0.0364	0.2545	0.1725	0.9568	0.4887	0.2339	0.0767	0.6242	0.1866	0.0757	0.2909	0.2068	0.4438	0.5463	0.1998	0.4379	0.3825
271	2.71	0.3400	0.8859	0.5629	0.2998	0.8966	0.3654	0.2587	0.4513	0.6208	0.2479	0.4795	0.3105	0.2414	0.3882	0.6268	0.2246	0.3931	0.2957	0.2147	0.2051	0.7050	0.2429	0.1532	0.6856	0.2704	0.1564	0.7292	0.1807	0.2137	0.2246	0.1995	0.1523	0.2372	0.2262	0.1580	0.1933	0.3199	0.8912	0.4641	0.3199	0.8912	0.4641	0.2400	0.0370	0.6665	0.1899	0.0428	0.2607	0.2036	0.2960	0.6263	0.1800	0.2992	0.3018	0.0160	-0.0054	0.0382	0.0094	-0.0002	-0.0374	0.3070	1.2900	0.4789	0.2094	0.6568	0.3769	0.0076	0.0264	-0.0467	0.2249	0.6533	0.5680	0.0130	0.0341	0.0449	-0.0522	-0.0151	-0.0871	-0.0500	-0.0255	0.0756	0.1785	-0.0492	0.1562	0.0621	0.0000	0.0000	0.0000	0.0000	0.0000	0.0038	0.0515	0.0000	-0.0656	-0.0354	-0.0532	-0.0642	-0.0387	0.0422	0.2075	-0.0349	-0.1333	0.0655	0.0000	0.0000	0.0000	0.0000	0.0000	0.0061	0.0512	0.0000	0.1938	1.3354	0.4755	0.3404	0.8858	0.5644	0.2995	0.8967	0.3638	0.3057	1.2911	0.5311	0.3083	1.2889	0.4267	0.2247	0.8294	0.4158	0.2498	0.8227	0.5391	0.1836	0.4572	0.6589	0.1827	0.4624	0.2783	0.1981	0.0616	0.6982	0.1408	0.0792	0.2287	0.1952	0.4505	0.6026	0.1912	0.4501	0.3304	0.2160	0.0691	0.6612	0.1636	0.0774	0.2598	0.1626	0.0360	0.6397	0.1125	0.0479	0.2657	0.3378	0.0382	0.7004	0.2875	0.0364	0.2545	0.1723	0.9567	0.4886	0.2339	0.0767	0.6242	0.1865	0.0757	0.2908	0.2068	0.4438	0.5463	0.1997	0.4378	0.3825
272	2.72	0.3399	0.8859	0.5629	0.2997	0.8966	0.3654	0.2586	0.4512	0.6209	0.2478	0.4795	0.3104	0.2413	0.3881	0.6268	0.2246	0.3930	0.2957	0.2147	0.2050	0.7050	0.2428	0.1532	0.6857	0.2703	0.1564	0.7292	0.1807	0.2137	0.2246	0.1995	0.1523	0.2371	0.2262	0.1580	0.1933	0.3198	0.8912	0.4641	0.3198	0.8912	0.4641	0.2401	0.0369	0.6665	0.1899	0.0427	0.2608	0.2036	0.2960	0.6263	0.1800	0.2991	0.3018	0.0160	-0.0055	0.0382	0.0094	-0.0002	-0.0374	0.3070	1.2900	0.4789	0.2094	0.6568	0.3769	0.0076	0.0264	-0.0467	0.2249	0.6533	0.5679	0.0130	0.0341	0.0449	-0.0523	-0.0151	-0.0871	-0.0501	-0.0256	0.0755	0.1785	-0.0492	0.1562	0.0621	0.0000	0.0000	0.0000	0.0000	0.0000	0.0038	0.0515	0.0000	-0.0656	-0.0354	-0.0531	-0.0643	-0.0388	0.0422	0.2075	-0.0349	-0.1333	0.0654	0.0000	0.0000	0.0000	0.0000	0.0000	0.0061	0.0513	0.0000	0.1938	1.3354	0.4755	0.3402	0.8858	0.5644	0.2994	0.8967	0.3638	0.3056	1.2911	0.5312	0.3083	1.2889	0.4267	0.2246	0.8294	0.4158	0.2497	0.8227	0.5390	0.1836	0.4571	0.6589	0.1827	0.4624	0.2783	0.1982	0.0616	0.6983	0.1408	0.0791	0.2288	0.1952	0.4504	0.6026	0.1912	0.4501	0.3304	0.2160	0.0691	0.6612	0.1636	0.0774	0.2598	0.1626	0.0359	0.6396	0.1125	0.0478	0.2657	0.3378	0.0382	0.7004	0.2875	0.0363	0.2545	0.1723	0.9567	0.4886	0.2339	0.0766	0.6242	0.1865	0.0756	0.2908	0.2068	0.4437	0.5463	0.1996	0.4377	0.3824
273	2.73	0.3399	0.8859	0.5629	0.2997	0.8966	0.3654	0.2586	0.4512	0.6209	0.2479	0.4795	0.3104	0.2413	0.3881	0.6268	0.2246	0.3931	0.2957	0.2147	0.2050	0.7050	0.2429	0.1532	0.6857	0.2703	0.1564	0.7293	0.1807	0.2136	0.2246	0.1995	0.1523	0.2371	0.2262	0.1580	0.1933	0.3198	0.8912	0.4641	0.3198	0.8912	0.4641	0.2401	0.0368	0.6664	0.1899	0.0427	0.2608	0.2036	0.2960	0.6263	0.1801	0.2991	0.3018	0.0160	-0.0055	0.0382	0.0094	-0.0002	-0.0374	0.3069	1.2899	0.4790	0.2094	0.6568	0.3769	0.0076	0.0265	-0.0467	0.2248	0.6533	0.5679	0.0130	0.0341	0.0449	-0.0523	-0.0150	-0.0871	-0.0502	-0.0256	0.0755	0.1785	-0.0492	0.1561	0.0621	0.0000	0.0000	0.0000	0.0000	0.0000	0.0038	0.0515	0.0000	-0.0657	-0.0354	-0.0531	-0.0643	-0.0388	0.0421	0.2075	-0.0349	-0.1333	0.0654	0.0000	0.0000	0.0000	0.0000	0.0000	0.0061	0.0512	0.0000	0.1938	1.3354	0.4755	0.3402	0.8858	0.5644	0.2994	0.8967	0.3638	0.3056	1.2910	0.5312	0.3083	1.2888	0.4267	0.2246	0.8294	0.4158	0.2496	0.8227	0.5390	0.1835	0.4571	0.6589	0.1827	0.4624	0.2783	0.1982	0.0616	0.6983	0.1408	0.0791	0.2288	0.1951	0.4504	0.6026	0.1912	0.4501	0.3304	0.2161	0.0691	0.6612	0.1637	0.0774	0.2598	0.1627	0.0357	0.6394	0.1126	0.0478	0.2658	0.3378	0.0382	0.7004	0.2876	0.0363	0.2545	0.1723	0.9567	0.4886	0.2339	0.0766	0.6242	0.1865	0.0756	0.2909	0.2068	0.4437	0.5463	0.1997	0.4377	0.3824
274	2.74	0.3398	0.8858	0.5629	0.2997	0.8966	0.3654	0.2586	0.4512	0.6209	0.2479	0.4795	0.3104	0.2413	0.3881	0.6268	0.2246	0.3930	0.2956	0.2146	0.2050	0.7050	0.2428	0.1532	0.6857	0.2703	0.1564	0.7293	0.1807	0.2136	0.2245	0.1996	0.1522	0.2371	0.2262	0.1579	0.1933	0.3197	0.8912	0.4641	0.3197	0.8912	0.4641	0.2401	0.0368	0.6663	0.1899	0.0428	0.2607	0.2036	0.2960	0.6263	0.1800	0.2991	0.3017	0.0160	-0.0055	0.0382	0.0094	-0.0002	-0.0374	0.3068	1.2899	0.4789	0.2094	0.6568	0.3769	0.0076	0.0264	-0.0467	0.2248	0.6533	0.5679	0.0130	0.0341	0.0449	-0.0523	-0.0150	-0.0871	-0.0500	-0.0255	0.0756	0.1785	-0.0492	0.1562	0.0621	0.0000	0.0000	0.0000	0.0000	0.0000	0.0038	0.0515	0.0000	-0.0657	-0.0354	-0.0531	-0.0642	-0.0387	0.0422	0.2075	-0.0349	-0.1333	0.0654	0.0000	0.0000	0.0000	0.0000	0.0000	0.0061	0.0512	0.0000	0.1938	1.3354	0.4754	0.3401	0.8858	0.5645	0.2994	0.8967	0.3638	0.3055	1.2910	0.5312	0.3082	1.2888	0.4267	0.2245	0.8294	0.4157	0.2495	0.8227	0.5390	0.1835	0.4571	0.6589	0.1828	0.4624	0.2782	0.1982	0.0616	0.6983	0.1408	0.0792	0.2287	0.1951	0.4504	0.6026	0.1912	0.4501	0.3303	0.2160	0.0691	0.6612	0.1637	0.0774	0.2597	0.1627	0.0357	0.6393	0.1125	0.0479	0.2656	0.3378	0.0382	0.7004	0.2876	0.0363	0.2545	0.1722	0.9567	0.4885	0.2339	0.0766	0.6242	0.1865	0.0756	0.2908	0.2067	0.4437	0.5463	0.1997	0.4377	0.3823
275	2.75	0.3397	0.8858	0.5629	0.2997	0.8966	0.3654	0.2585	0.4512	0.6209	0.2478	0.4794	0.3104	0.2412	0.3882	0.6267	0.2245	0.3930	0.2956	0.2146	0.2050	0.7050	0.2428	0.1532	0.6857	0.2703	0.1564	0.7292	0.1807	0.2136	0.2245	0.1996	0.1522	0.2371	0.2262	0.1579	0.1933	0.3197	0.8912	0.4642	0.3197	0.8912	0.4642	0.2401	0.0368	0.6663	0.1898	0.0428	0.2606	0.2035	0.2960	0.6263	0.1800	0.2991	0.3017	0.0160	-0.0055	0.0382	0.0094	-0.0001	-0.0374	0.3068	1.2899	0.4789	0.2093	0.6568	0.3768	0.0076	0.0264	-0.0466	0.2247	0.6533	0.5679	0.0129	0.0341	0.0449	-0.0523	-0.0151	-0.0871	-0.0500	-0.0255	0.0756	0.1785	-0.0491	0.1562	0.0621	0.0000	0.0000	0.0000	0.0000	0.0000	0.0038	0.0515	0.0000	-0.0657	-0.0354	-0.0531	-0.0642	-0.0387	0.0422	0.2074	-0.0349	-0.1333	0.0654	0.0000	0.0000	0.0000	0.0000	0.0000	0.0061	0.0512	0.0000	0.1937	1.3355	0.4753	0.3400	0.8857	0.5645	0.2994	0.8967	0.3638	0.3054	1.2910	0.5311	0.3081	1.2887	0.4267	0.2245	0.8294	0.4157	0.2494	0.8227	0.5390	0.1834	0.4571	0.6588	0.1828	0.4624	0.2782	0.1981	0.0616	0.6982	0.1408	0.0792	0.2286	0.1951	0.4504	0.6025	0.1912	0.4501	0.3302	0.2160	0.0691	0.6612	0.1636	0.0774	0.2597	0.1627	0.0357	0.6393	0.1124	0.0479	0.2655	0.3378	0.0382	0.7004	0.2875	0.0363	0.2545	0.1721	0.9568	0.4884	0.2339	0.0766	0.6242	0.1865	0.0756	0.2908	0.2067	0.4437	0.5463	0.1996	0.4378	0.3823
276	2.76	0.3396	0.8859	0.5629	0.2996	0.8966	0.3654	0.2585	0.4513	0.6209	0.2478	0.4794	0.3103	0.2412	0.3882	0.6268	0.2245	0.3930	0.2956	0.2146	0.2051	0.7050	0.2428	0.1532	0.6857	0.2703	0.1565	0.7292	0.1807	0.2136	0.2245	0.1996	0.1522	0.2370	0.2262	0.1579	0.1932	0.3196	0.8912	0.4641	0.3196	0.8912	0.4641	0.2401	0.0368	0.6663	0.1899	0.0428	0.2607	0.2035	0.2960	0.6263	0.1801	0.2992	0.3016	0.0160	-0.0055	0.0382	0.0094	-0.0002	-0.0374	0.3067	1.2899	0.4789	0.2093	0.6568	0.3768	0.0076	0.0265	-0.0466	0.2247	0.6533	0.5679	0.0129	0.0341	0.0449	-0.0523	-0.0151	-0.0871	-0.0500	-0.0254	0.0755	0.1785	-0.0491	0.1562	0.0621	0.0000	0.0000	0.0000	0.0000	0.0000	0.0038	0.0514	0.0000	-0.0657	-0.0355	-0.0531	-0.0642	-0.0387	0.0421	0.2075	-0.0349	-0.1332	0.0654	0.0000	0.0000	0.0000	0.0000	0.0000	0.0061	0.0512	0.0000	0.1937	1.3355	0.4753	0.3400	0.8858	0.5645	0.2993	0.8967	0.3638	0.3054	1.2910	0.5311	0.3081	1.2887	0.4267	0.2245	0.8294	0.4157	0.2494	0.8227	0.5390	0.1834	0.4571	0.6589	0.1828	0.4623	0.2782	0.1982	0.0616	0.6983	0.1409	0.0792	0.2286	0.1950	0.4504	0.6025	0.1912	0.4501	0.3302	0.2160	0.0691	0.6612	0.1637	0.0774	0.2597	0.1627	0.0357	0.6393	0.1125	0.0479	0.2655	0.3378	0.0382	0.7004	0.2876	0.0364	0.2545	0.1721	0.9567	0.4884	0.2339	0.0766	0.6242	0.1865	0.0757	0.2908	0.2066	0.4437	0.5462	0.1997	0.4378	0.3823
277	2.77	0.3396	0.8859	0.5629	0.2996	0.8966	0.3654	0.2585	0.4513	0.6209	0.2478	0.4795	0.3103	0.2412	0.3882	0.6268	0.2245	0.3931	0.2955	0.2146	0.2051	0.7050	0.2428	0.1533	0.6857	0.2703	0.1565	0.7292	0.1807	0.2137	0.2244	0.1995	0.1523	0.2370	0.2262	0.1580	0.1932	0.3196	0.8913	0.4641	0.3196	0.8913	0.4641	0.2401	0.0368	0.6663	0.1899	0.0428	0.2607	0.2035	0.2960	0.6263	0.1801	0.2992	0.3016	0.0160	-0.0055	0.0382	0.0094	-0.0002	-0.0374	0.3067	1.2899	0.4789	0.2093	0.6568	0.3768	0.0077	0.0264	-0.0466	0.2246	0.6533	0.5679	0.0130	0.0341	0.0449	-0.0523	-0.0152	-0.0871	-0.0501	-0.0254	0.0754	0.1785	-0.0490	0.1562	0.0621	0.0000	0.0000	0.0000	0.0000	0.0000	0.0038	0.0514	0.0000	-0.0657	-0.0356	-0.0531	-0.0642	-0.0386	0.0420	0.2075	-0.0349	-0.1332	0.0655	0.0000	0.0000	0.0000	0.0000	0.0000	0.0061	0.0513	0.0000	0.1937	1.3355	0.4753	0.3399	0.8858	0.5645	0.2993	0.8967	0.3638	0.3053	1.2911	0.5311	0.3081	1.2887	0.4267	0.2244	0.8294	0.4157	0.2494	0.8227	0.5390	0.1834	0.4572	0.6589	0.1827	0.4624	0.2781	0.1981	0.0616	0.6983	0.1409	0.0792	0.2285	0.1950	0.4504	0.6025	0.1912	0.4501	0.3302	0.2160	0.0692	0.6612	0.1637	0.0775	0.2596	0.1627	0.0357	0.6393	0.1125	0.0478	0.2655	0.3378	0.0382	0.7004	0.2875	0.0364	0.2545	0.1721	0.9567	0.4884	0.2338	0.0767	0.6242	0.1865	0.0757	0.2908	0.2066	0.4437	0.5462	0.1996	0.4379	0.3822
278	2.78	0.3396	0.8859	0.5629	0.2996	0.8966	0.3654	0.2584	0.4513	0.6209	0.2477	0.4795	0.3103	0.2412	0.3882	0.6268	0.2245	0.3931	0.2955	0.2146	0.2052	0.7050	0.2428	0.1533	0.6857	0.2703	0.1565	0.7292	0.1807	0.2137	0.2244	0.1995	0.1523	0.2370	0.2262	0.1580	0.1932	0.3196	0.8913	0.4641	0.3196	0.8913	0.4641	0.2401	0.0369	0.6663	0.1898	0.0428	0.2606	0.2034	0.2960	0.6263	0.1800	0.2992	0.3016	0.0160	-0.0055	0.0382	0.0094	-0.0002	-0.0374	0.3066	1.2899	0.4789	0.2093	0.6568	0.3768	0.0077	0.0264	-0.0466	0.2246	0.6533	0.5679	0.0130	0.0341	0.0449	-0.0523	-0.0153	-0.0871	-0.0500	-0.0255	0.0755	0.1786	-0.0489	0.1562	0.0621	0.0000	0.0000	0.0000	0.0000	0.0000	0.0038	0.0514	0.0000	-0.0657	-0.0356	-0.0531	-0.0642	-0.0387	0.0421	0.2075	-0.0349	-0.1333	0.0655	0.0000	0.0000	0.0000	0.0000	0.0000	0.0061	0.0512	0.0000	0.1937	1.3355	0.4752	0.3399	0.8858	0.5645	0.2993	0.8967	0.3638	0.3052	1.2911	0.5311	0.3080	1.2887	0.4267	0.2244	0.8294	0.4157	0.2493	0.8227	0.5390	0.1833	0.4572	0.6588	0.1827	0.4624	0.2781	0.1981	0.0616	0.6983	0.1408	0.0792	0.2285	0.1950	0.4505	0.6025	0.1911	0.4501	0.3302	0.2159	0.0692	0.6612	0.1636	0.0775	0.2596	0.1627	0.0358	0.6393	0.1124	0.0479	0.2655	0.3378	0.0383	0.7004	0.2875	0.0364	0.2545	0.1720	0.9567	0.4883	0.2338	0.0767	0.6242	0.1864	0.0757	0.2907	0.2066	0.4437	0.5463	0.1995	0.4379	0.3822
279	2.79	0.3395	0.8859	0.5629	0.2997	0.8967	0.3652	0.2584	0.4513	0.6209	0.2477	0.4795	0.3102	0.2411	0.3882	0.6268	0.2245	0.3931	0.2955	0.2146	0.2051	0.7050	0.2428	0.1533	0.6857	0.2703	0.1565	0.7292	0.1807	0.2136	0.2244	0.1995	0.1523	0.2370	0.2262	0.1580	0.1932	0.3196	0.8913	0.4641	0.3196	0.8913	0.4641	0.2401	0.0369	0.6664	0.1898	0.0428	0.2606	0.2035	0.2960	0.6263	0.1800	0.2992	0.3016	0.0160	-0.0055	0.0382	0.0094	-0.0002	-0.0374	0.3066	1.2898	0.4789	0.2093	0.6568	0.3767	0.0076	0.0264	-0.0466	0.2246	0.6533	0.5678	0.0130	0.0341	0.0449	-0.0524	-0.0153	-0.0870	-0.0500	-0.0255	0.0755	0.1786	-0.0488	0.1562	0.0621	0.0000	0.0000	0.0000	0.0000	0.0000	0.0038	0.0514	0.0000	-0.0657	-0.0356	-0.0530	-0.0642	-0.0387	0.0421	0.2075	-0.0349	-0.1332	0.0654	0.0000	0.0000	0.0000	0.0000	0.0000	0.0061	0.0512	0.0000	0.1937	1.3355	0.4751	0.3398	0.8858	0.5644	0.2994	0.8968	0.3637	0.3052	1.2910	0.5311	0.3080	1.2886	0.4267	0.2245	0.8294	0.4155	0.2493	0.8227	0.5388	0.1833	0.4571	0.6588	0.1827	0.4624	0.2781	0.1981	0.0616	0.6983	0.1408	0.0792	0.2285	0.1949	0.4504	0.6026	0.1911	0.4501	0.3301	0.2159	0.0691	0.6612	0.1636	0.0774	0.2596	0.1627	0.0358	0.6394	0.1125	0.0479	0.2655	0.3378	0.0382	0.7004	0.2875	0.0364	0.2545	0.1720	0.9567	0.4883	0.2338	0.0766	0.6242	0.1864	0.0757	0.2907	0.2066	0.4437	0.5463	0.1995	0.4378	0.3822
280	2.80	0.3395	0.8859	0.5629	0.3000	0.8968	0.3650	0.2584	0.4512	0.6210	0.2477	0.4795	0.3102	0.2411	0.3881	0.6268	0.2245	0.3930	0.2955	0.2146	0.2051	0.7051	0.2427	0.1532	0.6858	0.2703	0.1565	0.7292	0.1807	0.2136	0.2244	0.1995	0.1522	0.2370	0.2262	0.1580	0.1932	0.3198	0.8913	0.4639	0.3198	0.8913	0.4639	0.2400	0.0369	0.6665	0.1899	0.0427	0.2606	0.2034	0.2960	0.6263	0.1800	0.2991	0.3016	0.0160	-0.0054	0.0382	0.0094	-0.0002	-0.0374	0.3065	1.2898	0.4789	0.2095	0.6568	0.3765	0.0076	0.0264	-0.0467	0.2246	0.6533	0.5676	0.0130	0.0341	0.0449	-0.0524	-0.0154	-0.0870	-0.0501	-0.0255	0.0755	0.1787	-0.0486	0.1562	0.0621	0.0000	0.0000	0.0000	0.0000	0.0000	0.0038	0.0515	0.0000	-0.0657	-0.0357	-0.0529	-0.0643	-0.0387	0.0422	0.2075	-0.0349	-0.1332	0.0654	0.0000	0.0000	0.0000	0.0000	0.0000	0.0061	0.0513	0.0000	0.1937	1.3354	0.4751	0.3398	0.8858	0.5643	0.2998	0.8969	0.3636	0.3051	1.2910	0.5311	0.3080	1.2886	0.4267	0.2248	0.8294	0.4151	0.2494	0.8226	0.5385	0.1833	0.4571	0.6589	0.1827	0.4624	0.2781	0.1981	0.0616	0.6983	0.1408	0.0791	0.2285	0.1949	0.4504	0.6026	0.1911	0.4501	0.3301	0.2159	0.0691	0.6612	0.1636	0.0774	0.2596	0.1626	0.0359	0.6396	0.1125	0.0478	0.2655	0.3378	0.0382	0.7004	0.2875	0.0363	0.2545	0.1720	0.9567	0.4884	0.2338	0.0766	0.6242	0.1864	0.0756	0.2907	0.2066	0.4437	0.5463	0.1995	0.4378	0.3822
281	2.81	0.3395	0.8859	0.5629	0.3001	0.8968	0.3649	0.2584	0.4512	0.6210	0.2477	0.4795	0.3102	0.2411	0.3881	0.6268	0.2244	0.3930	0.2955	0.2145	0.2051	0.7050	0.2427	0.1532	0.6858	0.2703	0.1565	0.7292	0.1807	0.2136	0.2244	0.1995	0.1522	0.2370	0.2262	0.1580	0.1932	0.3198	0.8914	0.4639	0.3198	0.8914	0.4639	0.2400	0.0369	0.6664	0.1898	0.0427	0.2606	0.2034	0.2960	0.6263	0.1799	0.2991	0.3016	0.0160	-0.0055	0.0382	0.0094	-0.0002	-0.0374	0.3065	1.2897	0.4788	0.2095	0.6568	0.3764	0.0075	0.0264	-0.0467	0.2246	0.6532	0.5676	0.0131	0.0341	0.0449	-0.0525	-0.0155	-0.0869	-0.0501	-0.0255	0.0756	0.1788	-0.0484	0.1561	0.0621	0.0000	0.0000	0.0000	0.0000	0.0000	0.0038	0.0515	0.0000	-0.0658	-0.0357	-0.0528	-0.0642	-0.0387	0.0422	0.2075	-0.0349	-0.1333	0.0654	0.0000	0.0000	0.0000	0.0000	0.0000	0.0061	0.0513	0.0000	0.1937	1.3354	0.4751	0.3397	0.8858	0.5643	0.2998	0.8969	0.3635	0.3051	1.2909	0.5310	0.3079	1.2885	0.4267	0.2248	0.8294	0.4151	0.2494	0.8226	0.5384	0.1833	0.4571	0.6589	0.1827	0.4624	0.2781	0.1980	0.0616	0.6983	0.1408	0.0791	0.2285	0.1949	0.4504	0.6026	0.1911	0.4501	0.3301	0.2159	0.0691	0.6612	0.1636	0.0774	0.2596	0.1626	0.0358	0.6395	0.1124	0.0478	0.2655	0.3378	0.0382	0.7004	0.2875	0.0363	0.2545	0.1720	0.9567	0.4884	0.2338	0.0766	0.6242	0.1864	0.0756	0.2907	0.2066	0.4437	0.5463	0.1994	0.4378	0.3822
282	2.82	0.3395	0.8858	0.5630	0.3000	0.8968	0.3650	0.2584	0.4512	0.6210	0.2477	0.4795	0.3102	0.2411	0.3881	0.6268	0.2244	0.3930	0.2955	0.2146	0.2051	0.7050	0.2427	0.1532	0.6858	0.2704	0.1566	0.7292	0.1807	0.2136	0.2244	0.1995	0.1522	0.2370	0.2262	0.1579	0.1932	0.3197	0.8913	0.4640	0.3197	0.8913	0.4640	0.2400	0.0369	0.6665	0.1898	0.0428	0.2606	0.2034	0.2959	0.6263	0.1799	0.2991	0.3016	0.0160	-0.0055	0.0382	0.0094	-0.0002	-0.0374	0.3065	1.2897	0.4788	0.2094	0.6568	0.3765	0.0075	0.0264	-0.0467	0.2246	0.6532	0.5677	0.0131	0.0341	0.0449	-0.0525	-0.0156	-0.0869	-0.0500	-0.0255	0.0756	0.1788	-0.0483	0.1561	0.0621	0.0000	0.0000	0.0000	0.0000	0.0000	0.0038	0.0515	0.0000	-0.0658	-0.0358	-0.0528	-0.0642	-0.0387	0.0422	0.2075	-0.0350	-0.1333	0.0654	0.0000	0.0000	0.0000	0.0000	0.0000	0.0061	0.0513	0.0000	0.1937	1.3354	0.4751	0.3397	0.8858	0.5643	0.2997	0.8969	0.3636	0.3051	1.2909	0.5310	0.3079	1.2885	0.4266	0.2247	0.8294	0.4152	0.2493	0.8226	0.5385	0.1833	0.4571	0.6589	0.1827	0.4624	0.2781	0.1981	0.0615	0.6983	0.1408	0.0791	0.2285	0.1949	0.4504	0.6026	0.1911	0.4501	0.3301	0.2159	0.0690	0.6612	0.1636	0.0774	0.2596	0.1626	0.0359	0.6396	0.1125	0.0479	0.2655	0.3378	0.0382	0.7004	0.2875	0.0363	0.2545	0.1720	0.9567	0.4884	0.2338	0.0766	0.6242	0.1864	0.0756	0.2907	0.2066	0.4437	0.5463	0.1995	0.4377	0.3822
283	2.83	0.3395	0.8858	0.5630	0.2998	0.8967	0.3652	0.2584	0.4512	0.6210	0.2477	0.4795	0.3102	0.2411	0.3882	0.6269	0.2244	0.3930	0.2955	0.2146	0.2051	0.7051	0.2427	0.1532	0.6858	0.2704	0.1566	0.7292	0.1807	0.2136	0.2244	0.1995	0.1522	0.2370	0.2262	0.1579	0.1932	0.3196	0.8913	0.4641	0.3196	0.8913	0.4641	0.2401	0.0368	0.6663	0.1899	0.0428	0.2606	0.2034	0.2959	0.6263	0.1800	0.2991	0.3016	0.0160	-0.0055	0.0382	0.0094	-0.0002	-0.0374	0.3065	1.2897	0.4788	0.2093	0.6568	0.3766	0.0076	0.0264	-0.0466	0.2245	0.6533	0.5678	0.0130	0.0341	0.0449	-0.0526	-0.0157	-0.0868	-0.0500	-0.0255	0.0755	0.1789	-0.0481	0.1561	0.0621	0.0000	0.0000	0.0000	0.0000	0.0000	0.0038	0.0514	0.0000	-0.0659	-0.0359	-0.0527	-0.0642	-0.0387	0.0421	0.2075	-0.0349	-0.1333	0.0654	0.0000	0.0000	0.0000	0.0000	0.0000	0.0061	0.0513	0.0000	0.1937	1.3355	0.4750	0.3397	0.8857	0.5644	0.2995	0.8968	0.3637	0.3051	1.2909	0.5310	0.3079	1.2885	0.4266	0.2246	0.8294	0.4154	0.2493	0.8226	0.5387	0.1833	0.4571	0.6589	0.1827	0.4624	0.2781	0.1981	0.0616	0.6983	0.1408	0.0792	0.2285	0.1949	0.4504	0.6026	0.1911	0.4501	0.3301	0.2159	0.0690	0.6612	0.1636	0.0774	0.2596	0.1627	0.0358	0.6394	0.1125	0.0479	0.2655	0.3379	0.0382	0.7004	0.2875	0.0364	0.2545	0.1720	0.9567	0.4884	0.2338	0.0765	0.6242	0.1864	0.0756	0.2907	0.2066	0.4437	0.5463	0.1995	0.4378	0.3822
284	2.84	0.3395	0.8858	0.5630	0.2998	0.8967	0.3651	0.2584	0.4513	0.6210	0.2477	0.4794	0.3102	0.2411	0.3882	0.6268	0.2244	0.3930	0.2955	0.2146	0.2052	0.7050	0.2427	0.1533	0.6858	0.2704	0.1567	0.7291	0.1807	0.2136	0.2244	0.1995	0.1522	0.2370	0.2262	0.1579	0.1932	0.3197	0.8913	0.4640	0.3197	0.8913	0.4640	0.2401	0.0368	0.6662	0.1898	0.0428	0.2606	0.2034	0.2960	0.6263	0.1799	0.2992	0.3016	0.0160	-0.0055	0.0382	0.0094	-0.0002	-0.0374	0.3065	1.2897	0.4787	0.2093	0.6568	0.3766	0.0076	0.0264	-0.0466	0.2245	0.6533	0.5678	0.0130	0.0341	0.0449	-0.0526	-0.0158	-0.0868	-0.0500	-0.0255	0.0755	0.1789	-0.0480	0.1561	0.0621	0.0000	0.0000	0.0000	0.0000	0.0000	0.0038	0.0514	0.0000	-0.0659	-0.0360	-0.0527	-0.0642	-0.0387	0.0421	0.2075	-0.0349	-0.1333	0.0654	0.0000	0.0000	0.0000	0.0000	0.0000	0.0061	0.0513	0.0000	0.1937	1.3355	0.4749	0.3398	0.8858	0.5644	0.2996	0.8968	0.3637	0.3051	1.2909	0.5309	0.3079	1.2884	0.4266	0.2246	0.8294	0.4153	0.2493	0.8226	0.5387	0.1832	0.4572	0.6589	0.1826	0.4623	0.2781	0.1980	0.0616	0.6982	0.1408	0.0792	0.2285	0.1949	0.4504	0.6026	0.1910	0.4501	0.3301	0.2159	0.0691	0.6612	0.1636	0.0774	0.2596	0.1627	0.0357	0.6393	0.1125	0.0479	0.2654	0.3379	0.0382	0.7003	0.2875	0.0364	0.2545	0.1719	0.9567	0.4883	0.2337	0.0765	0.6241	0.1864	0.0757	0.2907	0.2065	0.4437	0.5463	0.1995	0.4378	0.3822
285	2.85	0.3395	0.8859	0.5629	0.2996	0.8966	0.3653	0.2584	0.4513	0.6209	0.2476	0.4795	0.3102	0.2411	0.3882	0.6268	0.2244	0.3931	0.2955	0.2146	0.2052	0.7050	0.2427	0.1533	0.6858	0.2705	0.1567	0.7291	0.1806	0.2136	0.2244	0.1995	0.1522	0.2370	0.2262	0.1580	0.1932	0.3196	0.8913	0.4641	0.3196	0.8913	0.4641	0.2401	0.0368	0.6662	0.1898	0.0428	0.2606	0.2034	0.2960	0.6263	0.1799	0.2992	0.3016	0.0160	-0.0055	0.0382	0.0094	-0.0002	-0.0374	0.3065	1.2897	0.4787	0.2092	0.6568	0.3768	0.0077	0.0264	-0.0466	0.2246	0.6533	0.5679	0.0129	0.0341	0.0449	-0.0526	-0.0160	-0.0868	-0.0500	-0.0255	0.0755	0.1789	-0.0478	0.1561	0.0621	0.0000	0.0000	0.0000	0.0000	0.0000	0.0038	0.0514	0.0000	-0.0659	-0.0361	-0.0527	-0.0642	-0.0387	0.0421	0.2075	-0.0349	-0.1333	0.0654	0.0000	0.0000	0.0000	0.0000	0.0000	0.0061	0.0513	0.0000	0.1937	1.3355	0.4749	0.3398	0.8858	0.5645	0.2993	0.8967	0.3638	0.3051	1.2909	0.5309	0.3079	1.2884	0.4265	0.2244	0.8294	0.4156	0.2493	0.8227	0.5389	0.1833	0.4572	0.6589	0.1826	0.4623	0.2781	0.1980	0.0616	0.6982	0.1408	0.0792	0.2285	0.1949	0.4505	0.6026	0.1910	0.4501	0.3302	0.2158	0.0691	0.6611	0.1636	0.0775	0.2596	0.1627	0.0358	0.6393	0.1125	0.0479	0.2655	0.3379	0.0382	0.7003	0.2875	0.0364	0.2545	0.1719	0.9567	0.4883	0.2337	0.0766	0.6241	0.1865	0.0757	0.2907	0.2065	0.4437	0.5463	0.1995	0.4379	0.3822
286	2.86	0.3395	0.8859	0.5629	0.2997	0.8967	0.3652	0.2584	0.4513	0.6210	0.2476	0.4795	0.3103	0.2412	0.3882	0.6268	0.2244	0.3931	0.2955	0.2146	0.2052	0.7050	0.2427	0.1533	0.6858	0.2705	0.1568	0.7291	0.1806	0.2136	0.2244	0.1995	0.1522	0.2370	0.2261	0.1580	0.1932	0.3196	0.8913	0.4641	0.3196	0.8913	0.4641	0.2401	0.0369	0.6663	0.1899	0.0428	0.2606	0.2034	0.2960	0.6263	0.1800	0.2992	0.3016	0.0160	-0.0055	0.0383	0.0094	-0.0002	-0.0374	0.3065	1.2897	0.4786	0.2093	0.6568	0.3767	0.0076	0.0264	-0.0466	0.2246	0.6533	0.5679	0.0130	0.0341	0.0449	-0.0527	-0.0160	-0.0868	-0.0501	-0.0255	0.0754	0.1790	-0.0477	0.1561	0.0621	0.0000	0.0000	0.0000	0.0000	0.0000	0.0038	0.0514	0.0000	-0.0659	-0.0362	-0.0526	-0.0642	-0.0387	0.0420	0.2076	-0.0348	-0.1332	0.0654	0.0000	0.0000	0.0000	0.0000	0.0000	0.0061	0.0513	0.0000	0.1937	1.3355	0.4749	0.3398	0.8858	0.5644	0.2994	0.8967	0.3638	0.3051	1.2909	0.5308	0.3078	1.2884	0.4264	0.2245	0.8294	0.4156	0.2493	0.8227	0.5389	0.1833	0.4572	0.6589	0.1826	0.4623	0.2781	0.1980	0.0616	0.6982	0.1408	0.0792	0.2285	0.1949	0.4505	0.6026	0.1910	0.4501	0.3302	0.2158	0.0691	0.6611	0.1637	0.0774	0.2596	0.1627	0.0358	0.6394	0.1125	0.0478	0.2655	0.3379	0.0382	0.7003	0.2875	0.0364	0.2545	0.1720	0.9567	0.4884	0.2336	0.0766	0.6240	0.1865	0.0757	0.2907	0.2065	0.4437	0.5463	0.1995	0.4378	0.3822
287	2.87	0.3395	0.8859	0.5630	0.2999	0.8968	0.3650	0.2584	0.4513	0.6210	0.2476	0.4794	0.3103	0.2411	0.3882	0.6269	0.2244	0.3930	0.2955	0.2146	0.2052	0.7050	0.2427	0.1532	0.6858	0.2705	0.1567	0.7291	0.1806	0.2136	0.2245	0.1994	0.1522	0.2370	0.2261	0.1580	0.1932	0.3197	0.8913	0.4640	0.3197	0.8913	0.4640	0.2400	0.0369	0.6664	0.1898	0.0427	0.2606	0.2034	0.2960	0.6263	0.1799	0.2991	0.3017	0.0160	-0.0054	0.0383	0.0094	-0.0002	-0.0374	0.3064	1.2896	0.4786	0.2094	0.6568	0.3766	0.0076	0.0264	-0.0467	0.2246	0.6533	0.5677	0.0130	0.0341	0.0449	-0.0527	-0.0161	-0.0868	-0.0501	-0.0255	0.0755	0.1791	-0.0476	0.1561	0.0621	0.0000	0.0000	0.0000	0.0000	0.0000	0.0038	0.0514	0.0000	-0.0659	-0.0362	-0.0525	-0.0642	-0.0387	0.0421	0.2076	-0.0348	-0.1332	0.0654	0.0000	0.0000	0.0000	0.0000	0.0000	0.0061	0.0513	0.0000	0.1937	1.3354	0.4748	0.3398	0.8858	0.5644	0.2997	0.8968	0.3636	0.3051	1.2909	0.5308	0.3078	1.2883	0.4264	0.2247	0.8294	0.4153	0.2494	0.8226	0.5386	0.1833	0.4572	0.6589	0.1825	0.4623	0.2782	0.1980	0.0615	0.6982	0.1408	0.0791	0.2286	0.1949	0.4504	0.6026	0.1910	0.4500	0.3302	0.2158	0.0690	0.6611	0.1636	0.0774	0.2597	0.1626	0.0359	0.6395	0.1124	0.0478	0.2655	0.3378	0.0381	0.7003	0.2875	0.0364	0.2545	0.1720	0.9567	0.4884	0.2336	0.0765	0.6241	0.1864	0.0757	0.2908	0.2065	0.4437	0.5463	0.1994	0.4378	0.3823
288	2.88	0.3396	0.8859	0.5630	0.2999	0.8967	0.3651	0.2584	0.4512	0.6210	0.2476	0.4794	0.3103	0.2411	0.3881	0.6269	0.2244	0.3930	0.2956	0.2146	0.2052	0.7050	0.2427	0.1532	0.6858	0.2705	0.1567	0.7291	0.1806	0.2136	0.2245	0.1995	0.1522	0.2370	0.2261	0.1579	0.1932	0.3197	0.8913	0.4640	0.3197	0.8913	0.4640	0.2401	0.0368	0.6663	0.1898	0.0427	0.2607	0.2034	0.2960	0.6263	0.1799	0.2991	0.3017	0.0160	-0.0054	0.0383	0.0094	-0.0002	-0.0374	0.3065	1.2895	0.4785	0.2093	0.6568	0.3766	0.0076	0.0264	-0.0467	0.2246	0.6533	0.5678	0.0131	0.0341	0.0449	-0.0527	-0.0162	-0.0867	-0.0501	-0.0255	0.0756	0.1791	-0.0475	0.1560	0.0621	0.0000	0.0000	0.0000	0.0000	0.0000	0.0038	0.0514	0.0000	-0.0660	-0.0362	-0.0525	-0.0642	-0.0387	0.0422	0.2075	-0.0349	-0.1332	0.0654	0.0000	0.0000	0.0000	0.0000	0.0000	0.0061	0.0513	0.0000	0.1937	1.3354	0.4748	0.3399	0.8858	0.5644	0.2996	0.8968	0.3637	0.3051	1.2908	0.5307	0.3078	1.2883	0.4263	0.2247	0.8294	0.4154	0.2494	0.8226	0.5387	0.1833	0.4571	0.6590	0.1826	0.4623	0.2782	0.1979	0.0615	0.6982	0.1407	0.0791	0.2286	0.1949	0.4504	0.6027	0.1910	0.4500	0.3303	0.2158	0.0690	0.6611	0.1636	0.0773	0.2597	0.1627	0.0357	0.6393	0.1124	0.0478	0.2655	0.3378	0.0381	0.7003	0.2875	0.0363	0.2545	0.1720	0.9566	0.4884	0.2336	0.0765	0.6240	0.1864	0.0756	0.2907	0.2065	0.4437	0.5464	0.1994	0.4377	0.3823
289	2.89	0.3396	0.8859	0.5630	0.2997	0.8966	0.3653	0.2584	0.4512	0.6211	0.2477	0.4795	0.3103	0.2412	0.3881	0.6269	0.2244	0.3930	0.2956	0.2147	0.2052	0.7051	0.2427	0.1532	0.6859	0.2706	0.1567	0.7291	0.1806	0.2136	0.2245	0.1995	0.1522	0.2371	0.2262	0.1580	0.1932	0.3196	0.8912	0.4641	0.3196	0.8912	0.4641	0.2401	0.0368	0.6663	0.1899	0.0427	0.2607	0.2034	0.2960	0.6264	0.1799	0.2991	0.3017	0.0160	-0.0054	0.0383	0.0094	-0.0002	-0.0374	0.3065	1.2895	0.4785	0.2093	0.6567	0.3768	0.0076	0.0264	-0.0467	0.2247	0.6533	0.5680	0.0130	0.0341	0.0449	-0.0528	-0.0162	-0.0867	-0.0501	-0.0256	0.0756	0.1792	-0.0474	0.1560	0.0621	0.0000	0.0000	0.0000	0.0000	0.0000	0.0038	0.0515	0.0000	-0.0660	-0.0363	-0.0524	-0.0643	-0.0388	0.0422	0.2075	-0.0349	-0.1333	0.0654	0.0000	0.0000	0.0000	0.0000	0.0000	0.0061	0.0512	0.0000	0.1938	1.3353	0.4748	0.3399	0.8858	0.5645	0.2994	0.8967	0.3638	0.3052	1.2908	0.5307	0.3078	1.2883	0.4262	0.2245	0.8293	0.4157	0.2494	0.8226	0.5390	0.1834	0.4571	0.6590	0.1826	0.4623	0.2782	0.1980	0.0615	0.6982	0.1408	0.0791	0.2286	0.1950	0.4504	0.6027	0.1910	0.4500	0.3303	0.2158	0.0690	0.6611	0.1636	0.0773	0.2597	0.1626	0.0358	0.6395	0.1125	0.0477	0.2656	0.3378	0.0381	0.7003	0.2875	0.0363	0.2545	0.1721	0.9566	0.4885	0.2336	0.0765	0.6240	0.1864	0.0756	0.2908	0.2066	0.4438	0.5464	0.1995	0.4377	0.3823
290	2.90	0.3397	0.8859	0.5630	0.2996	0.8965	0.3654	0.2585	0.4512	0.6211	0.2477	0.4794	0.3104	0.2412	0.3882	0.6270	0.2244	0.3930	0.2956	0.2147	0.2052	0.7051	0.2427	0.1532	0.6859	0.2706	0.1567	0.7291	0.1806	0.2136	0.2245	0.1995	0.1522	0.2371	0.2261	0.1580	0.1933	0.3196	0.8912	0.4642	0.3196	0.8912	0.4642	0.2401	0.0369	0.6664	0.1899	0.0427	0.2607	0.2034	0.2960	0.6264	0.1799	0.2991	0.3017	0.0160	-0.0054	0.0383	0.0094	-0.0002	-0.0374	0.3065	1.2895	0.4784	0.2092	0.6567	0.3769	0.0076	0.0264	-0.0467	0.2247	0.6533	0.5680	0.0130	0.0341	0.0449	-0.0528	-0.0163	-0.0866	-0.0500	-0.0255	0.0756	0.1792	-0.0473	0.1560	0.0621	0.0000	0.0000	0.0000	0.0000	0.0000	0.0038	0.0515	0.0000	-0.0660	-0.0363	-0.0523	-0.0642	-0.0388	0.0422	0.2074	-0.0349	-0.1334	0.0654	0.0000	0.0000	0.0000	0.0000	0.0000	0.0061	0.0512	0.0000	0.1938	1.3354	0.4748	0.3400	0.8858	0.5645	0.2993	0.8966	0.3639	0.3052	1.2908	0.5306	0.3078	1.2882	0.4262	0.2245	0.8293	0.4158	0.2494	0.8227	0.5391	0.1834	0.4571	0.6591	0.1826	0.4624	0.2782	0.1980	0.0615	0.6983	0.1408	0.0791	0.2286	0.1950	0.4505	0.6028	0.1910	0.4500	0.3303	0.2158	0.0690	0.6611	0.1636	0.0773	0.2597	0.1626	0.0359	0.6396	0.1125	0.0478	0.2656	0.3379	0.0381	0.7003	0.2875	0.0364	0.2545	0.1721	0.9567	0.4885	0.2336	0.0765	0.6240	0.1864	0.0756	0.2908	0.2066	0.4438	0.5464	0.1994	0.4377	0.3824
291	2.91	0.3398	0.8858	0.5630	0.2997	0.8965	0.3654	0.2586	0.4512	0.6211	0.2477	0.4794	0.3104	0.2413	0.3882	0.6269	0.2244	0.3930	0.2957	0.2148	0.2052	0.7051	0.2427	0.1532	0.6859	0.2707	0.1567	0.7291	0.1806	0.2136	0.2245	0.1995	0.1522	0.2371	0.2261	0.1579	0.1933	0.3197	0.8912	0.4642	0.3197	0.8912	0.4642	0.2401	0.0368	0.6663	0.1898	0.0428	0.2607	0.2035	0.2960	0.6264	0.1799	0.2991	0.3017	0.0160	-0.0054	0.0383	0.0094	-0.0002	-0.0374	0.3065	1.2895	0.4784	0.2093	0.6567	0.3769	0.0076	0.0264	-0.0467	0.2247	0.6533	0.5681	0.0130	0.0341	0.0449	-0.0528	-0.0164	-0.0866	-0.0500	-0.0255	0.0756	0.1793	-0.0473	0.1560	0.0621	0.0000	0.0000	0.0000	0.0000	0.0000	0.0038	0.0515	0.0000	-0.0660	-0.0364	-0.0523	-0.0642	-0.0387	0.0422	0.2074	-0.0349	-0.1334	0.0654	0.0000	0.0000	0.0000	0.0000	0.0000	0.0061	0.0512	0.0000	0.1938	1.3354	0.4747	0.3401	0.8857	0.5645	0.2993	0.8966	0.3639	0.3053	1.2908	0.5305	0.3078	1.2882	0.4262	0.2245	0.8293	0.4158	0.2495	0.8227	0.5391	0.1835	0.4571	0.6591	0.1826	0.4623	0.2783	0.1980	0.0615	0.6982	0.1408	0.0791	0.2286	0.1951	0.4505	0.6028	0.1910	0.4500	0.3303	0.2158	0.0690	0.6611	0.1636	0.0774	0.2597	0.1627	0.0358	0.6394	0.1125	0.0478	0.2656	0.3379	0.0381	0.7002	0.2875	0.0364	0.2545	0.1721	0.9567	0.4885	0.2336	0.0765	0.6241	0.1864	0.0756	0.2908	0.2066	0.4438	0.5465	0.1995	0.4377	0.3824
292	2.92	0.3399	0.8858	0.5630	0.2997	0.8964	0.3654	0.2587	0.4512	0.6210	0.2477	0.4794	0.3104	0.2413	0.3882	0.6269	0.2244	0.3930	0.2956	0.2149	0.2052	0.7051	0.2428	0.1532	0.6859	0.2708	0.1567	0.7291	0.1806	0.2136	0.2245	0.1995	0.1522	0.2371	0.2261	0.1579	0.1932	0.3198	0.8911	0.4642	0.3198	0.8911	0.4642	0.2402	0.0368	0.6662	0.1899	0.0428	0.2607	0.2035	0.2960	0.6264	0.1800	0.2991	0.3017	0.0160	-0.0054	0.0383	0.0094	-0.0002	-0.0374	0.3066	1.2895	0.4783	0.2093	0.6567	0.3770	0.0076	0.0264	-0.0466	0.2248	0.6533	0.5681	0.0130	0.0341	0.0449	-0.0528	-0.0164	-0.0866	-0.0500	-0.0255	0.0755	0.1793	-0.0473	0.1560	0.0621	0.0000	0.0000	0.0000	0.0000	0.0000	0.0038	0.0515	0.0000	-0.0661	-0.0364	-0.0524	-0.0642	-0.0387	0.0422	0.2074	-0.0348	-0.1334	0.0654	0.0000	0.0000	0.0000	0.0000	0.0000	0.0061	0.0512	0.0000	0.1939	1.3354	0.4748	0.3402	0.8857	0.5645	0.2994	0.8965	0.3639	0.3054	1.2908	0.5305	0.3078	1.2881	0.4261	0.2245	0.8293	0.4159	0.2496	0.8227	0.5391	0.1836	0.4572	0.6591	0.1826	0.4623	0.2783	0.1980	0.0615	0.6982	0.1408	0.0791	0.2286	0.1951	0.4505	0.6028	0.1911	0.4500	0.3303	0.2158	0.0690	0.6611	0.1637	0.0774	0.2597	0.1627	0.0357	0.6393	0.1125	0.0478	0.2656	0.3379	0.0381	0.7002	0.2876	0.0364	0.2545	0.1722	0.9567	0.4885	0.2336	0.0764	0.6240	0.1865	0.0756	0.2908	0.2067	0.4438	0.5465	0.1995	0.4377	0.3824
293	2.93	0.3400	0.8859	0.5630	0.2998	0.8964	0.3654	0.2588	0.4512	0.6211	0.2477	0.4794	0.3104	0.2414	0.3882	0.6270	0.2244	0.3930	0.2957	0.2149	0.2052	0.7051	0.2428	0.1532	0.6859	0.2708	0.1567	0.7291	0.1806	0.2136	0.2245	0.1995	0.1522	0.2371	0.2261	0.1580	0.1932	0.3199	0.8911	0.4642	0.3199	0.8911	0.4642	0.2401	0.0368	0.6663	0.1899	0.0428	0.2607	0.2035	0.2960	0.6265	0.1800	0.2991	0.3018	0.0160	-0.0054	0.0383	0.0094	-0.0002	-0.0374	0.3066	1.2895	0.4783	0.2093	0.6567	0.3770	0.0077	0.0264	-0.0466	0.2249	0.6533	0.5681	0.0130	0.0341	0.0449	-0.0529	-0.0165	-0.0866	-0.0500	-0.0255	0.0755	0.1793	-0.0472	0.1560	0.0621	0.0000	0.0000	0.0000	0.0000	0.0000	0.0038	0.0515	0.0000	-0.0661	-0.0365	-0.0523	-0.0642	-0.0387	0.0421	0.2075	-0.0349	-0.1333	0.0654	0.0000	0.0000	0.0000	0.0000	0.0000	0.0061	0.0513	0.0000	0.1939	1.3354	0.4748	0.3403	0.8858	0.5645	0.2995	0.8965	0.3639	0.3054	1.2909	0.5305	0.3077	1.2882	0.4261	0.2246	0.8293	0.4159	0.2497	0.8227	0.5392	0.1837	0.4572	0.6592	0.1826	0.4623	0.2783	0.1980	0.0615	0.6982	0.1408	0.0791	0.2286	0.1952	0.4505	0.6029	0.1911	0.4500	0.3304	0.2158	0.0690	0.6611	0.1637	0.0774	0.2597	0.1627	0.0358	0.6394	0.1125	0.0478	0.2656	0.3379	0.0381	0.7002	0.2876	0.0364	0.2545	0.1723	0.9567	0.4886	0.2335	0.0765	0.6240	0.1865	0.0756	0.2908	0.2067	0.4438	0.5465	0.1996	0.4378	0.3824
294	2.94	0.3401	0.8859	0.5630	0.2998	0.8964	0.3654	0.2588	0.4513	0.6211	0.2477	0.4794	0.3104	0.2414	0.3882	0.6270	0.2244	0.3930	0.2957	0.2149	0.2053	0.7051	0.2428	0.1532	0.6859	0.2709	0.1567	0.7291	0.1806	0.2136	0.2246	0.1994	0.1522	0.2371	0.2261	0.1580	0.1932	0.3199	0.8911	0.4642	0.3199	0.8911	0.4642	0.2400	0.0369	0.6664	0.1899	0.0428	0.2607	0.2035	0.2960	0.6265	0.1800	0.2991	0.3018	0.0160	-0.0054	0.0383	0.0094	-0.0002	-0.0374	0.3066	1.2896	0.4782	0.2094	0.6567	0.3770	0.0077	0.0264	-0.0466	0.2250	0.6534	0.5682	0.0130	0.0340	0.0449	-0.0529	-0.0165	-0.0866	-0.0500	-0.0255	0.0755	0.1793	-0.0471	0.1560	0.0621	0.0000	0.0000	0.0000	0.0000	0.0000	0.0037	0.0515	0.0000	-0.0661	-0.0365	-0.0523	-0.0642	-0.0387	0.0421	0.2075	-0.0349	-0.1333	0.0654	0.0000	0.0000	0.0000	0.0000	0.0000	0.0061	0.0513	0.0000	0.1939	1.3353	0.4748	0.3404	0.8858	0.5645	0.2995	0.8965	0.3639	0.3054	1.2909	0.5304	0.3077	1.2882	0.4260	0.2247	0.8292	0.4160	0.2498	0.8227	0.5392	0.1838	0.4572	0.6592	0.1825	0.4623	0.2783	0.1980	0.0615	0.6982	0.1408	0.0791	0.2287	0.1952	0.4505	0.6029	0.1911	0.4500	0.3304	0.2157	0.0690	0.6611	0.1636	0.0774	0.2597	0.1625	0.0360	0.6397	0.1125	0.0478	0.2657	0.3379	0.0381	0.7002	0.2875	0.0364	0.2545	0.1724	0.9567	0.4886	0.2335	0.0765	0.6240	0.1865	0.0756	0.2908	0.2067	0.4438	0.5466	0.1996	0.4378	0.3824
295	2.95	0.3402	0.8859	0.5629	0.2998	0.8963	0.3654	0.2589	0.4512	0.6211	0.2477	0.4793	0.3104	0.2415	0.3882	0.6270	0.2245	0.3930	0.2957	0.2150	0.2052	0.7051	0.2428	0.1532	0.6859	0.2709	0.1567	0.7290	0.1806	0.2136	0.2246	0.1994	0.1522	0.2371	0.2261	0.1579	0.1932	0.3200	0.8911	0.4642	0.3200	0.8911	0.4642	0.2400	0.0369	0.6664	0.1899	0.0427	0.2607	0.2036	0.2960	0.6265	0.1800	0.2991	0.3018	0.0160	-0.0054	0.0383	0.0094	-0.0002	-0.0374	0.3065	1.2896	0.4781	0.2094	0.6567	0.3770	0.0077	0.0264	-0.0466	0.2250	0.6534	0.5682	0.0130	0.0340	0.0449	-0.0529	-0.0166	-0.0865	-0.0500	-0.0255	0.0755	0.1794	-0.0470	0.1559	0.0621	0.0000	0.0000	0.0000	0.0000	0.0000	0.0038	0.0515	0.0000	-0.0661	-0.0365	-0.0522	-0.0642	-0.0387	0.0421	0.2075	-0.0349	-0.1333	0.0654	0.0000	0.0000	0.0000	0.0000	0.0000	0.0061	0.0513	0.0000	0.1939	1.3353	0.4748	0.3405	0.8858	0.5644	0.2995	0.8964	0.3639	0.3054	1.2910	0.5303	0.3077	1.2882	0.4260	0.2247	0.8292	0.4160	0.2499	0.8227	0.5392	0.1838	0.4572	0.6593	0.1825	0.4623	0.2784	0.1980	0.0615	0.6982	0.1408	0.0791	0.2287	0.1953	0.4505	0.6029	0.1911	0.4500	0.3304	0.2157	0.0690	0.6611	0.1636	0.0774	0.2597	0.1625	0.0360	0.6396	0.1125	0.0478	0.2657	0.3379	0.0381	0.7002	0.2875	0.0364	0.2544	0.1725	0.9567	0.4886	0.2335	0.0765	0.6240	0.1865	0.0756	0.2908	0.2067	0.4438	0.5466	0.1996	0.4377	0.3824
296	2.96	0.3403	0.8859	0.5629	0.2999	0.8963	0.3654	0.2589	0.4512	0.6212	0.2478	0.4793	0.3104	0.2415	0.3882	0.6270	0.2245	0.3930	0.2957	0.2150	0.2052	0.7052	0.2428	0.1531	0.6859	0.2710	0.1567	0.7290	0.1806	0.2136	0.2246	0.1994	0.1522	0.2371	0.2260	0.1580	0.1933	0.3201	0.8911	0.4642	0.3201	0.8911	0.4642	0.2401	0.0368	0.6663	0.1899	0.0427	0.2607	0.2036	0.2960	0.6265	0.1800	0.2991	0.3018	0.0160	-0.0054	0.0382	0.0094	-0.0002	-0.0374	0.3065	1.2896	0.4781	0.2095	0.6567	0.3771	0.0077	0.0264	-0.0466	0.2251	0.6534	0.5682	0.0130	0.0340	0.0449	-0.0530	-0.0167	-0.0865	-0.0500	-0.0254	0.0754	0.1794	-0.0470	0.1559	0.0621	0.0000	0.0000	0.0000	0.0000	0.0000	0.0038	0.0515	0.0000	-0.0661	-0.0366	-0.0522	-0.0642	-0.0387	0.0421	0.2075	-0.0349	-0.1333	0.0655	0.0000	0.0000	0.0000	0.0000	0.0000	0.0061	0.0513	0.0000	0.1939	1.3353	0.4748	0.3406	0.8859	0.5644	0.2996	0.8964	0.3639	0.3054	1.2910	0.5303	0.3076	1.2882	0.4259	0.2248	0.8292	0.4160	0.2500	0.8227	0.5393	0.1839	0.4572	0.6593	0.1826	0.4623	0.2784	0.1979	0.0614	0.6981	0.1409	0.0792	0.2287	0.1953	0.4505	0.6030	0.1911	0.4500	0.3304	0.2157	0.0690	0.6610	0.1637	0.0774	0.2598	0.1626	0.0358	0.6394	0.1125	0.0478	0.2657	0.3379	0.0381	0.7001	0.2875	0.0364	0.2544	0.1726	0.9566	0.4887	0.2335	0.0765	0.6240	0.1865	0.0756	0.2908	0.2067	0.4439	0.5466	0.1997	0.4377	0.3825
297	2.97	0.3405	0.8860	0.5629	0.3000	0.8964	0.3654	0.2591	0.4513	0.6212	0.2478	0.4794	0.3104	0.2416	0.3882	0.6270	0.2245	0.3930	0.2957	0.2151	0.2053	0.7052	0.2429	0.1532	0.6859	0.2710	0.1567	0.7290	0.1806	0.2136	0.2246	0.1995	0.1522	0.2371	0.2260	0.1580	0.1933	0.3202	0.8912	0.4641	0.3202	0.8912	0.4641	0.2401	0.0368	0.6663	0.1899	0.0427	0.2608	0.2036	0.2960	0.6265	0.1800	0.2991	0.3018	0.0160	-0.0053	0.0382	0.0094	-0.0002	-0.0374	0.3065	1.2896	0.4780	0.2096	0.6567	0.3771	0.0077	0.0264	-0.0467	0.2253	0.6534	0.5683	0.0130	0.0340	0.0450	-0.0531	-0.0169	-0.0865	-0.0501	-0.0255	0.0754	0.1794	-0.0470	0.1559	0.0621	0.0000	0.0000	0.0000	0.0000	0.0000	0.0037	0.0515	0.0000	-0.0662	-0.0367	-0.0522	-0.0643	-0.0387	0.0421	0.2075	-0.0349	-0.1333	0.0655	0.0000	0.0000	0.0000	0.0000	0.0000	0.0061	0.0512	0.0000	0.1939	1.3353	0.4749	0.3408	0.8859	0.5644	0.2996	0.8964	0.3639	0.3055	1.2910	0.5302	0.3076	1.2882	0.4258	0.2249	0.8292	0.4160	0.2502	0.8227	0.5393	0.1841	0.4572	0.6594	0.1826	0.4623	0.2784	0.1979	0.0614	0.6980	0.1408	0.0791	0.2288	0.1954	0.4506	0.6030	0.1912	0.4500	0.3305	0.2157	0.0690	0.6610	0.1637	0.0774	0.2598	0.1626	0.0358	0.6395	0.1126	0.0478	0.2658	0.3379	0.0381	0.7001	0.2875	0.0364	0.2545	0.1727	0.9566	0.4888	0.2335	0.0765	0.6239	0.1865	0.0756	0.2908	0.2068	0.4439	0.5467	0.1998	0.4377	0.3825
298	2.98	0.3406	0.8860	0.5629	0.3000	0.8964	0.3653	0.2592	0.4512	0.6211	0.2479	0.4794	0.3104	0.2417	0.3882	0.6270	0.2246	0.3930	0.2957	0.2152	0.2052	0.7052	0.2430	0.1531	0.6859	0.2711	0.1567	0.7290	0.1806	0.2136	0.2246	0.1995	0.1522	0.2371	0.2261	0.1580	0.1933	0.3203	0.8912	0.4641	0.3203	0.8912	0.4641	0.2400	0.0369	0.6664	0.1899	0.0428	0.2608	0.2037	0.2960	0.6265	0.1801	0.2991	0.3019	0.0160	-0.0054	0.0383	0.0094	-0.0002	-0.0374	0.3065	1.2896	0.4780	0.2097	0.6567	0.3771	0.0076	0.0264	-0.0466	0.2254	0.6534	0.5683	0.0130	0.0340	0.0449	-0.0530	-0.0167	-0.0865	-0.0500	-0.0255	0.0755	0.1795	-0.0470	0.1559	0.0621	0.0000	0.0000	0.0000	0.0000	0.0000	0.0037	0.0515	0.0000	-0.0662	-0.0366	-0.0522	-0.0642	-0.0387	0.0421	0.2075	-0.0349	-0.1333	0.0654	0.0000	0.0000	0.0000	0.0000	0.0000	0.0061	0.0512	0.0000	0.1939	1.3353	0.4749	0.3409	0.8859	0.5644	0.2997	0.8965	0.3639	0.3054	1.2911	0.5302	0.3075	1.2882	0.4258	0.2250	0.8292	0.4161	0.2503	0.8227	0.5393	0.1842	0.4572	0.6594	0.1827	0.4623	0.2784	0.1980	0.0615	0.6982	0.1408	0.0791	0.2288	0.1955	0.4506	0.6031	0.1913	0.4500	0.3305	0.2157	0.0690	0.6611	0.1637	0.0774	0.2598	0.1625	0.0361	0.6397	0.1126	0.0478	0.2658	0.3379	0.0381	0.7001	0.2876	0.0364	0.2544	0.1728	0.9566	0.4888	0.2335	0.0765	0.6240	0.1866	0.0756	0.2909	0.2069	0.4439	0.5467	0.1999	0.4377	0.3825
299	2.99	0.3407	0.8859	0.5629	0.3001	0.8964	0.3653	0.2593	0.4511	0.6211	0.2480	0.4793	0.3105	0.2418	0.3881	0.6270	0.2247	0.3929	0.2958	0.2153	0.2052	0.7052	0.2430	0.1531	0.6859	0.2712	0.1566	0.7290	0.1807	0.2136	0.2247	0.1995	0.1522	0.2372	0.2261	0.1579	0.1933	0.3204	0.8912	0.4641	0.3204	0.8912	0.4641	0.2400	0.0370	0.6664	0.1899	0.0428	0.2608	0.2038	0.2960	0.6266	0.1802	0.2991	0.3019	0.0160	-0.0054	0.0382	0.0094	-0.0002	-0.0374	0.3064	1.2896	0.4780	0.2098	0.6567	0.3771	0.0076	0.0265	-0.0466	0.2255	0.6534	0.5683	0.0130	0.0341	0.0449	-0.0531	-0.0168	-0.0864	-0.0500	-0.0255	0.0755	0.1795	-0.0469	0.1558	0.0621	0.0000	0.0000	0.0000	0.0000	0.0000	0.0037	0.0515	0.0000	-0.0662	-0.0367	-0.0521	-0.0642	-0.0387	0.0422	0.2074	-0.0349	-0.1333	0.0654	0.0000	0.0000	0.0000	0.0000	0.0000	0.0061	0.0512	0.0000	0.1938	1.3353	0.4748	0.3410	0.8859	0.5644	0.2998	0.8965	0.3639	0.3054	1.2911	0.5301	0.3074	1.2881	0.4258	0.2251	0.8292	0.4161	0.2504	0.8227	0.5393	0.1843	0.4572	0.6594	0.1828	0.4623	0.2785	0.1980	0.0614	0.6981	0.1408	0.0792	0.2288	0.1956	0.4506	0.6031	0.1914	0.4500	0.3305	0.2157	0.0689	0.6610	0.1637	0.0774	0.2598	0.1625	0.0361	0.6398	0.1125	0.0479	0.2658	0.3379	0.0380	0.7001	0.2876	0.0364	0.2544	0.1729	0.9566	0.4889	0.2335	0.0764	0.6240	0.1866	0.0756	0.2909	0.2070	0.4439	0.5467	0.2000	0.4377	0.3825
300	3.00	0.3409	0.8859	0.5629	0.3002	0.8964	0.3654	0.2594	0.4511	0.6211	0.2481	0.4794	0.3105	0.2419	0.3881	0.6271	0.2248	0.3929	0.2958	0.2153	0.2052	0.7052	0.2430	0.1531	0.6859	0.2712	0.1566	0.7290	0.1807	0.2136	0.2247	0.1996	0.1522	0.2372	0.2261	0.1579	0.1933	0.3205	0.8912	0.4641	0.3205	0.8912	0.4641	0.2400	0.0369	0.6665	0.1899	0.0428	0.2608	0.2038	0.2960	0.6265	0.1802	0.2991	0.3019	0.0160	-0.0053	0.0382	0.0094	-0.0002	-0.0374	0.3064	1.2896	0.4779	0.2099	0.6566	0.3772	0.0076	0.0265	-0.0466	0.2256	0.6534	0.5683	0.0130	0.0341	0.0449	-0.0532	-0.0171	-0.0864	-0.0500	-0.0255	0.0756	0.1795	-0.0468	0.1558	0.0621	0.0000	0.0000	0.0000	0.0000	0.0000	0.0037	0.0515	0.0000	-0.0663	-0.0368	-0.0520	-0.0642	-0.0387	0.0422	0.2074	-0.0350	-0.1333	0.0654	0.0000	0.0000	0.0000	0.0000	0.0000	0.0061	0.0512	0.0000	0.1938	1.3352	0.4749	0.3412	0.8859	0.5644	0.2999	0.8965	0.3639	0.3054	1.2911	0.5301	0.3074	1.2881	0.4257	0.2252	0.8292	0.4161	0.2506	0.8227	0.5393	0.1844	0.4572	0.6595	0.1829	0.4623	0.2785	0.1979	0.0613	0.6979	0.1408	0.0791	0.2289	0.1957	0.4506	0.6031	0.1915	0.4500	0.3305	0.2157	0.0689	0.6609	0.1637	0.0773	0.2599	0.1625	0.0361	0.6398	0.1126	0.0478	0.2659	0.3379	0.0380	0.7001	0.2876	0.0363	0.2544	0.1730	0.9566	0.4890	0.2335	0.0764	0.6240	0.1866	0.0756	0.2909	0.2071	0.4439	0.5468	0.2001	0.4377	0.3825
301	3.01	0.3411	0.8860	0.5629	0.3002	0.8964	0.3654	0.2596	0.4511	0.6211	0.2482	0.4794	0.3105	0.2420	0.3881	0.6271	0.2249	0.3930	0.2958	0.2154	0.2052	0.7052	0.2431	0.1531	0.6859	0.2713	0.1566	0.7290	0.1807	0.2136	0.2247	0.1996	0.1522	0.2372	0.2261	0.1580	0.1933	0.3207	0.8912	0.4641	0.3207	0.8912	0.4641	0.2401	0.0369	0.6665	0.1900	0.0427	0.2609	0.2039	0.2960	0.6265	0.1803	0.2991	0.3019	0.0160	-0.0053	0.0381	0.0094	-0.0002	-0.0374	0.3063	1.2896	0.4779	0.2100	0.6566	0.3772	0.0076	0.0265	-0.0466	0.2258	0.6534	0.5684	0.0131	0.0341	0.0449	-0.0533	-0.0171	-0.0864	-0.0501	-0.0256	0.0756	0.1796	-0.0469	0.1558	0.0621	0.0000	0.0000	0.0000	0.0000	0.0000	0.0037	0.0515	0.0000	-0.0663	-0.0368	-0.0520	-0.0643	-0.0388	0.0422	0.2074	-0.0349	-0.1334	0.0654	0.0000	0.0000	0.0000	0.0000	0.0000	0.0061	0.0512	0.0000	0.1938	1.3352	0.4750	0.3414	0.8859	0.5644	0.2999	0.8965	0.3639	0.3054	1.2911	0.5301	0.3073	1.2882	0.4257	0.2254	0.8292	0.4161	0.2508	0.8227	0.5393	0.1846	0.4572	0.6595	0.1830	0.4623	0.2785	0.1980	0.0613	0.6979	0.1408	0.0791	0.2290	0.1959	0.4506	0.6031	0.1916	0.4500	0.3305	0.2157	0.0689	0.6609	0.1637	0.0773	0.2599	0.1625	0.0361	0.6398	0.1127	0.0478	0.2660	0.3380	0.0380	0.7001	0.2876	0.0363	0.2544	0.1732	0.9565	0.4891	0.2335	0.0764	0.6239	0.1866	0.0756	0.2909	0.2072	0.4440	0.5467	0.2003	0.4376	0.3825
302	3.02	0.3412	0.8860	0.5629	0.3003	0.8964	0.3654	0.2597	0.4511	0.6211	0.2482	0.4794	0.3105	0.2421	0.3881	0.6271	0.2249	0.3929	0.2958	0.2155	0.2052	0.7052	0.2431	0.1531	0.6859	0.2714	0.1566	0.7290	0.1807	0.2136	0.2247	0.1996	0.1522	0.2372	0.2261	0.1579	0.1933	0.3208	0.8912	0.4641	0.3208	0.8912	0.4641	0.2401	0.0369	0.6665	0.1900	0.0427	0.2609	0.2040	0.2960	0.6265	0.1804	0.2991	0.3020	0.0160	-0.0054	0.0382	0.0094	-0.0002	-0.0374	0.3062	1.2897	0.4779	0.2101	0.6566	0.3772	0.0076	0.0265	-0.0466	0.2259	0.6534	0.5684	0.0130	0.0341	0.0449	-0.0532	-0.0170	-0.0864	-0.0500	-0.0256	0.0756	0.1796	-0.0469	0.1557	0.0621	0.0000	0.0000	0.0000	0.0000	0.0000	0.0037	0.0515	0.0000	-0.0663	-0.0368	-0.0520	-0.0642	-0.0388	0.0422	0.2073	-0.0349	-0.1335	0.0654	0.0000	0.0000	0.0000	0.0000	0.0000	0.0061	0.0512	0.0000	0.1938	1.3352	0.4750	0.3415	0.8859	0.5644	0.3000	0.8965	0.3639	0.3053	1.2912	0.5300	0.3072	1.2882	0.4257	0.2254	0.8292	0.4162	0.2509	0.8227	0.5394	0.1847	0.4573	0.6595	0.1830	0.4623	0.2786	0.1980	0.0614	0.6979	0.1408	0.0791	0.2290	0.1960	0.4506	0.6031	0.1917	0.4500	0.3305	0.2158	0.0689	0.6609	0.1638	0.0774	0.2600	0.1625	0.0361	0.6398	0.1127	0.0478	0.2660	0.3380	0.0380	0.7001	0.2877	0.0363	0.2544	0.1733	0.9565	0.4891	0.2335	0.0764	0.6239	0.1867	0.0756	0.2909	0.2073	0.4440	0.5468	0.2005	0.4376	0.3825
303	3.03	0.3414	0.8860	0.5629	0.3004	0.8964	0.3654	0.2598	0.4511	0.6210	0.2483	0.4793	0.3105	0.2422	0.3882	0.6270	0.2250	0.3929	0.2958	0.2156	0.2052	0.7052	0.2432	0.1531	0.6859	0.2714	0.1566	0.7289	0.1808	0.2136	0.2247	0.1996	0.1522	0.2372	0.2261	0.1579	0.1933	0.3209	0.8912	0.4641	0.3209	0.8912	0.4641	0.2401	0.0370	0.6664	0.1900	0.0428	0.2608	0.2040	0.2961	0.6266	0.1805	0.2991	0.3020	0.0160	-0.0053	0.0382	0.0094	-0.0002	-0.0374	0.3062	1.2897	0.4778	0.2102	0.6566	0.3773	0.0076	0.0265	-0.0466	0.2260	0.6534	0.5684	0.0130	0.0340	0.0449	-0.0531	-0.0170	-0.0865	-0.0500	-0.0255	0.0755	0.1796	-0.0469	0.1558	0.0621	0.0000	0.0000	0.0000	0.0000	0.0000	0.0037	0.0515	0.0000	-0.0662	-0.0367	-0.0521	-0.0642	-0.0387	0.0422	0.2074	-0.0350	-0.1334	0.0654	0.0000	0.0000	0.0000	0.0000	0.0000	0.0061	0.0512	0.0000	0.1937	1.3352	0.4750	0.3417	0.8859	0.5644	0.3001	0.8965	0.3639	0.3053	1.2912	0.5300	0.3070	1.2882	0.4256	0.2255	0.8292	0.4163	0.2511	0.8227	0.5394	0.1848	0.4573	0.6595	0.1831	0.4623	0.2786	0.1980	0.0614	0.6980	0.1409	0.0792	0.2290	0.1959	0.4507	0.6032	0.1918	0.4500	0.3306	0.2157	0.0689	0.6610	0.1638	0.0774	0.2599	0.1625	0.0361	0.6398	0.1126	0.0479	0.2660	0.3380	0.0380	0.7001	0.2876	0.0364	0.2544	0.1734	0.9566	0.4891	0.2335	0.0764	0.6239	0.1867	0.0756	0.2909	0.2071	0.4440	0.5469	0.2005	0.4377	0.3825
304	3.04	0.3415	0.8861	0.5629	0.3004	0.8964	0.3654	0.2599	0.4511	0.6210	0.2483	0.4793	0.3105	0.2423	0.3882	0.6270	0.2250	0.3929	0.2958	0.2156	0.2053	0.7052	0.2432	0.1531	0.6859	0.2715	0.1566	0.7289	0.1808	0.2136	0.2248	0.1996	0.1522	0.2372	0.2261	0.1579	0.1933	0.3210	0.8912	0.4641	0.3210	0.8912	0.4641	0.2401	0.0370	0.6664	0.1900	0.0428	0.2608	0.2039	0.2961	0.6266	0.1805	0.2991	0.3020	0.0159	-0.0053	0.0381	0.0094	-0.0002	-0.0374	0.3061	1.2897	0.4778	0.2103	0.6566	0.3773	0.0077	0.0265	-0.0465	0.2260	0.6535	0.5685	0.0129	0.0338	0.0449	-0.0532	-0.0171	-0.0865	-0.0500	-0.0255	0.0755	0.1796	-0.0470	0.1558	0.0621	0.0000	0.0000	0.0000	0.0000	0.0000	0.0038	0.0515	0.0000	-0.0663	-0.0368	-0.0522	-0.0642	-0.0387	0.0421	0.2074	-0.0349	-0.1333	0.0655	0.0000	0.0000	0.0000	0.0000	0.0000	0.0061	0.0512	0.0000	0.1936	1.3351	0.4751	0.3418	0.8860	0.5643	0.3001	0.8965	0.3639	0.3053	1.2913	0.5299	0.3069	1.2882	0.4256	0.2256	0.8292	0.4163	0.2512	0.8227	0.5395	0.1849	0.4574	0.6595	0.1832	0.4622	0.2786	0.1980	0.0614	0.6978	0.1409	0.0792	0.2290	0.1958	0.4507	0.6033	0.1919	0.4500	0.3306	0.2157	0.0689	0.6609	0.1638	0.0774	0.2599	0.1625	0.0361	0.6398	0.1126	0.0479	0.2660	0.3380	0.0380	0.7000	0.2876	0.0364	0.2544	0.1735	0.9566	0.4891	0.2334	0.0764	0.6240	0.1868	0.0757	0.2909	0.2067	0.4440	0.5470	0.2007	0.4377	0.3825
305	3.05	0.3417	0.8861	0.5629	0.3005	0.8964	0.3653	0.2600	0.4512	0.6210	0.2484	0.4794	0.3105	0.2423	0.3882	0.6269	0.2251	0.3929	0.2958	0.2157	0.2053	0.7052	0.2433	0.1531	0.6859	0.2716	0.1566	0.7289	0.1808	0.2137	0.2248	0.1996	0.1522	0.2372	0.2261	0.1580	0.1933	0.3211	0.8913	0.4641	0.3211	0.8913	0.4641	0.2401	0.0370	0.6664	0.1900	0.0428	0.2609	0.2039	0.2961	0.6266	0.1806	0.2991	0.3020	0.0160	-0.0053	0.0381	0.0095	-0.0002	-0.0374	0.3061	1.2898	0.4778	0.2104	0.6567	0.3773	0.0077	0.0265	-0.0465	0.2261	0.6535	0.5685	0.0129	0.0337	0.0450	-0.0533	-0.0172	-0.0865	-0.0500	-0.0255	0.0754	0.1796	-0.0472	0.1557	0.0621	0.0000	0.0000	0.0000	0.0000	0.0000	0.0038	0.0515	0.0000	-0.0663	-0.0368	-0.0522	-0.0642	-0.0387	0.0421	0.2074	-0.0349	-0.1333	0.0655	0.0000	0.0000	0.0000	0.0000	0.0000	0.0061	0.0512	0.0000	0.1936	1.3351	0.4752	0.3420	0.8860	0.5643	0.3002	0.8965	0.3639	0.3053	1.2913	0.5300	0.3069	1.2882	0.4256	0.2257	0.8292	0.4163	0.2514	0.8228	0.5395	0.1851	0.4574	0.6596	0.1833	0.4623	0.2786	0.1980	0.0614	0.6978	0.1409	0.0792	0.2290	0.1959	0.4507	0.6033	0.1920	0.4500	0.3306	0.2157	0.0689	0.6609	0.1639	0.0775	0.2600	0.1625	0.0362	0.6398	0.1127	0.0479	0.2661	0.3380	0.0381	0.7000	0.2877	0.0364	0.2544	0.1737	0.9566	0.4892	0.2334	0.0765	0.6239	0.1868	0.0757	0.2909	0.2067	0.4441	0.5471	0.2008	0.4377	0.3826
306	3.06	0.3418	0.8861	0.5628	0.3006	0.8964	0.3653	0.2601	0.4511	0.6210	0.2485	0.4794	0.3105	0.2421	0.3881	0.6268	0.2252	0.3929	0.2958	0.2157	0.2053	0.7052	0.2433	0.1531	0.6859	0.2716	0.1566	0.7289	0.1808	0.2137	0.2248	0.1997	0.1523	0.2372	0.2261	0.1580	0.1933	0.3212	0.8913	0.4641	0.3212	0.8913	0.4641	0.2401	0.0370	0.6664	0.1900	0.0428	0.2609	0.2039	0.2961	0.6267	0.1807	0.2991	0.3020	0.0159	-0.0053	0.0381	0.0094	-0.0002	-0.0374	0.3060	1.2898	0.4778	0.2105	0.6567	0.3773	0.0077	0.0265	-0.0466	0.2262	0.6535	0.5685	0.0129	0.0337	0.0450	-0.0532	-0.0172	-0.0865	-0.0501	-0.0255	0.0754	0.1795	-0.0474	0.1556	0.0621	0.0000	0.0000	0.0000	0.0000	0.0000	0.0038	0.0515	0.0000	-0.0662	-0.0368	-0.0522	-0.0642	-0.0387	0.0421	0.2074	-0.0349	-0.1333	0.0654	0.0000	0.0000	0.0000	0.0000	0.0000	0.0061	0.0512	0.0000	0.1936	1.3351	0.4753	0.3422	0.8860	0.5643	0.3003	0.8965	0.3639	0.3052	1.2913	0.5300	0.3068	1.2882	0.4256	0.2258	0.8292	0.4163	0.2515	0.8227	0.5395	0.1852	0.4574	0.6596	0.1833	0.4623	0.2787	0.1980	0.0614	0.6978	0.1409	0.0792	0.2290	0.1959	0.4508	0.6034	0.1921	0.4500	0.3306	0.2157	0.0689	0.6609	0.1639	0.0775	0.2600	0.1625	0.0362	0.6398	0.1127	0.0480	0.2661	0.3380	0.0381	0.7000	0.2877	0.0364	0.2544	0.1738	0.9566	0.4893	0.2334	0.0765	0.6240	0.1868	0.0757	0.2910	0.2067	0.4441	0.5471	0.2009	0.4377	0.3826
307	3.07	0.3420	0.8861	0.5628	0.3007	0.8965	0.3653	0.2601	0.4511	0.6210	0.2486	0.4794	0.3105	0.2424	0.3881	0.6270	0.2252	0.3929	0.2959	0.2158	0.2053	0.7052	0.2433	0.1531	0.6859	0.2716	0.1565	0.7289	0.1808	0.2137	0.2248	0.1997	0.1522	0.2372	0.2261	0.1580	0.1933	0.3213	0.8913	0.4641	0.3213	0.8913	0.4641	0.2401	0.0370	0.6664	0.1900	0.0428	0.2609	0.2040	0.2961	0.6267	0.1807	0.2991	0.3021	0.0159	-0.0053	0.0381	0.0094	-0.0002	-0.0374	0.3059	1.2898	0.4778	0.2106	0.6566	0.3774	0.0076	0.0265	-0.0466	0.2264	0.6535	0.5686	0.0129	0.0337	0.0449	-0.0532	-0.0171	-0.0865	-0.0500	-0.0255	0.0756	0.1796	-0.0471	0.1558	0.0621	0.0000	0.0000	0.0000	0.0000	0.0000	0.0038	0.0515	0.0000	-0.0662	-0.0368	-0.0522	-0.0642	-0.0387	0.0422	0.2073	-0.0350	-0.1334	0.0654	0.0000	0.0000	0.0000	0.0000	0.0000	0.0061	0.0512	0.0000	0.1935	1.3350	0.4753	0.3423	0.8860	0.5643	0.3004	0.8965	0.3639	0.3051	1.2913	0.5299	0.3066	1.2882	0.4256	0.2260	0.8292	0.4163	0.2517	0.8227	0.5395	0.1852	0.4574	0.6596	0.1834	0.4623	0.2787	0.1980	0.0614	0.6979	0.1409	0.0792	0.2291	0.1960	0.4508	0.6034	0.1922	0.4500	0.3307	0.2157	0.0689	0.6610	0.1638	0.0774	0.2600	0.1625	0.0362	0.6398	0.1126	0.0480	0.2661	0.3380	0.0380	0.7000	0.2877	0.0364	0.2544	0.1738	0.9565	0.4893	0.2334	0.0765	0.6240	0.1868	0.0756	0.2910	0.2068	0.4441	0.5471	0.2009	0.4377	0.3826
308	3.08	0.3422	0.8861	0.5628	0.3008	0.8965	0.3653	0.2602	0.4510	0.6210	0.2487	0.4794	0.3105	0.2425	0.3881	0.6271	0.2253	0.3929	0.2959	0.2158	0.2052	0.7053	0.2433	0.1530	0.6859	0.2716	0.1564	0.7289	0.1809	0.2137	0.2248	0.1998	0.1522	0.2372	0.2262	0.1579	0.1933	0.3215	0.8913	0.4641	0.3215	0.8913	0.4641	0.2401	0.0369	0.6664	0.1900	0.0428	0.2610	0.2041	0.2961	0.6268	0.1807	0.2991	0.3021	0.0160	-0.0053	0.0383	0.0094	-0.0002	-0.0374	0.3058	1.2897	0.4778	0.2107	0.6566	0.3774	0.0076	0.0265	-0.0466	0.2265	0.6534	0.5686	0.0130	0.0337	0.0449	-0.0531	-0.0169	-0.0865	-0.0500	-0.0256	0.0756	0.1796	-0.0470	0.1557	0.0621	0.0000	0.0000	0.0000	0.0000	0.0000	0.0038	0.0515	0.0000	-0.0662	-0.0367	-0.0521	-0.0642	-0.0388	0.0423	0.2073	-0.0349	-0.1335	0.0654	0.0000	0.0000	0.0000	0.0000	0.0000	0.0061	0.0512	0.0000	0.1935	1.3349	0.4754	0.3425	0.8860	0.5642	0.3005	0.8965	0.3639	0.3051	1.2913	0.5299	0.3066	1.2882	0.4256	0.2261	0.8292	0.4163	0.2519	0.8227	0.5395	0.1853	0.4573	0.6597	0.1835	0.4623	0.2787	0.1981	0.0614	0.6982	0.1408	0.0792	0.2291	0.1961	0.4507	0.6034	0.1922	0.4500	0.3307	0.2158	0.0689	0.6610	0.1638	0.0774	0.2600	0.1625	0.0361	0.6399	0.1127	0.0479	0.2662	0.3380	0.0380	0.7000	0.2877	0.0363	0.2544	0.1740	0.9565	0.4893	0.2335	0.0764	0.6239	0.1868	0.0756	0.2910	0.2069	0.4441	0.5472	0.2009	0.4376	0.3827
309	3.09	0.3423	0.8860	0.5628	0.3009	0.8965	0.3653	0.2603	0.4509	0.6211	0.2488	0.4794	0.3105	0.2427	0.3880	0.6272	0.2254	0.3929	0.2959	0.2159	0.2051	0.7053	0.2434	0.1529	0.6859	0.2717	0.1564	0.7289	0.1809	0.2136	0.2248	0.1998	0.1522	0.2373	0.2262	0.1579	0.1933	0.3216	0.8913	0.4640	0.3216	0.8913	0.4640	0.2401	0.0369	0.6665	0.1901	0.0427	0.2610	0.2042	0.2961	0.6268	0.1808	0.2990	0.3021	0.0160	-0.0053	0.0383	0.0094	-0.0002	-0.0374	0.3058	1.2897	0.4778	0.2108	0.6566	0.3774	0.0076	0.0265	-0.0467	0.2266	0.6534	0.5686	0.0130	0.0337	0.0449	-0.0531	-0.0168	-0.0864	-0.0501	-0.0256	0.0756	0.1796	-0.0469	0.1557	0.0621	0.0000	0.0000	0.0000	0.0000	0.0000	0.0038	0.0515	0.0000	-0.0662	-0.0367	-0.0521	-0.0643	-0.0388	0.0423	0.2073	-0.0350	-0.1334	0.0654	0.0000	0.0000	0.0000	0.0000	0.0000	0.0061	0.0512	0.0000	0.1935	1.3348	0.4755	0.3426	0.8859	0.5642	0.3006	0.8966	0.3638	0.3051	1.2912	0.5300	0.3065	1.2882	0.4256	0.2262	0.8291	0.4163	0.2520	0.8226	0.5394	0.1855	0.4573	0.6597	0.1836	0.4623	0.2787	0.1982	0.0614	0.6983	0.1409	0.0791	0.2292	0.1962	0.4507	0.6034	0.1923	0.4499	0.3307	0.2158	0.0689	0.6611	0.1639	0.0773	0.2601	0.1625	0.0361	0.6399	0.1128	0.0478	0.2663	0.3380	0.0379	0.7001	0.2877	0.0363	0.2544	0.1742	0.9564	0.4895	0.2335	0.0764	0.6239	0.1868	0.0755	0.2910	0.2070	0.4441	0.5472	0.2011	0.4376	0.3827
310	3.10	0.3425	0.8860	0.5628	0.3010	0.8965	0.3653	0.2604	0.4510	0.6211	0.2488	0.4794	0.3105	0.2426	0.3880	0.6271	0.2254	0.3929	0.2959	0.2160	0.2052	0.7053	0.2434	0.1529	0.6859	0.2718	0.1564	0.7289	0.1809	0.2136	0.2248	0.1998	0.1522	0.2373	0.2262	0.1579	0.1933	0.3217	0.8912	0.4640	0.3217	0.8912	0.4640	0.2401	0.0369	0.6665	0.1901	0.0428	0.2610	0.2042	0.2961	0.6268	0.1808	0.2990	0.3021	0.0160	-0.0053	0.0382	0.0094	-0.0002	-0.0374	0.3057	1.2897	0.4778	0.2109	0.6566	0.3774	0.0076	0.0265	-0.0466	0.2267	0.6534	0.5686	0.0130	0.0337	0.0449	-0.0530	-0.0168	-0.0864	-0.0501	-0.0256	0.0756	0.1796	-0.0470	0.1557	0.0621	0.0000	0.0000	0.0000	0.0000	0.0000	0.0038	0.0514	0.0000	-0.0661	-0.0367	-0.0521	-0.0643	-0.0388	0.0423	0.2073	-0.0350	-0.1335	0.0654	0.0000	0.0000	0.0000	0.0000	0.0000	0.0061	0.0512	0.0000	0.1934	1.3348	0.4756	0.3428	0.8859	0.5642	0.3007	0.8966	0.3638	0.3051	1.2913	0.5300	0.3064	1.2881	0.4256	0.2263	0.8292	0.4163	0.2522	0.8226	0.5394	0.1856	0.4573	0.6597	0.1836	0.4623	0.2787	0.1982	0.0615	0.6983	0.1409	0.0791	0.2292	0.1963	0.4507	0.6035	0.1924	0.4499	0.3307	0.2158	0.0689	0.6611	0.1639	0.0774	0.2601	0.1625	0.0361	0.6399	0.1128	0.0479	0.2663	0.3380	0.0380	0.7000	0.2877	0.0363	0.2544	0.1743	0.9564	0.4894	0.2334	0.0764	0.6240	0.1869	0.0756	0.2910	0.2071	0.4441	0.5472	0.2011	0.4376	0.3827
311	3.11	0.3426	0.8860	0.5627	0.3010	0.8965	0.3653	0.2605	0.4510	0.6210	0.2488	0.4793	0.3105	0.2423	0.3879	0.6267	0.2255	0.3929	0.2959	0.2160	0.2052	0.7052	0.2435	0.1530	0.6858	0.2718	0.1564	0.7288	0.1809	0.2136	0.2248	0.1998	0.1522	0.2373	0.2262	0.1579	0.1933	0.3218	0.8912	0.4640	0.3218	0.8912	0.4640	0.2401	0.0370	0.6664	0.1901	0.0429	0.2609	0.2042	0.2961	0.6268	0.1809	0.2991	0.3021	0.0159	-0.0053	0.0382	0.0094	-0.0002	-0.0374	0.3057	1.2897	0.4778	0.2109	0.6567	0.3774	0.0077	0.0265	-0.0466	0.2268	0.6534	0.5686	0.0129	0.0337	0.0449	-0.0530	-0.0168	-0.0865	-0.0499	-0.0255	0.0756	0.1796	-0.0475	0.1555	0.0621	0.0000	0.0000	0.0000	0.0000	0.0000	0.0038	0.0514	0.0000	-0.0662	-0.0366	-0.0522	-0.0641	-0.0387	0.0423	0.2073	-0.0349	-0.1335	0.0654	0.0000	0.0000	0.0000	0.0000	0.0000	0.0061	0.0512	0.0000	0.1933	1.3348	0.4755	0.3429	0.8859	0.5642	0.3007	0.8966	0.3638	0.3050	1.2914	0.5299	0.3063	1.2881	0.4256	0.2263	0.8292	0.4164	0.2523	0.8226	0.5395	0.1856	0.4574	0.6597	0.1836	0.4623	0.2787	0.1982	0.0615	0.6982	0.1409	0.0793	0.2291	0.1964	0.4508	0.6034	0.1924	0.4500	0.3307	0.2158	0.0689	0.6611	0.1639	0.0774	0.2600	0.1625	0.0362	0.6398	0.1127	0.0480	0.2662	0.3380	0.0380	0.7000	0.2877	0.0363	0.2543	0.1743	0.9565	0.4894	0.2334	0.0764	0.6240	0.1869	0.0756	0.2910	0.2071	0.4441	0.5472	0.2012	0.4377	0.3827
312	3.12	0.3428	0.8860	0.5627	0.3012	0.8965	0.3651	0.2606	0.4511	0.6210	0.2489	0.4794	0.3105	0.2425	0.3880	0.6268	0.2255	0.3929	0.2959	0.2160	0.2053	0.7052	0.2435	0.1531	0.6858	0.2718	0.1565	0.7288	0.1809	0.2137	0.2248	0.1998	0.1523	0.2373	0.2262	0.1579	0.1933	0.3220	0.8913	0.4639	0.3220	0.8913	0.4639	0.2401	0.0370	0.6664	0.1901	0.0429	0.2609	0.2043	0.2962	0.6268	0.1809	0.2992	0.3021	0.0159	-0.0053	0.0382	0.0094	-0.0002	-0.0374	0.3057	1.2898	0.4778	0.2111	0.6567	0.3773	0.0077	0.0265	-0.0466	0.2270	0.6535	0.5685	0.0129	0.0337	0.0449	-0.0530	-0.0168	-0.0866	-0.0499	-0.0255	0.0756	0.1795	-0.0475	0.1556	0.0621	0.0000	0.0000	0.0000	0.0000	0.0000	0.0038	0.0514	0.0000	-0.0661	-0.0366	-0.0523	-0.0641	-0.0387	0.0422	0.2073	-0.0350	-0.1334	0.0654	0.0000	0.0000	0.0000	0.0000	0.0000	0.0061	0.0512	0.0000	0.1933	1.3348	0.4756	0.3431	0.8859	0.5641	0.3009	0.8966	0.3637	0.3051	1.2914	0.5299	0.3063	1.2882	0.4256	0.2266	0.8292	0.4162	0.2525	0.8227	0.5393	0.1857	0.4575	0.6597	0.1837	0.4623	0.2787	0.1982	0.0616	0.6982	0.1409	0.0793	0.2291	0.1964	0.4508	0.6034	0.1925	0.4500	0.3307	0.2158	0.0690	0.6611	0.1639	0.0775	0.2600	0.1625	0.0362	0.6398	0.1127	0.0481	0.2662	0.3380	0.0380	0.6999	0.2877	0.0364	0.2543	0.1745	0.9566	0.4894	0.2333	0.0764	0.6240	0.1869	0.0757	0.2910	0.2071	0.4441	0.5472	0.2013	0.4378	0.3827
313	3.13	0.3429	0.8860	0.5626	0.3017	0.8967	0.3648	0.2607	0.4511	0.6210	0.2489	0.4794	0.3105	0.2429	0.3882	0.6271	0.2255	0.3929	0.2958	0.2161	0.2053	0.7053	0.2436	0.1531	0.6858	0.2719	0.1565	0.7288	0.1809	0.2137	0.2248	0.1998	0.1523	0.2373	0.2262	0.1580	0.1933	0.3223	0.8914	0.4637	0.3223	0.8914	0.4637	0.2401	0.0370	0.6664	0.1901	0.0429	0.2610	0.2043	0.2962	0.6268	0.1810	0.2992	0.3021	0.0159	-0.0053	0.0382	0.0095	-0.0002	-0.0374	0.3057	1.2898	0.4778	0.2113	0.6567	0.3771	0.0077	0.0265	-0.0466	0.2271	0.6534	0.5683	0.0130	0.0337	0.0450	-0.0530	-0.0168	-0.0866	-0.0501	-0.0255	0.0754	0.1796	-0.0471	0.1558	0.0621	0.0000	0.0000	0.0000	0.0000	0.0000	0.0038	0.0514	0.0000	-0.0661	-0.0367	-0.0523	-0.0642	-0.0387	0.0421	0.2074	-0.0350	-0.1334	0.0654	0.0000	0.0000	0.0000	0.0000	0.0000	0.0061	0.0512	0.0000	0.1934	1.3347	0.4758	0.3432	0.8860	0.5639	0.3014	0.8968	0.3635	0.3051	1.2915	0.5300	0.3063	1.2882	0.4256	0.2270	0.8293	0.4158	0.2527	0.8226	0.5389	0.1859	0.4575	0.6597	0.1837	0.4623	0.2788	0.1982	0.0616	0.6982	0.1410	0.0793	0.2292	0.1965	0.4508	0.6035	0.1926	0.4500	0.3307	0.2158	0.0690	0.6611	0.1640	0.0775	0.2601	0.1625	0.0362	0.6399	0.1128	0.0480	0.2663	0.3381	0.0381	0.7000	0.2878	0.0364	0.2543	0.1747	0.9565	0.4895	0.2333	0.0764	0.6241	0.1870	0.0758	0.2910	0.2072	0.4441	0.5472	0.2014	0.4378	0.3827
314	3.14	0.3431	0.8860	0.5626	0.3017	0.8967	0.3648	0.2607	0.4511	0.6210	0.2490	0.4794	0.3105	0.2429	0.3881	0.6270	0.2256	0.3929	0.2958	0.2161	0.2053	0.7053	0.2435	0.1530	0.6858	0.2719	0.1564	0.7288	0.1809	0.2137	0.2248	0.1998	0.1523	0.2373	0.2262	0.1580	0.1933	0.3224	0.8913	0.4637	0.3224	0.8913	0.4637	0.2401	0.0370	0.6664	0.1901	0.0429	0.2610	0.2043	0.2961	0.6268	0.1810	0.2991	0.3021	0.0159	-0.0053	0.0382	0.0095	-0.0002	-0.0374	0.3057	1.2898	0.4778	0.2114	0.6567	0.3771	0.0076	0.0265	-0.0466	0.2272	0.6534	0.5683	0.0130	0.0337	0.0450	-0.0530	-0.0168	-0.0865	-0.0501	-0.0255	0.0755	0.1796	-0.0471	0.1558	0.0621	0.0000	0.0000	0.0000	0.0000	0.0000	0.0038	0.0514	0.0000	-0.0661	-0.0367	-0.0522	-0.0642	-0.0387	0.0421	0.2074	-0.0349	-0.1334	0.0655	0.0000	0.0000	0.0000	0.0000	0.0000	0.0061	0.0512	0.0000	0.1934	1.3346	0.4758	0.3434	0.8859	0.5639	0.3014	0.8967	0.3635	0.3051	1.2914	0.5300	0.3062	1.2882	0.4256	0.2270	0.8293	0.4159	0.2528	0.8226	0.5390	0.1859	0.4575	0.6597	0.1837	0.4623	0.2788	0.1982	0.0615	0.6982	0.1410	0.0793	0.2292	0.1966	0.4508	0.6034	0.1926	0.4500	0.3308	0.2158	0.0690	0.6611	0.1640	0.0775	0.2601	0.1625	0.0362	0.6399	0.1128	0.0480	0.2663	0.3380	0.0380	0.7000	0.2877	0.0364	0.2543	0.1748	0.9565	0.4895	0.2334	0.0764	0.6240	0.1870	0.0757	0.2910	0.2072	0.4441	0.5472	0.2014	0.4378	0.3827
315	3.15	0.3432	0.8859	0.5626	0.3014	0.8965	0.3651	0.2607	0.4510	0.6210	0.2490	0.4794	0.3105	0.2427	0.3880	0.6268	0.2256	0.3929	0.2958	0.2161	0.2052	0.7052	0.2435	0.1530	0.6858	0.2719	0.1564	0.7288	0.1810	0.2137	0.2249	0.1998	0.1523	0.2373	0.2262	0.1579	0.1933	0.3223	0.8912	0.4638	0.3223	0.8912	0.4638	0.2400	0.0369	0.6664	0.1901	0.0429	0.2610	0.2044	0.2961	0.6268	0.1810	0.2991	0.3021	0.0160	-0.0053	0.0382	0.0094	-0.0002	-0.0374	0.3056	1.2898	0.4778	0.2112	0.6567	0.3773	0.0077	0.0264	-0.0466	0.2272	0.6534	0.5685	0.0130	0.0337	0.0449	-0.0530	-0.0168	-0.0865	-0.0500	-0.0256	0.0755	0.1796	-0.0474	0.1557	0.0621	0.0000	0.0000	0.0000	0.0000	0.0000	0.0038	0.0515	0.0000	-0.0661	-0.0366	-0.0522	-0.0642	-0.0388	0.0422	0.2074	-0.0349	-0.1334	0.0654	0.0000	0.0000	0.0000	0.0000	0.0000	0.0061	0.0512	0.0000	0.1933	1.3346	0.4759	0.3435	0.8858	0.5640	0.3011	0.8966	0.3637	0.3051	1.2914	0.5300	0.3062	1.2882	0.4257	0.2268	0.8292	0.4162	0.2528	0.8226	0.5393	0.1859	0.4574	0.6597	0.1838	0.4623	0.2788	0.1982	0.0615	0.6982	0.1409	0.0792	0.2292	0.1966	0.4508	0.6034	0.1926	0.4500	0.3307	0.2158	0.0690	0.6611	0.1639	0.0774	0.2601	0.1624	0.0361	0.6399	0.1127	0.0480	0.2663	0.3380	0.0380	0.7000	0.2877	0.0363	0.2543	0.1749	0.9565	0.4895	0.2334	0.0764	0.6239	0.1869	0.0756	0.2910	0.2073	0.4441	0.5472	0.2014	0.4377	0.3827
316	3.16	0.3433	0.8859	0.5625	0.3009	0.8968	0.3645	0.2608	0.4509	0.6210	0.2490	0.4794	0.3105	0.2430	0.3880	0.6270	0.2256	0.3929	0.2959	0.2161	0.2052	0.7053	0.2435	0.1529	0.6858	0.2719	0.1563	0.7288	0.1810	0.2137	0.2249	0.1998	0.1522	0.2373	0.2262	0.1579	0.1933	0.3221	0.8913	0.4635	0.3221	0.8913	0.4635	0.2400	0.0369	0.6665	0.1901	0.0428	0.2611	0.2044	0.2961	0.6268	0.1810	0.2991	0.3022	0.0160	-0.0053	0.0382	0.0094	-0.0002	-0.0374	0.3056	1.2897	0.4778	0.2111	0.6568	0.3772	0.0076	0.0265	-0.0466	0.2273	0.6534	0.5683	0.0130	0.0337	0.0449	-0.0530	-0.0168	-0.0865	-0.0501	-0.0256	0.0755	0.1796	-0.0470	0.1558	0.0621	0.0000	0.0000	0.0000	0.0000	0.0000	0.0038	0.0515	0.0000	-0.0661	-0.0366	-0.0521	-0.0643	-0.0388	0.0422	0.2074	-0.0349	-0.1333	0.0654	0.0000	0.0000	0.0000	0.0000	0.0000	0.0061	0.0512	0.0000	0.1933	1.3345	0.4760	0.3435	0.8858	0.5636	0.3007	0.8969	0.3634	0.3051	1.2913	0.5300	0.3061	1.2882	0.4257	0.2265	0.8294	0.4160	0.2528	0.8226	0.5390	0.1860	0.4574	0.6597	0.1838	0.4623	0.2788	0.1982	0.0614	0.6983	0.1409	0.0792	0.2293	0.1966	0.4507	0.6034	0.1926	0.4500	0.3308	0.2158	0.0689	0.6611	0.1639	0.0774	0.2602	0.1624	0.0361	0.6399	0.1128	0.0479	0.2664	0.3380	0.0379	0.7000	0.2877	0.0363	0.2543	0.1751	0.9564	0.4895	0.2334	0.0764	0.6240	0.1869	0.0756	0.2910	0.2073	0.4441	0.5472	0.2014	0.4377	0.3828
317	3.17	0.3435	0.8859	0.5625	0.3004	0.8972	0.3636	0.2608	0.4509	0.6210	0.2491	0.4794	0.3105	0.2432	0.3880	0.6271	0.2257	0.3929	0.2958	0.2161	0.2052	0.7053	0.2436	0.1529	0.6858	0.2719	0.1563	0.7288	0.1810	0.2137	0.2249	0.1999	0.1523	0.2373	0.2262	0.1579	0.1933	0.3219	0.8916	0.4631	0.3219	0.8916	0.4631	0.2401	0.0369	0.6665	0.1901	0.0428	0.2611	0.2045	0.2961	0.6268	0.1810	0.2991	0.3022	0.0160	-0.0053	0.0382	0.0094	-0.0002	-0.0374	0.3056	1.2897	0.4779	0.2109	0.6569	0.3771	0.0075	0.0265	-0.0467	0.2273	0.6534	0.5681	0.0131	0.0337	0.0449	-0.0531	-0.0168	-0.0865	-0.0501	-0.0256	0.0756	0.1796	-0.0469	0.1558	0.0621	0.0000	0.0000	0.0000	0.0000	0.0000	0.0038	0.0515	0.0000	-0.0662	-0.0366	-0.0521	-0.0643	-0.0388	0.0423	0.2073	-0.0349	-0.1335	0.0654	0.0000	0.0000	0.0000	0.0000	0.0000	0.0061	0.0512	0.0000	0.1934	1.3344	0.4761	0.3436	0.8858	0.5631	0.3003	0.8973	0.3630	0.3051	1.2913	0.5300	0.3061	1.2882	0.4257	0.2262	0.8297	0.4157	0.2528	0.8226	0.5386	0.1861	0.4574	0.6597	0.1838	0.4623	0.2788	0.1982	0.0614	0.6983	0.1409	0.0792	0.2293	0.1967	0.4507	0.6034	0.1926	0.4500	0.3308	0.2158	0.0689	0.6611	0.1639	0.0774	0.2602	0.1625	0.0361	0.6399	0.1128	0.0479	0.2664	0.3380	0.0379	0.7000	0.2878	0.0363	0.2543	0.1753	0.9564	0.4896	0.2334	0.0764	0.6239	0.1869	0.0756	0.2911	0.2074	0.4441	0.5471	0.2014	0.4377	0.3828
318	3.18	0.3436	0.8858	0.5625	0.3014	0.8967	0.3647	0.2609	0.4509	0.6209	0.2492	0.4794	0.3105	0.2433	0.3881	0.6271	0.2258	0.3930	0.2958	0.2162	0.2052	0.7053	0.2436	0.1529	0.6858	0.2720	0.1563	0.7288	0.1810	0.2137	0.2249	0.1999	0.1523	0.2373	0.2262	0.1580	0.1933	0.3225	0.8913	0.4636	0.3225	0.8913	0.4636	0.2401	0.0370	0.6664	0.1901	0.0429	0.2611	0.2045	0.2961	0.6268	0.1811	0.2991	0.3022	0.0160	-0.0053	0.0382	0.0094	-0.0002	-0.0374	0.3056	1.2898	0.4778	0.2113	0.6568	0.3773	0.0076	0.0264	-0.0467	0.2275	0.6534	0.5684	0.0130	0.0337	0.0449	-0.0530	-0.0168	-0.0865	-0.0500	-0.0256	0.0757	0.1796	-0.0469	0.1559	0.0621	0.0000	0.0000	0.0000	0.0000	0.0000	0.0038	0.0515	0.0000	-0.0661	-0.0366	-0.0522	-0.0642	-0.0388	0.0423	0.2073	-0.0349	-0.1336	0.0654	0.0000	0.0000	0.0000	0.0000	0.0000	0.0061	0.0512	0.0000	0.1934	1.3344	0.4761	0.3439	0.8858	0.5637	0.3011	0.8968	0.3635	0.3052	1.2913	0.5300	0.3061	1.2882	0.4257	0.2269	0.8294	0.4161	0.2532	0.8226	0.5391	0.1861	0.4574	0.6597	0.1839	0.4623	0.2788	0.1983	0.0615	0.6982	0.1409	0.0792	0.2293	0.1968	0.4508	0.6034	0.1927	0.4500	0.3308	0.2158	0.0690	0.6611	0.1640	0.0774	0.2601	0.1625	0.0362	0.6399	0.1128	0.0480	0.2664	0.3381	0.0380	0.7000	0.2878	0.0363	0.2543	0.1754	0.9565	0.4895	0.2334	0.0764	0.6240	0.1870	0.0756	0.2910	0.2075	0.4441	0.5471	0.2015	0.4377	0.3828
319	3.19	0.3437	0.8858	0.5624	0.3018	0.8967	0.3648	0.2610	0.4510	0.6209	0.2492	0.4794	0.3104	0.2433	0.3881	0.6270	0.2258	0.3930	0.2958	0.2162	0.2052	0.7052	0.2436	0.1530	0.6858	0.2720	0.1564	0.7287	0.1810	0.2137	0.2249	0.1999	0.1523	0.2373	0.2262	0.1580	0.1933	0.3228	0.8912	0.4636	0.3228	0.8912	0.4636	0.2401	0.0370	0.6664	0.1901	0.0429	0.2610	0.2045	0.2962	0.6268	0.1811	0.2992	0.3021	0.0159	-0.0053	0.0382	0.0094	-0.0002	-0.0374	0.3056	1.2898	0.4778	0.2115	0.6567	0.3772	0.0077	0.0265	-0.0466	0.2276	0.6534	0.5683	0.0130	0.0337	0.0449	-0.0530	-0.0168	-0.0865	-0.0500	-0.0255	0.0756	0.1795	-0.0469	0.1559	0.0621	0.0000	0.0000	0.0000	0.0000	0.0000	0.0038	0.0514	0.0000	-0.0661	-0.0366	-0.0522	-0.0642	-0.0388	0.0423	0.2073	-0.0349	-0.1336	0.0654	0.0000	0.0000	0.0000	0.0000	0.0000	0.0061	0.0512	0.0000	0.1934	1.3344	0.4761	0.3440	0.8858	0.5638	0.3015	0.8967	0.3635	0.3052	1.2914	0.5300	0.3061	1.2882	0.4257	0.2272	0.8293	0.4160	0.2533	0.8226	0.5391	0.1862	0.4575	0.6596	0.1839	0.4623	0.2787	0.1982	0.0616	0.6982	0.1410	0.0793	0.2292	0.1969	0.4508	0.6034	0.1927	0.4501	0.3307	0.2158	0.0690	0.6611	0.1640	0.0775	0.2601	0.1625	0.0362	0.6399	0.1128	0.0481	0.2663	0.3381	0.0380	0.6999	0.2878	0.0364	0.2543	0.1755	0.9565	0.4895	0.2334	0.0764	0.6240	0.1870	0.0757	0.2910	0.2075	0.4441	0.5471	0.2016	0.4378	0.3827
320	3.20	0.3439	0.8858	0.5624	0.3021	0.8967	0.3647	0.2611	0.4510	0.6209	0.2492	0.4794	0.3104	0.2434	0.3882	0.6270	0.2258	0.3930	0.2958	0.2163	0.2053	0.7052	0.2437	0.1530	0.6858	0.2720	0.1564	0.7287	0.1810	0.2137	0.2248	0.1999	0.1523	0.2372	0.2262	0.1580	0.1933	0.3230	0.8913	0.4635	0.3230	0.8913	0.4635	0.2401	0.0370	0.6664	0.1901	0.0429	0.2610	0.2046	0.2962	0.6268	0.1811	0.2992	0.3021	0.0159	-0.0053	0.0382	0.0095	-0.0002	-0.0374	0.3057	1.2898	0.4778	0.2117	0.6568	0.3771	0.0077	0.0265	-0.0466	0.2278	0.6534	0.5682	0.0130	0.0337	0.0449	-0.0530	-0.0168	-0.0865	-0.0500	-0.0255	0.0756	0.1795	-0.0469	0.1559	0.0621	0.0000	0.0000	0.0000	0.0000	0.0000	0.0038	0.0514	0.0000	-0.0661	-0.0366	-0.0523	-0.0641	-0.0387	0.0422	0.2073	-0.0349	-0.1335	0.0654	0.0000	0.0000	0.0000	0.0000	0.0000	0.0061	0.0512	0.0000	0.1934	1.3344	0.4762	0.3442	0.8858	0.5637	0.3018	0.8968	0.3634	0.3053	1.2914	0.5300	0.3061	1.2882	0.4257	0.2275	0.8293	0.4159	0.2535	0.8226	0.5389	0.1863	0.4575	0.6596	0.1840	0.4623	0.2787	0.1983	0.0616	0.6982	0.1410	0.0793	0.2292	0.1969	0.4508	0.6034	0.1928	0.4501	0.3307	0.2158	0.0690	0.6611	0.1640	0.0775	0.2601	0.1625	0.0362	0.6399	0.1128	0.0481	0.2663	0.3381	0.0380	0.6999	0.2878	0.0364	0.2543	0.1756	0.9565	0.4895	0.2333	0.0764	0.6240	0.1870	0.0758	0.2910	0.2076	0.4441	0.5471	0.2017	0.4379	0.3827
321	3.21	0.3441	0.8858	0.5623	0.3020	0.8966	0.3649	0.2612	0.4510	0.6209	0.2493	0.4794	0.3104	0.2435	0.3882	0.6270	0.2259	0.3930	0.2958	0.2163	0.2053	0.7052	0.2437	0.1530	0.6858	0.2721	0.1564	0.7287	0.1811	0.2137	0.2248	0.1999	0.1523	0.2372	0.2262	0.1579	0.1932	0.3230	0.8912	0.4636	0.3230	0.8912	0.4636	0.2401	0.0370	0.6664	0.1901	0.0429	0.2610	0.2046	0.2962	0.6267	0.1812	0.2992	0.3021	0.0159	-0.0053	0.0382	0.0095	-0.0002	-0.0374	0.3057	1.2898	0.4778	0.2117	0.6567	0.3772	0.0077	0.0265	-0.0466	0.2279	0.6534	0.5684	0.0129	0.0337	0.0450	-0.0530	-0.0168	-0.0866	-0.0500	-0.0255	0.0755	0.1795	-0.0469	0.1560	0.0621	0.0000	0.0000	0.0000	0.0000	0.0000	0.0038	0.0514	0.0000	-0.0661	-0.0366	-0.0523	-0.0642	-0.0387	0.0421	0.2074	-0.0349	-0.1334	0.0655	0.0000	0.0000	0.0000	0.0000	0.0000	0.0061	0.0512	0.0000	0.1935	1.3343	0.4763	0.3444	0.8857	0.5637	0.3017	0.8966	0.3635	0.3054	1.2914	0.5300	0.3061	1.2883	0.4257	0.2274	0.8292	0.4161	0.2536	0.8226	0.5391	0.1864	0.4575	0.6596	0.1840	0.4623	0.2787	0.1983	0.0616	0.6982	0.1410	0.0793	0.2292	0.1970	0.4508	0.6033	0.1929	0.4501	0.3307	0.2158	0.0690	0.6611	0.1640	0.0776	0.2601	0.1625	0.0362	0.6399	0.1128	0.0481	0.2663	0.3381	0.0380	0.6999	0.2878	0.0364	0.2543	0.1758	0.9565	0.4895	0.2333	0.0764	0.6240	0.1871	0.0758	0.2910	0.2076	0.4441	0.5471	0.2018	0.4379	0.3826
322	3.22	0.3442	0.8858	0.5623	0.3021	0.8965	0.3649	0.2612	0.4510	0.6208	0.2493	0.4794	0.3104	0.2435	0.3881	0.6270	0.2259	0.3929	0.2958	0.2163	0.2052	0.7052	0.2437	0.1530	0.6858	0.2721	0.1564	0.7287	0.1811	0.2137	0.2248	0.1999	0.1523	0.2372	0.2262	0.1579	0.1932	0.3231	0.8911	0.4636	0.3231	0.8911	0.4636	0.2401	0.0370	0.6664	0.1901	0.0429	0.2610	0.2047	0.2961	0.6267	0.1813	0.2992	0.3020	0.0159	-0.0053	0.0382	0.0094	-0.0002	-0.0374	0.3057	1.2898	0.4778	0.2118	0.6567	0.3772	0.0077	0.0266	-0.0465	0.2279	0.6534	0.5683	0.0129	0.0337	0.0450	-0.0530	-0.0168	-0.0866	-0.0501	-0.0255	0.0754	0.1795	-0.0469	0.1560	0.0621	0.0000	0.0000	0.0000	0.0000	0.0000	0.0038	0.0514	0.0000	-0.0661	-0.0366	-0.0523	-0.0642	-0.0387	0.0421	0.2074	-0.0349	-0.1333	0.0654	0.0000	0.0000	0.0000	0.0000	0.0000	0.0061	0.0512	0.0000	0.1935	1.3343	0.4763	0.3445	0.8857	0.5637	0.3018	0.8966	0.3635	0.3054	1.2914	0.5300	0.3061	1.2883	0.4257	0.2275	0.8292	0.4161	0.2537	0.8225	0.5391	0.1865	0.4575	0.6596	0.1840	0.4623	0.2787	0.1982	0.0615	0.6982	0.1410	0.0793	0.2292	0.1971	0.4508	0.6033	0.1931	0.4500	0.3306	0.2158	0.0690	0.6611	0.1640	0.0775	0.2601	0.1625	0.0362	0.6399	0.1128	0.0481	0.2663	0.3381	0.0380	0.6999	0.2878	0.0363	0.2543	0.1759	0.9565	0.4894	0.2334	0.0764	0.6240	0.1870	0.0757	0.2910	0.2077	0.4441	0.5471	0.2021	0.4378	0.3825
323	3.23	0.3443	0.8857	0.5622	0.3016	0.8968	0.3642	0.2612	0.4509	0.6208	0.2493	0.4793	0.3104	0.2435	0.3881	0.6270	0.2259	0.3929	0.2957	0.2163	0.2052	0.7052	0.2437	0.1529	0.6858	0.2721	0.1563	0.7287	0.1811	0.2137	0.2248	0.1999	0.1522	0.2372	0.2262	0.1579	0.1933	0.3229	0.8913	0.4632	0.3229	0.8913	0.4632	0.2400	0.0369	0.6664	0.1901	0.0429	0.2610	0.2047	0.2961	0.6267	0.1813	0.2991	0.3020	0.0160	-0.0053	0.0382	0.0094	-0.0002	-0.0374	0.3057	1.2898	0.4779	0.2117	0.6568	0.3771	0.0076	0.0266	-0.0465	0.2280	0.6534	0.5681	0.0130	0.0337	0.0450	-0.0530	-0.0168	-0.0865	-0.0500	-0.0255	0.0755	0.1796	-0.0468	0.1559	0.0621	0.0000	0.0000	0.0000	0.0000	0.0000	0.0038	0.0515	0.0000	-0.0661	-0.0367	-0.0522	-0.0642	-0.0388	0.0422	0.2074	-0.0349	-0.1334	0.0654	0.0000	0.0000	0.0000	0.0000	0.0000	0.0061	0.0512	0.0000	0.1935	1.3342	0.4764	0.3445	0.8857	0.5633	0.3014	0.8969	0.3632	0.3054	1.2913	0.5300	0.3061	1.2882	0.4257	0.2272	0.8294	0.4159	0.2537	0.8225	0.5388	0.1865	0.4574	0.6596	0.1841	0.4623	0.2787	0.1982	0.0615	0.6982	0.1410	0.0793	0.2292	0.1971	0.4508	0.6033	0.1930	0.4500	0.3306	0.2158	0.0689	0.6611	0.1640	0.0775	0.2601	0.1624	0.0361	0.6399	0.1128	0.0481	0.2663	0.3380	0.0379	0.6999	0.2877	0.0363	0.2543	0.1760	0.9564	0.4895	0.2334	0.0763	0.6239	0.1870	0.0757	0.2910	0.2077	0.4441	0.5470	0.2020	0.4377	0.3825
324	3.24	0.3445	0.8857	0.5622	0.3006	0.8976	0.3627	0.2613	0.4509	0.6208	0.2494	0.4794	0.3103	0.2436	0.3880	0.6270	0.2260	0.3929	0.2957	0.2163	0.2052	0.7052	0.2437	0.1529	0.6858	0.2721	0.1563	0.7287	0.1811	0.2137	0.2248	0.1999	0.1522	0.2372	0.2263	0.1579	0.1932	0.3225	0.8916	0.4625	0.3225	0.8916	0.4625	0.2400	0.0369	0.6664	0.1901	0.0428	0.2610	0.2047	0.2961	0.6267	0.1813	0.2991	0.3021	0.0160	-0.0053	0.0382	0.0094	-0.0002	-0.0374	0.3057	1.2897	0.4779	0.2114	0.6570	0.3768	0.0075	0.0266	-0.0466	0.2280	0.6534	0.5677	0.0131	0.0337	0.0449	-0.0530	-0.0168	-0.0865	-0.0501	-0.0256	0.0756	0.1796	-0.0468	0.1559	0.0621	0.0000	0.0000	0.0000	0.0000	0.0000	0.0038	0.0515	0.0000	-0.0661	-0.0367	-0.0522	-0.0642	-0.0388	0.0422	0.2073	-0.0349	-0.1335	0.0654	0.0000	0.0000	0.0000	0.0000	0.0000	0.0061	0.0512	0.0000	0.1936	1.3341	0.4764	0.3445	0.8857	0.5624	0.3006	0.8976	0.3625	0.3054	1.2912	0.5300	0.3061	1.2883	0.4257	0.2266	0.8299	0.4153	0.2536	0.8226	0.5381	0.1866	0.4574	0.6596	0.1841	0.4623	0.2786	0.1982	0.0614	0.6982	0.1410	0.0792	0.2292	0.1972	0.4507	0.6033	0.1930	0.4500	0.3306	0.2158	0.0689	0.6611	0.1640	0.0774	0.2601	0.1624	0.0361	0.6399	0.1128	0.0480	0.2664	0.3380	0.0379	0.6999	0.2878	0.0363	0.2543	0.1762	0.9564	0.4895	0.2334	0.0764	0.6239	0.1870	0.0756	0.2910	0.2078	0.4441	0.5470	0.2019	0.4377	0.3826
325	3.25	0.3446	0.8857	0.5621	0.3005	0.8978	0.3623	0.2614	0.4509	0.6208	0.2495	0.4794	0.3103	0.2437	0.3880	0.6270	0.2261	0.3930	0.2957	0.2164	0.2052	0.7052	0.2437	0.1529	0.6858	0.2721	0.1563	0.7287	0.1812	0.2137	0.2248	0.2000	0.1523	0.2372	0.2263	0.1579	0.1932	0.3225	0.8918	0.4622	0.3225	0.8918	0.4622	0.2401	0.0369	0.6665	0.1902	0.0428	0.2611	0.2048	0.2961	0.6267	0.1813	0.2991	0.3021	0.0160	-0.0053	0.0382	0.0094	-0.0002	-0.0374	0.3058	1.2898	0.4778	0.2114	0.6571	0.3767	0.0074	0.0266	-0.0466	0.2281	0.6534	0.5676	0.0131	0.0336	0.0449	-0.0530	-0.0168	-0.0865	-0.0501	-0.0256	0.0756	0.1795	-0.0468	0.1559	0.0621	0.0000	0.0000	0.0000	0.0000	0.0000	0.0038	0.0514	0.0000	-0.0661	-0.0367	-0.0522	-0.0643	-0.0388	0.0423	0.2073	-0.0349	-0.1335	0.0654	0.0000	0.0000	0.0000	0.0000	0.0000	0.0061	0.0512	0.0000	0.1936	1.3341	0.4765	0.3446	0.8857	0.5621	0.3004	0.8978	0.3623	0.3055	1.2912	0.5300	0.3061	1.2883	0.4257	0.2266	0.8300	0.4151	0.2538	0.8226	0.5379	0.1867	0.4574	0.6595	0.1842	0.4624	0.2786	0.1982	0.0615	0.6982	0.1410	0.0793	0.2293	0.1973	0.4508	0.6032	0.1931	0.4500	0.3306	0.2158	0.0689	0.6611	0.1640	0.0775	0.2601	0.1624	0.0361	0.6399	0.1128	0.0480	0.2664	0.3380	0.0379	0.6999	0.2878	0.0363	0.2543	0.1764	0.9564	0.4895	0.2333	0.0764	0.6240	0.1870	0.0757	0.2910	0.2079	0.4441	0.5470	0.2020	0.4377	0.3826
326	3.26	0.3448	0.8858	0.5621	0.3010	0.8976	0.3629	0.2615	0.4509	0.6207	0.2496	0.4794	0.3102	0.2437	0.3881	0.6269	0.2261	0.3930	0.2957	0.2164	0.2052	0.7052	0.2438	0.1529	0.6857	0.2722	0.1563	0.7287	0.1812	0.2137	0.2248	0.2000	0.1523	0.2372	0.2263	0.1580	0.1932	0.3229	0.8917	0.4625	0.3229	0.8917	0.4625	0.2401	0.0370	0.6664	0.1901	0.0429	0.2610	0.2048	0.2962	0.6266	0.1814	0.2992	0.3020	0.0160	-0.0053	0.0382	0.0094	-0.0002	-0.0374	0.3058	1.2898	0.4779	0.2116	0.6571	0.3767	0.0075	0.0265	-0.0466	0.2282	0.6534	0.5677	0.0131	0.0337	0.0449	-0.0530	-0.0168	-0.0865	-0.0500	-0.0256	0.0756	0.1795	-0.0469	0.1560	0.0621	0.0000	0.0000	0.0000	0.0000	0.0000	0.0038	0.0514	0.0000	-0.0660	-0.0367	-0.0523	-0.0642	-0.0388	0.0423	0.2073	-0.0349	-0.1336	0.0654	0.0000	0.0000	0.0000	0.0000	0.0000	0.0061	0.0512	0.0000	0.1936	1.3341	0.4765	0.3449	0.8857	0.5624	0.3009	0.8976	0.3625	0.3055	1.2913	0.5300	0.3061	1.2883	0.4257	0.2270	0.8299	0.4153	0.2540	0.8226	0.5381	0.1868	0.4575	0.6595	0.1843	0.4624	0.2786	0.1983	0.0616	0.6982	0.1410	0.0793	0.2292	0.1974	0.4508	0.6032	0.1932	0.4501	0.3306	0.2158	0.0690	0.6611	0.1640	0.0775	0.2601	0.1625	0.0362	0.6399	0.1128	0.0481	0.2664	0.3380	0.0380	0.6999	0.2878	0.0363	0.2543	0.1764	0.9565	0.4895	0.2334	0.0764	0.6240	0.1870	0.0757	0.2910	0.2080	0.4441	0.5469	0.2021	0.4378	0.3825
327	3.27	0.3449	0.8857	0.5620	0.3017	0.8972	0.3636	0.2616	0.4509	0.6207	0.2496	0.4794	0.3102	0.2438	0.3881	0.6269	0.2262	0.3930	0.2957	0.2165	0.2052	0.7051	0.2438	0.1529	0.6857	0.2722	0.1563	0.7286	0.1812	0.2137	0.2248	0.2000	0.1523	0.2372	0.2263	0.1579	0.1932	0.3233	0.8914	0.4628	0.3233	0.8914	0.4628	0.2401	0.0370	0.6664	0.1901	0.0430	0.2610	0.2049	0.2962	0.6266	0.1814	0.2992	0.3020	0.0159	-0.0053	0.0382	0.0094	-0.0002	-0.0374	0.3058	1.2898	0.4779	0.2119	0.6570	0.3769	0.0076	0.0265	-0.0466	0.2284	0.6534	0.5679	0.0130	0.0337	0.0449	-0.0529	-0.0168	-0.0866	-0.0500	-0.0256	0.0756	0.1795	-0.0469	0.1560	0.0621	0.0000	0.0000	0.0000	0.0000	0.0000	0.0038	0.0514	0.0000	-0.0660	-0.0367	-0.0523	-0.0642	-0.0388	0.0423	0.2073	-0.0348	-0.1336	0.0654	0.0000	0.0000	0.0000	0.0000	0.0000	0.0060	0.0512	0.0000	0.1936	1.3341	0.4765	0.3451	0.8857	0.5628	0.3016	0.8972	0.3628	0.3055	1.2913	0.5300	0.3061	1.2883	0.4258	0.2275	0.8297	0.4155	0.2543	0.8226	0.5384	0.1869	0.4575	0.6594	0.1843	0.4624	0.2786	0.1983	0.0616	0.6982	0.1410	0.0793	0.2292	0.1975	0.4508	0.6032	0.1932	0.4501	0.3306	0.2158	0.0690	0.6611	0.1640	0.0775	0.2601	0.1625	0.0362	0.6398	0.1128	0.0482	0.2663	0.3381	0.0380	0.6999	0.2878	0.0363	0.2543	0.1765	0.9565	0.4894	0.2334	0.0764	0.6240	0.1870	0.0757	0.2910	0.2081	0.4441	0.5469	0.2022	0.4378	0.3825
328	3.28	0.3451	0.8857	0.5620	0.3010	0.8978	0.3625	0.2617	0.4509	0.6207	0.2497	0.4794	0.3102	0.2439	0.3881	0.6268	0.2262	0.3930	0.2957	0.2165	0.2052	0.7051	0.2439	0.1529	0.6857	0.2723	0.1563	0.7286	0.1812	0.2137	0.2248	0.2000	0.1523	0.2372	0.2263	0.1579	0.1932	0.3230	0.8917	0.4622	0.3230	0.8917	0.4622	0.2401	0.0370	0.6664	0.1902	0.0429	0.2610	0.2050	0.2962	0.6266	0.1814	0.2992	0.3020	0.0159	-0.0053	0.0382	0.0095	-0.0002	-0.0374	0.3059	1.2898	0.4779	0.2117	0.6572	0.3766	0.0075	0.0265	-0.0466	0.2285	0.6534	0.5676	0.0131	0.0336	0.0449	-0.0529	-0.0168	-0.0866	-0.0500	-0.0255	0.0756	0.1795	-0.0469	0.1560	0.0622	0.0000	0.0000	0.0000	0.0000	0.0000	0.0038	0.0514	0.0000	-0.0660	-0.0367	-0.0523	-0.0642	-0.0388	0.0423	0.2073	-0.0349	-0.1335	0.0654	0.0000	0.0000	0.0000	0.0000	0.0000	0.0061	0.0512	0.0000	0.1937	1.3341	0.4766	0.3451	0.8857	0.5621	0.3010	0.8978	0.3623	0.3056	1.2913	0.5300	0.3062	1.2884	0.4257	0.2271	0.8300	0.4151	0.2542	0.8226	0.5379	0.1870	0.4575	0.6594	0.1843	0.4624	0.2786	0.1983	0.0616	0.6982	0.1410	0.0793	0.2292	0.1976	0.4508	0.6031	0.1933	0.4501	0.3306	0.2158	0.0690	0.6611	0.1641	0.0775	0.2601	0.1625	0.0362	0.6398	0.1128	0.0482	0.2663	0.3381	0.0380	0.6999	0.2878	0.0363	0.2543	0.1767	0.9564	0.4895	0.2334	0.0763	0.6240	0.1871	0.0757	0.2910	0.2081	0.4441	0.5469	0.2022	0.4378	0.3826
329	3.29	0.3452	0.8857	0.5619	0.3009	0.8979	0.3622	0.2618	0.4509	0.6207	0.2497	0.4794	0.3101	0.2440	0.3881	0.6268	0.2263	0.3930	0.2956	0.2166	0.2053	0.7051	0.2439	0.1529	0.6857	0.2723	0.1563	0.7286	0.1812	0.2137	0.2248	0.2000	0.1523	0.2372	0.2263	0.1579	0.1932	0.3231	0.8918	0.4620	0.3231	0.8918	0.4620	0.2401	0.0370	0.6664	0.1902	0.0429	0.2610	0.2050	0.2962	0.6266	0.1815	0.2992	0.3020	0.0159	-0.0053	0.0382	0.0095	-0.0002	-0.0374	0.3059	1.2898	0.4779	0.2118	0.6572	0.3765	0.0075	0.0265	-0.0466	0.2286	0.6534	0.5674	0.0131	0.0336	0.0450	-0.0529	-0.0168	-0.0866	-0.0501	-0.0255	0.0755	0.1795	-0.0469	0.1560	0.0621	0.0000	0.0000	0.0000	0.0000	0.0000	0.0038	0.0514	0.0000	-0.0661	-0.0367	-0.0523	-0.0642	-0.0387	0.0422	0.2074	-0.0349	-0.1334	0.0654	0.0000	0.0000	0.0000	0.0000	0.0000	0.0061	0.0512	0.0000	0.1938	1.3340	0.4767	0.3452	0.8857	0.5619	0.3009	0.8979	0.3622	0.3057	1.2913	0.5300	0.3062	1.2884	0.4257	0.2271	0.8301	0.4149	0.2544	0.8226	0.5377	0.1871	0.4575	0.6594	0.1844	0.4623	0.2786	0.1983	0.0616	0.6982	0.1411	0.0793	0.2292	0.1977	0.4508	0.6031	0.1934	0.4501	0.3305	0.2159	0.0690	0.6610	0.1641	0.0776	0.2601	0.1625	0.0362	0.6398	0.1128	0.0482	0.2664	0.3381	0.0380	0.6999	0.2878	0.0363	0.2543	0.1769	0.9564	0.4895	0.2334	0.0763	0.6239	0.1871	0.0758	0.2910	0.2082	0.4441	0.5468	0.2024	0.4379	0.3825
330	3.30	0.3454	0.8857	0.5618	0.3010	0.8980	0.3620	0.2619	0.4509	0.6206	0.2498	0.4794	0.3101	0.2441	0.3881	0.6268	0.2263	0.3930	0.2956	0.2166	0.2053	0.7051	0.2439	0.1529	0.6857	0.2723	0.1563	0.7286	0.1813	0.2137	0.2248	0.2000	0.1523	0.2372	0.2263	0.1579	0.1932	0.3232	0.8918	0.4619	0.3232	0.8918	0.4619	0.2401	0.0370	0.6664	0.1902	0.0430	0.2610	0.2051	0.2961	0.6265	0.1815	0.2992	0.3020	0.0159	-0.0053	0.0382	0.0095	-0.0002	-0.0374	0.3060	1.2898	0.4779	0.2118	0.6572	0.3765	0.0075	0.0265	-0.0466	0.2287	0.6534	0.5674	0.0131	0.0336	0.0450	-0.0529	-0.0168	-0.0866	-0.0501	-0.0255	0.0755	0.1795	-0.0469	0.1560	0.0621	0.0000	0.0000	0.0000	0.0000	0.0000	0.0038	0.0514	0.0000	-0.0661	-0.0367	-0.0523	-0.0642	-0.0387	0.0421	0.2074	-0.0349	-0.1334	0.0654	0.0000	0.0000	0.0000	0.0000	0.0000	0.0061	0.0512	0.0000	0.1938	1.3340	0.4767	0.3454	0.8857	0.5618	0.3010	0.8980	0.3621	0.3057	1.2913	0.5300	0.3062	1.2884	0.4257	0.2272	0.8301	0.4148	0.2545	0.8226	0.5376	0.1872	0.4575	0.6593	0.1844	0.4623	0.2786	0.1983	0.0616	0.6981	0.1411	0.0794	0.2292	0.1977	0.4508	0.6031	0.1933	0.4501	0.3306	0.2159	0.0690	0.6610	0.1641	0.0776	0.2601	0.1625	0.0362	0.6398	0.1128	0.0482	0.2664	0.3381	0.0380	0.6999	0.2878	0.0363	0.2543	0.1770	0.9564	0.4895	0.2336	0.0763	0.6239	0.1871	0.0758	0.2910	0.2083	0.4441	0.5468	0.2023	0.4379	0.3826
331	3.31	0.3455	0.8856	0.5618	0.3010	0.8980	0.3620	0.2619	0.4509	0.6205	0.2499	0.4794	0.3101	0.2441	0.3880	0.6267	0.2264	0.3929	0.2956	0.2166	0.2052	0.7050	0.2439	0.1529	0.6856	0.2723	0.1563	0.7286	0.1813	0.2137	0.2248	0.2000	0.1523	0.2372	0.2264	0.1579	0.1932	0.3233	0.8918	0.4619	0.3233	0.8918	0.4619	0.2401	0.0370	0.6663	0.1901	0.0430	0.2610	0.2051	0.2961	0.6265	0.1815	0.2992	0.3020	0.0159	-0.0053	0.0382	0.0094	-0.0002	-0.0374	0.3060	1.2898	0.4778	0.2118	0.6572	0.3765	0.0075	0.0264	-0.0467	0.2288	0.6534	0.5673	0.0131	0.0336	0.0449	-0.0529	-0.0168	-0.0866	-0.0500	-0.0255	0.0756	0.1795	-0.0469	0.1560	0.0622	0.0000	0.0000	0.0000	0.0000	0.0000	0.0038	0.0514	0.0000	-0.0661	-0.0366	-0.0523	-0.0642	-0.0387	0.0422	0.2074	-0.0349	-0.1335	0.0654	0.0000	0.0000	0.0000	0.0000	0.0000	0.0061	0.0512	0.0000	0.1938	1.3339	0.4767	0.3455	0.8856	0.5617	0.3010	0.8980	0.3620	0.3057	1.2912	0.5299	0.3062	1.2884	0.4258	0.2273	0.8301	0.4148	0.2546	0.8226	0.5375	0.1872	0.4575	0.6593	0.1845	0.4623	0.2786	0.1983	0.0616	0.6981	0.1410	0.0794	0.2292	0.1978	0.4508	0.6030	0.1933	0.4501	0.3306	0.2159	0.0689	0.6610	0.1641	0.0775	0.2601	0.1625	0.0362	0.6398	0.1128	0.0482	0.2663	0.3381	0.0379	0.6999	0.2878	0.0363	0.2542	0.1772	0.9564	0.4895	0.2336	0.0763	0.6239	0.1871	0.0757	0.2910	0.2084	0.4441	0.5467	0.2022	0.4379	0.3826
332	3.32	0.3457	0.8856	0.5617	0.3011	0.8979	0.3620	0.2620	0.4508	0.6205	0.2499	0.4794	0.3100	0.2441	0.3880	0.6267	0.2264	0.3930	0.2956	0.2166	0.2052	0.7051	0.2440	0.1529	0.6856	0.2723	0.1563	0.7286	0.1813	0.2137	0.2248	0.2000	0.1523	0.2372	0.2263	0.1579	0.1932	0.3234	0.8918	0.4619	0.3234	0.8918	0.4619	0.2401	0.0370	0.6664	0.1902	0.0429	0.2610	0.2052	0.2961	0.6265	0.1815	0.2992	0.3020	0.0160	-0.0053	0.0382	0.0094	-0.0002	-0.0374	0.3060	1.2898	0.4779	0.2119	0.6572	0.3765	0.0075	0.0264	-0.0467	0.2289	0.6534	0.5673	0.0131	0.0336	0.0450	-0.0529	-0.0168	-0.0866	-0.0500	-0.0255	0.0756	0.1795	-0.0469	0.1560	0.0622	0.0000	0.0000	0.0000	0.0000	0.0000	0.0038	0.0514	0.0000	-0.0660	-0.0367	-0.0523	-0.0642	-0.0388	0.0422	0.2073	-0.0349	-0.1335	0.0654	0.0000	0.0000	0.0000	0.0000	0.0000	0.0061	0.0512	0.0000	0.1938	1.3339	0.4768	0.3457	0.8856	0.5617	0.3011	0.8979	0.3620	0.3058	1.2912	0.5300	0.3062	1.2884	0.4258	0.2274	0.8301	0.4148	0.2548	0.8226	0.5376	0.1873	0.4575	0.6592	0.1845	0.4624	0.2786	0.1983	0.0616	0.6981	0.1410	0.0794	0.2292	0.1979	0.4508	0.6030	0.1933	0.4501	0.3306	0.2159	0.0690	0.6610	0.1640	0.0775	0.2601	0.1625	0.0362	0.6398	0.1128	0.0482	0.2664	0.3381	0.0379	0.6999	0.2878	0.0363	0.2543	0.1773	0.9564	0.4896	0.2334	0.0764	0.6239	0.1871	0.0757	0.2910	0.2084	0.4441	0.5467	0.2022	0.4379	0.3826
333	3.33	0.3459	0.8856	0.5617	0.3013	0.8980	0.3620	0.2621	0.4509	0.6206	0.2499	0.4794	0.3100	0.2442	0.3880	0.6267	0.2264	0.3930	0.2956	0.2167	0.2053	0.7051	0.2440	0.1529	0.6856	0.2724	0.1563	0.7286	0.1813	0.2138	0.2248	0.2000	0.1523	0.2372	0.2263	0.1579	0.1932	0.3236	0.8918	0.4618	0.3236	0.8918	0.4618	0.2401	0.0370	0.6664	0.1902	0.0429	0.2610	0.2052	0.2962	0.6265	0.1815	0.2993	0.3021	0.0160	-0.0054	0.0382	0.0094	-0.0002	-0.0374	0.3061	1.2898	0.4779	0.2120	0.6573	0.3765	0.0075	0.0264	-0.0467	0.2290	0.6534	0.5673	0.0131	0.0336	0.0450	-0.0530	-0.0168	-0.0866	-0.0501	-0.0256	0.0755	0.1795	-0.0470	0.1559	0.0622	0.0000	0.0000	0.0000	0.0000	0.0000	0.0038	0.0514	0.0000	-0.0660	-0.0367	-0.0523	-0.0642	-0.0388	0.0422	0.2074	-0.0348	-0.1335	0.0654	0.0000	0.0000	0.0000	0.0000	0.0000	0.0061	0.0512	0.0000	0.1939	1.3338	0.4769	0.3459	0.8856	0.5617	0.3013	0.8980	0.3620	0.3059	1.2912	0.5300	0.3062	1.2885	0.4258	0.2275	0.8301	0.4148	0.2550	0.8226	0.5375	0.1874	0.4575	0.6592	0.1845	0.4624	0.2786	0.1983	0.0616	0.6981	0.1410	0.0794	0.2293	0.1980	0.4508	0.6029	0.1934	0.4502	0.3306	0.2158	0.0690	0.6610	0.1641	0.0776	0.2601	0.1625	0.0362	0.6398	0.1129	0.0482	0.2664	0.3381	0.0379	0.6999	0.2878	0.0363	0.2543	0.1775	0.9564	0.4896	0.2334	0.0764	0.6239	0.1871	0.0757	0.2910	0.2085	0.4441	0.5467	0.2023	0.4379	0.3827
334	3.34	0.3461	0.8856	0.5616	0.3014	0.8980	0.3619	0.2622	0.4508	0.6205	0.2500	0.4794	0.3100	0.2443	0.3880	0.6266	0.2265	0.3930	0.2956	0.2168	0.2052	0.7050	0.2441	0.1529	0.6856	0.2724	0.1562	0.7285	0.1813	0.2137	0.2248	0.2001	0.1523	0.2372	0.2264	0.1579	0.1931	0.3237	0.8918	0.4618	0.3237	0.8918	0.4618	0.2401	0.0370	0.6664	0.1902	0.0430	0.2610	0.2053	0.2961	0.6264	0.1816	0.2992	0.3020	0.0160	-0.0053	0.0381	0.0094	-0.0002	-0.0374	0.3061	1.2898	0.4779	0.2121	0.6573	0.3765	0.0075	0.0264	-0.0467	0.2292	0.6534	0.5673	0.0131	0.0336	0.0450	-0.0529	-0.0168	-0.0866	-0.0500	-0.0255	0.0756	0.1795	-0.0470	0.1560	0.0622	0.0000	0.0000	0.0000	0.0000	0.0000	0.0038	0.0514	0.0000	-0.0660	-0.0367	-0.0524	-0.0642	-0.0388	0.0423	0.2073	-0.0349	-0.1335	0.0654	0.0000	0.0000	0.0000	0.0000	0.0000	0.0061	0.0512	0.0000	0.1939	1.3338	0.4769	0.3461	0.8856	0.5616	0.3014	0.8980	0.3619	0.3059	1.2912	0.5300	0.3063	1.2885	0.4258	0.2277	0.8302	0.4148	0.2552	0.8226	0.5375	0.1875	0.4575	0.6592	0.1846	0.4624	0.2786	0.1983	0.0616	0.6981	0.1410	0.0794	0.2292	0.1981	0.4508	0.6029	0.1935	0.4502	0.3306	0.2159	0.0690	0.6610	0.1641	0.0776	0.2601	0.1625	0.0362	0.6398	0.1128	0.0482	0.2664	0.3381	0.0379	0.6999	0.2878	0.0363	0.2543	0.1777	0.9564	0.4896	0.2334	0.0764	0.6239	0.1871	0.0757	0.2910	0.2086	0.4441	0.5466	0.2024	0.4379	0.3826
335	3.35	0.3463	0.8856	0.5616	0.3015	0.8979	0.3619	0.2623	0.4508	0.6204	0.2501	0.4793	0.3100	0.2444	0.3880	0.6266	0.2265	0.3929	0.2956	0.2168	0.2052	0.7050	0.2441	0.1528	0.6856	0.2724	0.1562	0.7285	0.1813	0.2137	0.2248	0.2001	0.1523	0.2372	0.2264	0.1579	0.1931	0.3239	0.8918	0.4617	0.3239	0.8918	0.4617	0.2401	0.0369	0.6663	0.1902	0.0429	0.2610	0.2053	0.2961	0.6264	0.1816	0.2992	0.3020	0.0160	-0.0053	0.0381	0.0094	-0.0002	-0.0374	0.3062	1.2898	0.4779	0.2122	0.6572	0.3765	0.0075	0.0264	-0.0467	0.2293	0.6534	0.5672	0.0131	0.0336	0.0449	-0.0529	-0.0168	-0.0866	-0.0500	-0.0255	0.0756	0.1795	-0.0471	0.1560	0.0622	0.0000	0.0000	0.0000	0.0000	0.0000	0.0038	0.0514	0.0000	-0.0660	-0.0366	-0.0524	-0.0642	-0.0388	0.0423	0.2073	-0.0349	-0.1335	0.0654	0.0000	0.0000	0.0000	0.0000	0.0000	0.0060	0.0512	0.0000	0.1940	1.3338	0.4769	0.3463	0.8856	0.5615	0.3015	0.8979	0.3619	0.3060	1.2911	0.5299	0.3063	1.2884	0.4258	0.2278	0.8301	0.4148	0.2553	0.8225	0.5375	0.1876	0.4575	0.6591	0.1846	0.4624	0.2785	0.1983	0.0616	0.6981	0.1410	0.0794	0.2292	0.1981	0.4508	0.6029	0.1935	0.4501	0.3306	0.2159	0.0689	0.6610	0.1641	0.0775	0.2601	0.1625	0.0362	0.6398	0.1128	0.0482	0.2664	0.3381	0.0379	0.6999	0.2878	0.0363	0.2542	0.1778	0.9564	0.4896	0.2334	0.0763	0.6239	0.1871	0.0757	0.2910	0.2087	0.4441	0.5466	0.2024	0.4379	0.3826
336	3.36	0.3465	0.8856	0.5615	0.3016	0.8979	0.3619	0.2623	0.4508	0.6204	0.2501	0.4794	0.3100	0.2444	0.3880	0.6266	0.2265	0.3930	0.2956	0.2168	0.2052	0.7050	0.2441	0.1528	0.6856	0.2724	0.1562	0.7285	0.1813	0.2137	0.2248	0.2001	0.1523	0.2372	0.2264	0.1579	0.1931	0.3241	0.8917	0.4617	0.3241	0.8917	0.4617	0.2401	0.0369	0.6664	0.1902	0.0429	0.2610	0.2054	0.2961	0.6264	0.1816	0.2992	0.3020	0.0160	-0.0053	0.0382	0.0095	-0.0002	-0.0374	0.3062	1.2898	0.4779	0.2123	0.6572	0.3765	0.0075	0.0264	-0.0467	0.2294	0.6534	0.5672	0.0131	0.0336	0.0450	-0.0529	-0.0168	-0.0866	-0.0501	-0.0255	0.0756	0.1795	-0.0471	0.1560	0.0622	0.0000	0.0000	0.0000	0.0000	0.0000	0.0038	0.0514	0.0000	-0.0660	-0.0366	-0.0524	-0.0642	-0.0388	0.0423	0.2073	-0.0349	-0.1335	0.0654	0.0000	0.0000	0.0000	0.0000	0.0000	0.0060	0.0512	0.0000	0.1941	1.3337	0.4770	0.3465	0.8856	0.5615	0.3016	0.8979	0.3619	0.3061	1.2911	0.5300	0.3063	1.2885	0.4258	0.2279	0.8301	0.4148	0.2555	0.8225	0.5375	0.1877	0.4575	0.6591	0.1847	0.4624	0.2785	0.1983	0.0616	0.6981	0.1410	0.0793	0.2293	0.1982	0.4508	0.6028	0.1935	0.4501	0.3306	0.2159	0.0689	0.6610	0.1641	0.0775	0.2601	0.1625	0.0362	0.6398	0.1128	0.0482	0.2664	0.3381	0.0379	0.6999	0.2878	0.0363	0.2542	0.1780	0.9564	0.4896	0.2335	0.0763	0.6239	0.1871	0.0757	0.2910	0.2088	0.4441	0.5466	0.2024	0.4378	0.3826
337	3.37	0.3467	0.8856	0.5614	0.3018	0.8979	0.3619	0.2624	0.4508	0.6203	0.2502	0.4794	0.3099	0.2445	0.3880	0.6265	0.2266	0.3930	0.2955	0.2169	0.2052	0.7050	0.2441	0.1529	0.6855	0.2725	0.1562	0.7285	0.1813	0.2137	0.2247	0.2001	0.1523	0.2371	0.2264	0.1579	0.1931	0.3242	0.8917	0.4616	0.3242	0.8917	0.4616	0.2401	0.0370	0.6664	0.1902	0.0429	0.2611	0.2054	0.2961	0.6264	0.1817	0.2992	0.3020	0.0159	-0.0053	0.0381	0.0095	-0.0002	-0.0374	0.3063	1.2898	0.4779	0.2124	0.6572	0.3765	0.0075	0.0264	-0.0467	0.2296	0.6534	0.5672	0.0131	0.0336	0.0450	-0.0529	-0.0168	-0.0866	-0.0502	-0.0256	0.0756	0.1795	-0.0472	0.1560	0.0622	0.0000	0.0000	0.0000	0.0000	0.0000	0.0038	0.0514	0.0000	-0.0660	-0.0366	-0.0524	-0.0643	-0.0388	0.0422	0.2073	-0.0349	-0.1335	0.0654	0.0000	0.0000	0.0000	0.0000	0.0000	0.0061	0.0512	0.0000	0.1942	1.3337	0.4771	0.3467	0.8856	0.5615	0.3018	0.8979	0.3618	0.3062	1.2911	0.5300	0.3064	1.2885	0.4258	0.2281	0.8301	0.4148	0.2557	0.8225	0.5375	0.1878	0.4575	0.6591	0.1847	0.4624	0.2785	0.1983	0.0616	0.6981	0.1410	0.0793	0.2293	0.1983	0.4508	0.6028	0.1936	0.4501	0.3306	0.2159	0.0690	0.6610	0.1641	0.0775	0.2601	0.1625	0.0362	0.6398	0.1129	0.0482	0.2665	0.3381	0.0379	0.6999	0.2878	0.0363	0.2542	0.1781	0.9564	0.4896	0.2335	0.0763	0.6239	0.1871	0.0757	0.2910	0.2088	0.4441	0.5465	0.2026	0.4379	0.3826
338	3.38	0.3469	0.8856	0.5613	0.3019	0.8979	0.3618	0.2625	0.4508	0.6203	0.2503	0.4795	0.3099	0.2446	0.3880	0.6264	0.2267	0.3930	0.2955	0.2169	0.2052	0.7049	0.2442	0.1529	0.6855	0.2725	0.1562	0.7285	0.1814	0.2137	0.2247	0.2001	0.1523	0.2371	0.2264	0.1579	0.1931	0.3244	0.8917	0.4616	0.3244	0.8917	0.4616	0.2402	0.0370	0.6663	0.1902	0.0430	0.2610	0.2055	0.2961	0.6263	0.1817	0.2992	0.3020	0.0159	-0.0053	0.0382	0.0095	-0.0002	-0.0374	0.3064	1.2898	0.4779	0.2125	0.6572	0.3764	0.0075	0.0264	-0.0467	0.2297	0.6534	0.5671	0.0130	0.0336	0.0450	-0.0528	-0.0168	-0.0866	-0.0501	-0.0255	0.0756	0.1795	-0.0472	0.1560	0.0622	0.0000	0.0000	0.0000	0.0000	0.0000	0.0038	0.0514	0.0000	-0.0660	-0.0366	-0.0524	-0.0643	-0.0388	0.0423	0.2074	-0.0349	-0.1335	0.0654	0.0000	0.0000	0.0000	0.0000	0.0000	0.0061	0.0512	0.0000	0.1942	1.3337	0.4772	0.3469	0.8855	0.5614	0.3019	0.8979	0.3618	0.3063	1.2911	0.5300	0.3065	1.2885	0.4258	0.2283	0.8301	0.4147	0.2559	0.8225	0.5374	0.1879	0.4575	0.6590	0.1848	0.4624	0.2785	0.1984	0.0617	0.6980	0.1411	0.0793	0.2293	0.1984	0.4508	0.6028	0.1937	0.4501	0.3305	0.2159	0.0690	0.6610	0.1641	0.0775	0.2601	0.1625	0.0362	0.6398	0.1128	0.0482	0.2664	0.3381	0.0379	0.6999	0.2878	0.0363	0.2542	0.1783	0.9564	0.4896	0.2335	0.0763	0.6239	0.1871	0.0758	0.2910	0.2089	0.4440	0.5465	0.2026	0.4379	0.3825
339	3.39	0.3470	0.8855	0.5613	0.3020	0.8980	0.3618	0.2626	0.4508	0.6203	0.2502	0.4794	0.3099	0.2446	0.3880	0.6264	0.2267	0.3930	0.2955	0.2170	0.2053	0.7049	0.2442	0.1529	0.6855	0.2726	0.1562	0.7285	0.1814	0.2137	0.2248	0.2001	0.1523	0.2371	0.2264	0.1579	0.1931	0.3245	0.8917	0.4615	0.3245	0.8917	0.4615	0.2402	0.0370	0.6663	0.1902	0.0430	0.2610	0.2056	0.2961	0.6263	0.1817	0.2992	0.3020	0.0159	-0.0053	0.0382	0.0095	-0.0002	-0.0374	0.3064	1.2898	0.4779	0.2126	0.6572	0.3764	0.0075	0.0264	-0.0467	0.2298	0.6534	0.5671	0.0131	0.0336	0.0450	-0.0528	-0.0168	-0.0866	-0.0501	-0.0255	0.0756	0.1795	-0.0472	0.1560	0.0622	0.0000	0.0000	0.0000	0.0000	0.0000	0.0038	0.0514	0.0000	-0.0660	-0.0366	-0.0524	-0.0642	-0.0388	0.0422	0.2073	-0.0348	-0.1335	0.0654	0.0000	0.0000	0.0000	0.0000	0.0000	0.0060	0.0512	0.0000	0.1943	1.3336	0.4772	0.3470	0.8855	0.5613	0.3020	0.8980	0.3617	0.3064	1.2911	0.5300	0.3065	1.2885	0.4258	0.2284	0.8301	0.4147	0.2560	0.8225	0.5373	0.1880	0.4575	0.6590	0.1848	0.4624	0.2785	0.1984	0.0617	0.6981	0.1411	0.0794	0.2292	0.1985	0.4508	0.6027	0.1937	0.4501	0.3305	0.2160	0.0690	0.6609	0.1641	0.0776	0.2601	0.1626	0.0362	0.6398	0.1129	0.0483	0.2664	0.3381	0.0379	0.6999	0.2878	0.0363	0.2542	0.1785	0.9564	0.4896	0.2336	0.0763	0.6238	0.1871	0.0758	0.2910	0.2090	0.4440	0.5465	0.2027	0.4379	0.3825
340	3.40	0.3472	0.8855	0.5613	0.3022	0.8980	0.3617	0.2627	0.4508	0.6202	0.2503	0.4794	0.3099	0.2447	0.3880	0.6264	0.2267	0.3930	0.2955	0.2171	0.2053	0.7049	0.2443	0.1529	0.6855	0.2726	0.1562	0.7284	0.1814	0.2137	0.2248	0.2001	0.1523	0.2371	0.2264	0.1579	0.1931	0.3247	0.8917	0.4615	0.3247	0.8917	0.4615	0.2402	0.0370	0.6663	0.1902	0.0430	0.2610	0.2056	0.2962	0.6263	0.1818	0.2993	0.3020	0.0160	-0.0053	0.0382	0.0095	-0.0002	-0.0374	0.3065	1.2898	0.4779	0.2127	0.6573	0.3764	0.0075	0.0265	-0.0467	0.2300	0.6533	0.5671	0.0131	0.0335	0.0450	-0.0529	-0.0167	-0.0866	-0.0500	-0.0255	0.0755	0.1795	-0.0473	0.1559	0.0622	0.0000	0.0000	0.0000	0.0000	0.0000	0.0038	0.0514	0.0000	-0.0660	-0.0366	-0.0524	-0.0642	-0.0388	0.0422	0.2073	-0.0348	-0.1335	0.0654	0.0000	0.0000	0.0000	0.0000	0.0000	0.0060	0.0512	0.0000	0.1944	1.3336	0.4773	0.3472	0.8855	0.5613	0.3022	0.8980	0.3617	0.3065	1.2911	0.5300	0.3065	1.2885	0.4258	0.2285	0.8302	0.4146	0.2562	0.8224	0.5373	0.1881	0.4575	0.6590	0.1848	0.4624	0.2785	0.1984	0.0617	0.6981	0.1411	0.0794	0.2292	0.1986	0.4508	0.6027	0.1938	0.4502	0.3305	0.2160	0.0690	0.6609	0.1641	0.0776	0.2601	0.1626	0.0363	0.6398	0.1129	0.0483	0.2664	0.3382	0.0379	0.6999	0.2878	0.0363	0.2542	0.1786	0.9564	0.4896	0.2335	0.0763	0.6238	0.1872	0.0758	0.2910	0.2090	0.4441	0.5465	0.2028	0.4379	0.3825
341	3.41	0.3474	0.8855	0.5612	0.3023	0.8981	0.3617	0.2628	0.4508	0.6202	0.2504	0.4794	0.3099	0.2448	0.3880	0.6263	0.2268	0.3930	0.2955	0.2172	0.2053	0.7049	0.2443	0.1529	0.6854	0.2727	0.1562	0.7284	0.1814	0.2137	0.2248	0.2001	0.1523	0.2372	0.2264	0.1579	0.1931	0.3249	0.8918	0.4614	0.3249	0.8918	0.4614	0.2402	0.0371	0.6663	0.1902	0.0431	0.2610	0.2057	0.2962	0.6263	0.1818	0.2993	0.3020	0.0160	-0.0053	0.0382	0.0094	-0.0002	-0.0374	0.3066	1.2898	0.4779	0.2128	0.6573	0.3763	0.0075	0.0265	-0.0466	0.2301	0.6533	0.5670	0.0131	0.0335	0.0450	-0.0529	-0.0167	-0.0867	-0.0500	-0.0255	0.0756	0.1795	-0.0473	0.1559	0.0622	0.0000	0.0000	0.0000	0.0000	0.0000	0.0038	0.0514	0.0000	-0.0660	-0.0366	-0.0524	-0.0641	-0.0387	0.0422	0.2074	-0.0348	-0.1335	0.0654	0.0000	0.0000	0.0000	0.0000	0.0000	0.0060	0.0512	0.0000	0.1945	1.3336	0.4773	0.3474	0.8854	0.5612	0.3023	0.8981	0.3616	0.3066	1.2911	0.5299	0.3066	1.2885	0.4258	0.2287	0.8302	0.4146	0.2564	0.8224	0.5372	0.1883	0.4575	0.6589	0.1848	0.4625	0.2785	0.1984	0.0617	0.6980	0.1411	0.0795	0.2292	0.1986	0.4508	0.6027	0.1939	0.4502	0.3305	0.2160	0.0690	0.6609	0.1641	0.0777	0.2601	0.1626	0.0364	0.6397	0.1129	0.0484	0.2664	0.3382	0.0380	0.6999	0.2879	0.0364	0.2542	0.1788	0.9563	0.4896	0.2335	0.0764	0.6237	0.1872	0.0758	0.2910	0.2090	0.4441	0.5464	0.2029	0.4380	0.3824
342	3.42	0.3476	0.8854	0.5611	0.3024	0.8981	0.3616	0.2629	0.4508	0.6201	0.2505	0.4794	0.3098	0.2449	0.3880	0.6263	0.2269	0.3930	0.2955	0.2172	0.2053	0.7049	0.2444	0.1529	0.6854	0.2727	0.1562	0.7284	0.1814	0.2137	0.2248	0.2002	0.1523	0.2371	0.2264	0.1579	0.1931	0.3250	0.8917	0.4614	0.3250	0.8917	0.4614	0.2402	0.0370	0.6663	0.1902	0.0431	0.2610	0.2057	0.2962	0.6263	0.1819	0.2993	0.3020	0.0160	-0.0053	0.0382	0.0094	-0.0002	-0.0374	0.3067	1.2898	0.4779	0.2129	0.6573	0.3763	0.0075	0.0264	-0.0466	0.2303	0.6533	0.5670	0.0131	0.0335	0.0450	-0.0529	-0.0167	-0.0867	-0.0500	-0.0255	0.0756	0.1795	-0.0474	0.1559	0.0622	0.0000	0.0000	0.0000	0.0000	0.0000	0.0038	0.0514	0.0000	-0.0660	-0.0366	-0.0524	-0.0641	-0.0387	0.0422	0.2074	-0.0349	-0.1335	0.0654	0.0000	0.0000	0.0000	0.0000	0.0000	0.0060	0.0512	0.0000	0.1946	1.3336	0.4774	0.3476	0.8854	0.5612	0.3024	0.8981	0.3616	0.3067	1.2910	0.5300	0.3067	1.2885	0.4258	0.2288	0.8302	0.4146	0.2566	0.8224	0.5372	0.1883	0.4575	0.6589	0.1849	0.4625	0.2785	0.1984	0.0617	0.6980	0.1411	0.0795	0.2292	0.1987	0.4508	0.6027	0.1939	0.4502	0.3305	0.2160	0.0690	0.6609	0.1641	0.0777	0.2601	0.1626	0.0364	0.6397	0.1129	0.0484	0.2664	0.3382	0.0379	0.6999	0.2878	0.0363	0.2542	0.1790	0.9563	0.4896	0.2335	0.0763	0.6238	0.1872	0.0758	0.2910	0.2091	0.4441	0.5464	0.2030	0.4380	0.3824
343	3.43	0.3478	0.8854	0.5611	0.3025	0.8980	0.3617	0.2630	0.4507	0.6202	0.2505	0.4794	0.3098	0.2449	0.3879	0.6263	0.2269	0.3929	0.2955	0.2172	0.2052	0.7049	0.2444	0.1528	0.6855	0.2728	0.1561	0.7284	0.1814	0.2137	0.2248	0.2002	0.1523	0.2372	0.2264	0.1578	0.1931	0.3252	0.8917	0.4614	0.3252	0.8917	0.4614	0.2402	0.0370	0.6663	0.1902	0.0430	0.2610	0.2058	0.2961	0.6262	0.1819	0.2993	0.3020	0.0160	-0.0053	0.0382	0.0094	-0.0002	-0.0374	0.3068	1.2897	0.4779	0.2130	0.6572	0.3763	0.0075	0.0264	-0.0467	0.2304	0.6533	0.5670	0.0131	0.0335	0.0450	-0.0529	-0.0168	-0.0866	-0.0501	-0.0255	0.0756	0.1796	-0.0474	0.1558	0.0622	0.0000	0.0000	0.0000	0.0000	0.0000	0.0038	0.0514	0.0000	-0.0660	-0.0366	-0.0523	-0.0642	-0.0388	0.0422	0.2073	-0.0349	-0.1335	0.0654	0.0000	0.0000	0.0000	0.0000	0.0000	0.0060	0.0512	0.0000	0.1947	1.3334	0.4775	0.3478	0.8854	0.5611	0.3025	0.8980	0.3616	0.3069	1.2909	0.5300	0.3068	1.2885	0.4259	0.2289	0.8301	0.4146	0.2568	0.8224	0.5372	0.1884	0.4575	0.6589	0.1849	0.4624	0.2785	0.1984	0.0616	0.6981	0.1411	0.0794	0.2293	0.1988	0.4508	0.6027	0.1939	0.4502	0.3305	0.2160	0.0690	0.6609	0.1641	0.0776	0.2601	0.1626	0.0363	0.6398	0.1129	0.0483	0.2665	0.3382	0.0379	0.6999	0.2878	0.0363	0.2542	0.1792	0.9563	0.4896	0.2336	0.0763	0.6237	0.1872	0.0758	0.2910	0.2092	0.4441	0.5464	0.2030	0.4379	0.3825
344	3.44	0.3480	0.8853	0.5610	0.3026	0.8979	0.3617	0.2629	0.4507	0.6202	0.2506	0.4794	0.3098	0.2449	0.3878	0.6263	0.2270	0.3929	0.2955	0.2172	0.2052	0.7049	0.2444	0.1527	0.6855	0.2728	0.1560	0.7284	0.1815	0.2137	0.2248	0.2002	0.1523	0.2372	0.2264	0.1578	0.1931	0.3253	0.8916	0.4613	0.3253	0.8916	0.4613	0.2402	0.0369	0.6664	0.1902	0.0429	0.2611	0.2058	0.2961	0.6262	0.1819	0.2992	0.3020	0.0160	-0.0053	0.0382	0.0094	-0.0003	-0.0374	0.3069	1.2897	0.4780	0.2131	0.6572	0.3764	0.0075	0.0264	-0.0467	0.2305	0.6533	0.5670	0.0131	0.0335	0.0450	-0.0528	-0.0168	-0.0866	-0.0501	-0.0255	0.0756	0.1796	-0.0474	0.1558	0.0622	0.0000	0.0000	0.0000	0.0000	0.0000	0.0038	0.0514	0.0000	-0.0660	-0.0366	-0.0523	-0.0643	-0.0388	0.0423	0.2073	-0.0349	-0.1335	0.0654	0.0000	0.0000	0.0000	0.0000	0.0000	0.0061	0.0512	0.0000	0.1948	1.3333	0.4776	0.3480	0.8853	0.5611	0.3026	0.8979	0.3616	0.3070	1.2908	0.5300	0.3069	1.2885	0.4259	0.2290	0.8301	0.4147	0.2569	0.8224	0.5373	0.1885	0.4574	0.6589	0.1850	0.4624	0.2785	0.1984	0.0616	0.6981	0.1410	0.0793	0.2293	0.1989	0.4507	0.6026	0.1940	0.4501	0.3305	0.2160	0.0689	0.6609	0.1641	0.0775	0.2602	0.1625	0.0362	0.6398	0.1129	0.0482	0.2665	0.3382	0.0378	0.6999	0.2878	0.0362	0.2542	0.1794	0.9563	0.4897	0.2337	0.0763	0.6237	0.1871	0.0757	0.2910	0.2093	0.4440	0.5464	0.2030	0.4378	0.3825
345	3.45	0.3482	0.8853	0.5609	0.3027	0.8978	0.3617	0.2630	0.4507	0.6202	0.2506	0.4794	0.3097	0.2450	0.3878	0.6263	0.2270	0.3930	0.2954	0.2173	0.2052	0.7049	0.2444	0.1527	0.6854	0.2728	0.1560	0.7284	0.1815	0.2137	0.2248	0.2002	0.1523	0.2371	0.2264	0.1579	0.1931	0.3255	0.8916	0.4613	0.3255	0.8916	0.4613	0.2402	0.0369	0.6664	0.1902	0.0429	0.2611	0.2059	0.2961	0.6262	0.1819	0.2992	0.3020	0.0160	-0.0053	0.0382	0.0094	-0.0003	-0.0373	0.3071	1.2896	0.4780	0.2132	0.6572	0.3764	0.0074	0.0264	-0.0467	0.2306	0.6533	0.5670	0.0131	0.0335	0.0450	-0.0528	-0.0168	-0.0866	-0.0502	-0.0256	0.0756	0.1796	-0.0474	0.1558	0.0622	0.0000	0.0000	0.0000	0.0000	0.0000	0.0038	0.0514	0.0000	-0.0660	-0.0366	-0.0523	-0.0643	-0.0388	0.0423	0.2074	-0.0349	-0.1335	0.0654	0.0000	0.0000	0.0000	0.0000	0.0000	0.0061	0.0512	0.0000	0.1949	1.3333	0.4777	0.3482	0.8853	0.5610	0.3027	0.8978	0.3615	0.3071	1.2908	0.5300	0.3070	1.2885	0.4259	0.2292	0.8301	0.4147	0.2571	0.8224	0.5373	0.1885	0.4574	0.6589	0.1851	0.4624	0.2785	0.1984	0.0616	0.6980	0.1410	0.0793	0.2294	0.1989	0.4507	0.6026	0.1941	0.4501	0.3305	0.2160	0.0690	0.6609	0.1641	0.0775	0.2602	0.1625	0.0362	0.6398	0.1129	0.0482	0.2666	0.3382	0.0378	0.6999	0.2878	0.0362	0.2542	0.1795	0.9563	0.4896	0.2337	0.0763	0.6237	0.1871	0.0757	0.2910	0.2093	0.4440	0.5463	0.2031	0.4377	0.3825
346	3.46	0.3484	0.8853	0.5609	0.3029	0.8979	0.3616	0.2631	0.4507	0.6202	0.2507	0.4794	0.3097	0.2451	0.3879	0.6262	0.2271	0.3930	0.2954	0.2174	0.2052	0.7049	0.2445	0.1527	0.6854	0.2728	0.1560	0.7283	0.1815	0.2137	0.2248	0.2002	0.1523	0.2371	0.2264	0.1579	0.1930	0.3256	0.8916	0.4612	0.3256	0.8916	0.4612	0.2402	0.0369	0.6664	0.1902	0.0429	0.2611	0.2059	0.2961	0.6262	0.1820	0.2992	0.3020	0.0160	-0.0053	0.0382	0.0095	-0.0003	-0.0374	0.3072	1.2896	0.4780	0.2133	0.6572	0.3763	0.0075	0.0264	-0.0467	0.2308	0.6533	0.5670	0.0131	0.0335	0.0450	-0.0528	-0.0167	-0.0866	-0.0502	-0.0256	0.0756	0.1796	-0.0475	0.1558	0.0622	0.0000	0.0000	0.0000	0.0000	0.0000	0.0039	0.0514	0.0000	-0.0660	-0.0366	-0.0523	-0.0643	-0.0388	0.0423	0.2074	-0.0348	-0.1335	0.0654	0.0000	0.0000	0.0000	0.0000	0.0000	0.0060	0.0512	0.0000	0.1950	1.3333	0.4777	0.3484	0.8853	0.5610	0.3029	0.8979	0.3615	0.3073	1.2908	0.5301	0.3071	1.2885	0.4259	0.2293	0.8301	0.4146	0.2573	0.8224	0.5372	0.1887	0.4575	0.6589	0.1851	0.4624	0.2785	0.1985	0.0617	0.6980	0.1411	0.0793	0.2294	0.1990	0.4508	0.6026	0.1941	0.4501	0.3305	0.2161	0.0690	0.6609	0.1641	0.0775	0.2602	0.1626	0.0362	0.6398	0.1129	0.0482	0.2666	0.3382	0.0378	0.6999	0.2878	0.0363	0.2542	0.1797	0.9563	0.4896	0.2337	0.0763	0.6237	0.1872	0.0757	0.2910	0.2094	0.4440	0.5463	0.2032	0.4378	0.3824
347	3.47	0.3485	0.8853	0.5608	0.3031	0.8979	0.3615	0.2632	0.4507	0.6201	0.2507	0.4794	0.3097	0.2452	0.3879	0.6261	0.2271	0.3930	0.2954	0.2175	0.2053	0.7048	0.2446	0.1528	0.6854	0.2729	0.1561	0.7283	0.1815	0.2137	0.2248	0.2002	0.1523	0.2371	0.2264	0.1578	0.1930	0.3258	0.8916	0.4612	0.3258	0.8916	0.4612	0.2402	0.0370	0.6663	0.1902	0.0430	0.2611	0.2060	0.2962	0.6262	0.1820	0.2993	0.3020	0.0159	-0.0053	0.0382	0.0095	-0.0002	-0.0374	0.3073	1.2897	0.4780	0.2134	0.6572	0.3763	0.0075	0.0264	-0.0467	0.2309	0.6533	0.5669	0.0131	0.0335	0.0450	-0.0528	-0.0167	-0.0866	-0.0501	-0.0255	0.0756	0.1796	-0.0475	0.1558	0.0622	0.0000	0.0000	0.0000	0.0000	0.0000	0.0039	0.0514	0.0000	-0.0660	-0.0366	-0.0523	-0.0642	-0.0388	0.0423	0.2073	-0.0348	-0.1336	0.0654	0.0000	0.0000	0.0000	0.0000	0.0000	0.0060	0.0512	0.0000	0.1952	1.3333	0.4777	0.3486	0.8853	0.5609	0.3031	0.8979	0.3614	0.3074	1.2908	0.5300	0.3072	1.2885	0.4259	0.2295	0.8301	0.4145	0.2575	0.8223	0.5371	0.1888	0.4575	0.6588	0.1851	0.4624	0.2785	0.1985	0.0617	0.6980	0.1411	0.0794	0.2293	0.1991	0.4508	0.6026	0.1942	0.4502	0.3305	0.2161	0.0690	0.6608	0.1642	0.0776	0.2602	0.1626	0.0363	0.6397	0.1129	0.0483	0.2665	0.3382	0.0378	0.6999	0.2879	0.0363	0.2542	0.1798	0.9563	0.4896	0.2337	0.0763	0.6237	0.1872	0.0758	0.2910	0.2095	0.4440	0.5463	0.2032	0.4379	0.3824
348	3.48	0.3487	0.8853	0.5608	0.3032	0.8980	0.3614	0.2634	0.4508	0.6200	0.2508	0.4794	0.3097	0.2453	0.3880	0.6261	0.2271	0.3930	0.2954	0.2175	0.2053	0.7048	0.2446	0.1529	0.6853	0.2730	0.1561	0.7283	0.1815	0.2138	0.2248	0.2002	0.1523	0.2371	0.2264	0.1579	0.1930	0.3260	0.8917	0.4611	0.3260	0.8917	0.4611	0.2403	0.0371	0.6663	0.1902	0.0431	0.2610	0.2060	0.2962	0.6261	0.1821	0.2994	0.3019	0.0159	-0.0053	0.0382	0.0095	-0.0002	-0.0374	0.3074	1.2897	0.4780	0.2136	0.6573	0.3762	0.0075	0.0264	-0.0466	0.2310	0.6533	0.5668	0.0130	0.0335	0.0450	-0.0528	-0.0167	-0.0867	-0.0500	-0.0255	0.0756	0.1796	-0.0476	0.1558	0.0622	0.0000	0.0000	0.0000	0.0000	0.0000	0.0039	0.0514	0.0000	-0.0660	-0.0366	-0.0524	-0.0641	-0.0387	0.0422	0.2073	-0.0348	-0.1336	0.0654	0.0000	0.0000	0.0000	0.0000	0.0000	0.0060	0.0512	0.0000	0.1953	1.3334	0.4777	0.3487	0.8853	0.5609	0.3032	0.8980	0.3614	0.3076	1.2909	0.5300	0.3073	1.2885	0.4259	0.2297	0.8302	0.4144	0.2576	0.8223	0.5370	0.1889	0.4576	0.6588	0.1851	0.4625	0.2785	0.1985	0.0618	0.6980	0.1411	0.0795	0.2293	0.1992	0.4508	0.6025	0.1942	0.4502	0.3304	0.2161	0.0690	0.6608	0.1642	0.0777	0.2601	0.1626	0.0364	0.6397	0.1129	0.0484	0.2664	0.3383	0.0379	0.6998	0.2879	0.0364	0.2542	0.1800	0.9563	0.4896	0.2337	0.0763	0.6237	0.1873	0.0759	0.2910	0.2095	0.4441	0.5462	0.2033	0.4380	0.3823
349	3.49	0.3489	0.8853	0.5608	0.3034	0.8981	0.3614	0.2635	0.4508	0.6199	0.2508	0.4794	0.3096	0.2453	0.3880	0.6260	0.2272	0.3930	0.2954	0.2176	0.2054	0.7048	0.2447	0.1529	0.6853	0.2730	0.1562	0.7283	0.1815	0.2138	0.2248	0.2002	0.1524	0.2371	0.2264	0.1579	0.1930	0.3262	0.8917	0.4611	0.3262	0.8917	0.4611	0.2403	0.0371	0.6663	0.1903	0.0431	0.2610	0.2061	0.2962	0.6261	0.1821	0.2994	0.3019	0.0159	-0.0053	0.0382	0.0095	-0.0002	-0.0374	0.3076	1.2897	0.4780	0.2137	0.6573	0.3762	0.0075	0.0265	-0.0466	0.2312	0.6533	0.5668	0.0130	0.0335	0.0450	-0.0528	-0.0167	-0.0867	-0.0500	-0.0255	0.0755	0.1795	-0.0477	0.1558	0.0622	0.0000	0.0000	0.0000	0.0000	0.0000	0.0039	0.0514	0.0000	-0.0660	-0.0366	-0.0525	-0.0641	-0.0387	0.0422	0.2074	-0.0347	-0.1335	0.0654	0.0000	0.0000	0.0000	0.0000	0.0000	0.0060	0.0512	0.0000	0.1954	1.3334	0.4778	0.3489	0.8853	0.5608	0.3034	0.8981	0.3613	0.3078	1.2909	0.5300	0.3074	1.2886	0.4260	0.2299	0.8302	0.4144	0.2578	0.8223	0.5369	0.1890	0.4576	0.6588	0.1852	0.4625	0.2785	0.1986	0.0618	0.6979	0.1411	0.0796	0.2293	0.1993	0.4509	0.6025	0.1943	0.4503	0.3304	0.2161	0.0691	0.6608	0.1642	0.0778	0.2601	0.1626	0.0365	0.6397	0.1129	0.0485	0.2664	0.3383	0.0380	0.6998	0.2879	0.0364	0.2542	0.1801	0.9563	0.4896	0.2337	0.0763	0.6236	0.1873	0.0760	0.2910	0.2095	0.4441	0.5462	0.2035	0.4381	0.3823
350	3.50	0.3491	0.8853	0.5607	0.3036	0.8981	0.3614	0.2636	0.4507	0.6199	0.2508	0.4794	0.3096	0.2454	0.3880	0.6260	0.2272	0.3930	0.2954	0.2176	0.2054	0.7048	0.2447	0.1529	0.6853	0.2730	0.1562	0.7282	0.1815	0.2138	0.2247	0.2002	0.1524	0.2371	0.2265	0.1579	0.1930	0.3263	0.8917	0.4611	0.3263	0.8917	0.4611	0.2403	0.0371	0.6663	0.1903	0.0431	0.2610	0.2062	0.2962	0.6261	0.1822	0.2994	0.3019	0.0159	-0.0053	0.0382	0.0095	-0.0002	-0.0374	0.3077	1.2897	0.4780	0.2138	0.6573	0.3761	0.0075	0.0265	-0.0466	0.2313	0.6533	0.5667	0.0130	0.0335	0.0450	-0.0528	-0.0166	-0.0867	-0.0500	-0.0255	0.0755	0.1796	-0.0477	0.1558	0.0622	0.0000	0.0000	0.0000	0.0000	0.0000	0.0039	0.0514	0.0000	-0.0660	-0.0366	-0.0525	-0.0641	-0.0387	0.0422	0.2073	-0.0347	-0.1336	0.0654	0.0000	0.0000	0.0000	0.0000	0.0000	0.0060	0.0512	0.0000	0.1955	1.3333	0.4779	0.3491	0.8852	0.5608	0.3036	0.8981	0.3613	0.3079	1.2909	0.5301	0.3075	1.2885	0.4260	0.2300	0.8302	0.4143	0.2580	0.8223	0.5369	0.1891	0.4576	0.6587	0.1852	0.4625	0.2785	0.1986	0.0618	0.6980	0.1411	0.0796	0.2293	0.1994	0.4509	0.6025	0.1944	0.4503	0.3304	0.2161	0.0691	0.6608	0.1642	0.0778	0.2601	0.1626	0.0365	0.6397	0.1129	0.0485	0.2664	0.3383	0.0379	0.6999	0.2879	0.0364	0.2542	0.1803	0.9563	0.4896	0.2337	0.0763	0.6236	0.1873	0.0760	0.2910	0.2096	0.4441	0.5462	0.2036	0.4381	0.3823
351	3.51	0.3492	0.8852	0.5607	0.3037	0.8980	0.3614	0.2636	0.4506	0.6198	0.2509	0.4793	0.3096	0.2454	0.3879	0.6260	0.2273	0.3930	0.2954	0.2176	0.2053	0.7047	0.2447	0.1528	0.6853	0.2730	0.1561	0.7282	0.1816	0.2138	0.2247	0.2003	0.1523	0.2371	0.2265	0.1578	0.1930	0.3264	0.8916	0.4611	0.3264	0.8916	0.4611	0.2403	0.0370	0.6663	0.1902	0.0431	0.2610	0.2062	0.2962	0.6261	0.1822	0.2994	0.3019	0.0160	-0.0053	0.0382	0.0095	-0.0002	-0.0374	0.3078	1.2896	0.4781	0.2139	0.6573	0.3761	0.0075	0.0265	-0.0466	0.2314	0.6532	0.5667	0.0131	0.0335	0.0450	-0.0528	-0.0167	-0.0866	-0.0500	-0.0255	0.0756	0.1796	-0.0476	0.1558	0.0622	0.0000	0.0000	0.0000	0.0000	0.0000	0.0039	0.0514	0.0000	-0.0659	-0.0366	-0.0524	-0.0642	-0.0387	0.0422	0.2073	-0.0348	-0.1335	0.0654	0.0000	0.0000	0.0000	0.0000	0.0000	0.0060	0.0512	0.0000	0.1956	1.3332	0.4779	0.3492	0.8852	0.5608	0.3037	0.8980	0.3613	0.3080	1.2908	0.5301	0.3076	1.2885	0.4260	0.2301	0.8301	0.4144	0.2581	0.8223	0.5369	0.1891	0.4576	0.6587	0.1853	0.4625	0.2784	0.1986	0.0618	0.6979	0.1411	0.0795	0.2293	0.1994	0.4508	0.6024	0.1944	0.4502	0.3304	0.2161	0.0690	0.6608	0.1642	0.0777	0.2601	0.1626	0.0364	0.6397	0.1129	0.0484	0.2664	0.3383	0.0379	0.6999	0.2879	0.0363	0.2542	0.1805	0.9563	0.4896	0.2337	0.0763	0.6236	0.1872	0.0758	0.2910	0.2097	0.4441	0.5462	0.2035	0.4379	0.3823
352	3.52	0.3493	0.8851	0.5607	0.3038	0.8979	0.3614	0.2636	0.4505	0.6198	0.2510	0.4793	0.3096	0.2455	0.3878	0.6260	0.2273	0.3929	0.2954	0.2176	0.2052	0.7048	0.2447	0.1527	0.6853	0.2730	0.1560	0.7283	0.1816	0.2138	0.2247	0.2003	0.1523	0.2371	0.2265	0.1578	0.1930	0.3266	0.8915	0.4611	0.3266	0.8915	0.4611	0.2402	0.0370	0.6663	0.1902	0.0430	0.2611	0.2062	0.2961	0.6261	0.1822	0.2993	0.3019	0.0160	-0.0053	0.0382	0.0094	-0.0002	-0.0374	0.3079	1.2895	0.4781	0.2139	0.6572	0.3762	0.0074	0.0264	-0.0467	0.2315	0.6532	0.5667	0.0131	0.0336	0.0450	-0.0528	-0.0167	-0.0866	-0.0501	-0.0255	0.0756	0.1796	-0.0476	0.1558	0.0622	0.0000	0.0000	0.0000	0.0000	0.0000	0.0039	0.0514	0.0000	-0.0659	-0.0366	-0.0523	-0.0642	-0.0387	0.0423	0.2073	-0.0349	-0.1335	0.0654	0.0000	0.0000	0.0000	0.0000	0.0000	0.0061	0.0513	0.0000	0.1958	1.3331	0.4780	0.3493	0.8851	0.5608	0.3038	0.8979	0.3613	0.3081	1.2906	0.5302	0.3077	1.2884	0.4261	0.2302	0.8301	0.4144	0.2582	0.8222	0.5369	0.1892	0.4575	0.6587	0.1854	0.4625	0.2784	0.1985	0.0617	0.6980	0.1411	0.0794	0.2293	0.1995	0.4507	0.6024	0.1945	0.4502	0.3304	0.2161	0.0690	0.6608	0.1641	0.0776	0.2601	0.1626	0.0363	0.6397	0.1129	0.0483	0.2665	0.3383	0.0378	0.6999	0.2878	0.0362	0.2542	0.1806	0.9563	0.4896	0.2337	0.0763	0.6236	0.1872	0.0757	0.2910	0.2098	0.4440	0.5461	0.2035	0.4378	0.3823
353	3.53	0.3494	0.8851	0.5607	0.3040	0.8978	0.3614	0.2637	0.4504	0.6198	0.2510	0.4793	0.3096	0.2455	0.3877	0.6260	0.2274	0.3929	0.2953	0.2176	0.2052	0.7048	0.2447	0.1527	0.6853	0.2731	0.1559	0.7283	0.1816	0.2138	0.2247	0.2003	0.1523	0.2371	0.2265	0.1578	0.1930	0.3267	0.8914	0.4610	0.3267	0.8914	0.4610	0.2402	0.0369	0.6663	0.1902	0.0429	0.2611	0.2063	0.2961	0.6260	0.1822	0.2992	0.3020	0.0160	-0.0053	0.0382	0.0095	-0.0003	-0.0374	0.3080	1.2895	0.4781	0.2140	0.6572	0.3762	0.0074	0.0265	-0.0467	0.2316	0.6532	0.5667	0.0131	0.0336	0.0450	-0.0528	-0.0167	-0.0866	-0.0502	-0.0255	0.0756	0.1796	-0.0476	0.1557	0.0622	0.0000	0.0000	0.0000	0.0000	0.0000	0.0038	0.0514	0.0000	-0.0659	-0.0366	-0.0523	-0.0643	-0.0388	0.0423	0.2073	-0.0349	-0.1336	0.0654	0.0000	0.0000	0.0000	0.0000	0.0000	0.0061	0.0513	0.0000	0.1959	1.3330	0.4781	0.3495	0.8851	0.5608	0.3039	0.8978	0.3613	0.3082	1.2906	0.5302	0.3078	1.2884	0.4261	0.2303	0.8300	0.4144	0.2583	0.8222	0.5370	0.1892	0.4574	0.6587	0.1855	0.4625	0.2784	0.1985	0.0617	0.6980	0.1411	0.0794	0.2293	0.1995	0.4507	0.6024	0.1945	0.4501	0.3304	0.2161	0.0690	0.6608	0.1641	0.0775	0.2602	0.1626	0.0363	0.6397	0.1129	0.0482	0.2665	0.3382	0.0377	0.6999	0.2878	0.0362	0.2542	0.1808	0.9563	0.4896	0.2337	0.0763	0.6236	0.1872	0.0757	0.2910	0.2099	0.4440	0.5461	0.2036	0.4377	0.3824
354	3.54	0.3496	0.8851	0.5607	0.3041	0.8978	0.3614	0.2638	0.4504	0.6198	0.2511	0.4792	0.3096	0.2455	0.3877	0.6259	0.2275	0.3929	0.2953	0.2177	0.2052	0.7047	0.2447	0.1526	0.6853	0.2731	0.1559	0.7282	0.1817	0.2138	0.2247	0.2003	0.1523	0.2371	0.2266	0.1578	0.1930	0.3269	0.8914	0.4610	0.3269	0.8914	0.4610	0.2403	0.0369	0.6663	0.1902	0.0429	0.2611	0.2063	0.2961	0.6260	0.1823	0.2992	0.3019	0.0160	-0.0053	0.0382	0.0095	-0.0003	-0.0374	0.3081	1.2895	0.4782	0.2142	0.6572	0.3762	0.0074	0.0265	-0.0467	0.2317	0.6532	0.5667	0.0131	0.0336	0.0450	-0.0528	-0.0167	-0.0866	-0.0502	-0.0255	0.0756	0.1797	-0.0476	0.1557	0.0622	0.0000	0.0000	0.0000	0.0000	0.0000	0.0038	0.0514	0.0000	-0.0659	-0.0366	-0.0523	-0.0643	-0.0388	0.0423	0.2073	-0.0348	-0.1335	0.0654	0.0000	0.0000	0.0000	0.0000	0.0000	0.0061	0.0512	0.0000	0.1961	1.3330	0.4781	0.3497	0.8851	0.5608	0.3041	0.8978	0.3613	0.3083	1.2906	0.5302	0.3080	1.2884	0.4261	0.2305	0.8301	0.4144	0.2585	0.8222	0.5370	0.1893	0.4574	0.6587	0.1856	0.4625	0.2784	0.1986	0.0617	0.6980	0.1411	0.0794	0.2293	0.1996	0.4507	0.6024	0.1946	0.4501	0.3304	0.2162	0.0690	0.6608	0.1641	0.0775	0.2601	0.1626	0.0363	0.6397	0.1129	0.0483	0.2665	0.3383	0.0377	0.6999	0.2878	0.0362	0.2542	0.1810	0.9563	0.4896	0.2338	0.0763	0.6236	0.1872	0.0757	0.2910	0.2100	0.4440	0.5461	0.2037	0.4377	0.3823
355	3.55	0.3498	0.8851	0.5607	0.3043	0.8978	0.3614	0.2638	0.4505	0.6197	0.2512	0.4792	0.3096	0.2456	0.3878	0.6259	0.2275	0.3929	0.2953	0.2177	0.2052	0.7047	0.2448	0.1527	0.6852	0.2731	0.1559	0.7282	0.1817	0.2138	0.2247	0.2003	0.1523	0.2371	0.2266	0.1578	0.1930	0.3270	0.8915	0.4610	0.3270	0.8915	0.4610	0.2403	0.0369	0.6663	0.1902	0.0430	0.2610	0.2063	0.2961	0.6260	0.1823	0.2993	0.3019	0.0160	-0.0053	0.0382	0.0095	-0.0003	-0.0374	0.3082	1.2895	0.4782	0.2143	0.6572	0.3761	0.0074	0.0264	-0.0467	0.2318	0.6532	0.5667	0.0131	0.0336	0.0450	-0.0528	-0.0167	-0.0866	-0.0501	-0.0255	0.0756	0.1796	-0.0476	0.1558	0.0622	0.0000	0.0000	0.0000	0.0000	0.0000	0.0038	0.0514	0.0000	-0.0659	-0.0366	-0.0524	-0.0643	-0.0388	0.0423	0.2073	-0.0348	-0.1335	0.0654	0.0000	0.0000	0.0000	0.0000	0.0000	0.0060	0.0513	0.0000	0.1962	1.3330	0.4781	0.3498	0.8851	0.5607	0.3043	0.8979	0.3613	0.3084	1.2906	0.5302	0.3081	1.2884	0.4262	0.2306	0.8301	0.4143	0.2586	0.8222	0.5369	0.1894	0.4575	0.6586	0.1857	0.4625	0.2783	0.1986	0.0617	0.6979	0.1411	0.0794	0.2292	0.1997	0.4507	0.6023	0.1947	0.4501	0.3303	0.2162	0.0690	0.6608	0.1641	0.0776	0.2601	0.1626	0.0363	0.6397	0.1129	0.0483	0.2664	0.3383	0.0377	0.6999	0.2878	0.0362	0.2542	0.1811	0.9563	0.4895	0.2338	0.0762	0.6236	0.1872	0.0757	0.2909	0.2100	0.4440	0.5461	0.2037	0.4378	0.3823
356	3.56	0.3499	0.8851	0.5607	0.3045	0.8979	0.3613	0.2639	0.4505	0.6197	0.2512	0.4792	0.3096	0.2455	0.3878	0.6257	0.2276	0.3930	0.2953	0.2178	0.2053	0.7047	0.2448	0.1527	0.6852	0.2732	0.1560	0.7282	0.1817	0.2138	0.2247	0.2003	0.1523	0.2371	0.2266	0.1578	0.1930	0.3272	0.8915	0.4610	0.3272	0.8915	0.4610	0.2403	0.0370	0.6663	0.1902	0.0431	0.2610	0.2064	0.2962	0.6260	0.1824	0.2993	0.3019	0.0159	-0.0053	0.0382	0.0095	-0.0003	-0.0374	0.3084	1.2895	0.4782	0.2144	0.6573	0.3761	0.0075	0.0265	-0.0467	0.2319	0.6532	0.5666	0.0131	0.0335	0.0450	-0.0528	-0.0167	-0.0866	-0.0501	-0.0255	0.0756	0.1796	-0.0479	0.1557	0.0622	0.0000	0.0000	0.0000	0.0000	0.0000	0.0039	0.0514	0.0000	-0.0659	-0.0366	-0.0524	-0.0642	-0.0387	0.0422	0.2073	-0.0348	-0.1336	0.0654	0.0000	0.0000	0.0000	0.0000	0.0000	0.0060	0.0513	0.0000	0.1963	1.3331	0.4781	0.3499	0.8851	0.5607	0.3045	0.8979	0.3613	0.3085	1.2906	0.5302	0.3082	1.2884	0.4262	0.2308	0.8301	0.4143	0.2588	0.8222	0.5368	0.1894	0.4575	0.6586	0.1857	0.4625	0.2783	0.1986	0.0618	0.6979	0.1411	0.0795	0.2292	0.1997	0.4508	0.6023	0.1948	0.4502	0.3303	0.2162	0.0690	0.6608	0.1642	0.0777	0.2601	0.1626	0.0364	0.6397	0.1129	0.0484	0.2664	0.3383	0.0378	0.6999	0.2878	0.0363	0.2542	0.1812	0.9563	0.4895	0.2337	0.0762	0.6236	0.1872	0.0758	0.2909	0.2100	0.4440	0.5460	0.2038	0.4379	0.3823
357	3.57	0.3500	0.8851	0.5607	0.3047	0.8980	0.3613	0.2641	0.4506	0.6197	0.2513	0.4793	0.3095	0.2454	0.3878	0.6256	0.2277	0.3930	0.2953	0.2178	0.2054	0.7047	0.2449	0.1528	0.6852	0.2732	0.1561	0.7282	0.1817	0.2138	0.2246	0.2004	0.1524	0.2370	0.2266	0.1579	0.1929	0.3274	0.8916	0.4610	0.3274	0.8916	0.4610	0.2403	0.0371	0.6663	0.1903	0.0431	0.2610	0.2064	0.2962	0.6260	0.1825	0.2994	0.3018	0.0159	-0.0053	0.0382	0.0095	-0.0003	-0.0374	0.3085	1.2896	0.4783	0.2146	0.6573	0.3760	0.0075	0.0265	-0.0466	0.2320	0.6533	0.5666	0.0130	0.0335	0.0450	-0.0528	-0.0166	-0.0867	-0.0500	-0.0254	0.0756	0.1796	-0.0482	0.1556	0.0622	0.0000	0.0000	0.0000	0.0000	0.0000	0.0039	0.0514	0.0000	-0.0659	-0.0366	-0.0525	-0.0642	-0.0387	0.0422	0.2073	-0.0348	-0.1336	0.0654	0.0000	0.0000	0.0000	0.0000	0.0000	0.0060	0.0513	0.0000	0.1965	1.3331	0.4781	0.3501	0.8851	0.5607	0.3047	0.8980	0.3612	0.3087	1.2907	0.5303	0.3083	1.2885	0.4263	0.2311	0.8302	0.4142	0.2589	0.8222	0.5368	0.1896	0.4576	0.6586	0.1858	0.4626	0.2783	0.1986	0.0619	0.6979	0.1412	0.0796	0.2291	0.1998	0.4508	0.6023	0.1949	0.4503	0.3302	0.2162	0.0691	0.6607	0.1642	0.0778	0.2600	0.1627	0.0365	0.6396	0.1129	0.0485	0.2663	0.3384	0.0379	0.6999	0.2879	0.0364	0.2542	0.1814	0.9564	0.4895	0.2337	0.0763	0.6236	0.1873	0.0760	0.2909	0.2101	0.4441	0.5460	0.2040	0.4381	0.3822
358	3.58	0.3502	0.8851	0.5607	0.3049	0.8981	0.3613	0.2641	0.4507	0.6196	0.2514	0.4793	0.3095	0.2457	0.3879	0.6257	0.2277	0.3930	0.2953	0.2179	0.2054	0.7046	0.2449	0.1529	0.6852	0.2732	0.1561	0.7281	0.1818	0.2139	0.2246	0.2004	0.1524	0.2370	0.2267	0.1579	0.1929	0.3275	0.8916	0.4610	0.3275	0.8916	0.4610	0.2404	0.0372	0.6662	0.1903	0.0432	0.2609	0.2065	0.2963	0.6259	0.1826	0.2995	0.3017	0.0159	-0.0053	0.0382	0.0095	-0.0002	-0.0374	0.3086	1.2896	0.4783	0.2148	0.6574	0.3759	0.0075	0.0266	-0.0465	0.2321	0.6533	0.5665	0.0130	0.0335	0.0450	-0.0527	-0.0166	-0.0867	-0.0500	-0.0254	0.0756	0.1796	-0.0479	0.1557	0.0622	0.0000	0.0000	0.0000	0.0000	0.0000	0.0039	0.0514	0.0000	-0.0659	-0.0365	-0.0525	-0.0641	-0.0387	0.0422	0.2073	-0.0348	-0.1336	0.0654	0.0000	0.0000	0.0000	0.0000	0.0000	0.0060	0.0512	0.0000	0.1966	1.3331	0.4780	0.3502	0.8851	0.5607	0.3049	0.8981	0.3612	0.3088	1.2908	0.5303	0.3085	1.2885	0.4263	0.2312	0.8302	0.4141	0.2591	0.8222	0.5367	0.1896	0.4577	0.6585	0.1859	0.4626	0.2782	0.1987	0.0619	0.6979	0.1412	0.0797	0.2291	0.1999	0.4509	0.6022	0.1950	0.4504	0.3301	0.2162	0.0691	0.6607	0.1643	0.0779	0.2600	0.1627	0.0365	0.6396	0.1129	0.0486	0.2663	0.3384	0.0379	0.6999	0.2879	0.0364	0.2541	0.1815	0.9564	0.4894	0.2338	0.0763	0.6236	0.1873	0.0760	0.2909	0.2101	0.4441	0.5460	0.2041	0.4381	0.3820
359	3.59	0.3502	0.8850	0.5607	0.3050	0.8980	0.3612	0.2641	0.4506	0.6196	0.2515	0.4792	0.3095	0.2458	0.3879	0.6257	0.2278	0.3930	0.2952	0.2179	0.2054	0.7046	0.2449	0.1528	0.6852	0.2732	0.1561	0.7281	0.1818	0.2138	0.2246	0.2004	0.1524	0.2370	0.2267	0.1578	0.1929	0.3276	0.8915	0.4610	0.3276	0.8915	0.4610	0.2403	0.0371	0.6662	0.1902	0.0432	0.2609	0.2065	0.2962	0.6259	0.1826	0.2995	0.3017	0.0159	-0.0053	0.0382	0.0095	-0.0003	-0.0374	0.3087	1.2896	0.4783	0.2148	0.6574	0.3759	0.0075	0.0265	-0.0465	0.2322	0.6532	0.5665	0.0130	0.0335	0.0450	-0.0527	-0.0166	-0.0867	-0.0500	-0.0253	0.0755	0.1796	-0.0479	0.1557	0.0622	0.0000	0.0000	0.0000	0.0000	0.0000	0.0039	0.0514	0.0000	-0.0659	-0.0365	-0.0525	-0.0641	-0.0386	0.0422	0.2073	-0.0349	-0.1336	0.0654	0.0000	0.0000	0.0000	0.0000	0.0000	0.0060	0.0513	0.0000	0.1967	1.3331	0.4780	0.3503	0.8850	0.5607	0.3050	0.8981	0.3612	0.3089	1.2908	0.5303	0.3086	1.2885	0.4264	0.2313	0.8302	0.4141	0.2591	0.8222	0.5367	0.1896	0.4576	0.6585	0.1860	0.4625	0.2782	0.1986	0.0619	0.6979	0.1412	0.0797	0.2290	0.1999	0.4508	0.6022	0.1951	0.4503	0.3301	0.2162	0.0691	0.6607	0.1643	0.0778	0.2600	0.1627	0.0365	0.6396	0.1129	0.0487	0.2662	0.3384	0.0379	0.6999	0.2879	0.0364	0.2541	0.1817	0.9564	0.4894	0.2338	0.0763	0.6236	0.1873	0.0760	0.2909	0.2102	0.4440	0.5459	0.2041	0.4381	0.3820
360	3.60	0.3504	0.8849	0.5607	0.3052	0.8980	0.3613	0.2642	0.4506	0.6196	0.2516	0.4792	0.3095	0.2458	0.3879	0.6258	0.2279	0.3929	0.2952	0.2179	0.2053	0.7046	0.2449	0.1528	0.6852	0.2732	0.1560	0.7282	0.1819	0.2138	0.2246	0.2004	0.1523	0.2370	0.2267	0.1578	0.1929	0.3278	0.8915	0.4610	0.3278	0.8915	0.4610	0.2403	0.0371	0.6662	0.1902	0.0432	0.2609	0.2065	0.2962	0.6259	0.1826	0.2994	0.3017	0.0159	-0.0053	0.0382	0.0095	-0.0003	-0.0374	0.3088	1.2896	0.4784	0.2149	0.6573	0.3759	0.0075	0.0265	-0.0466	0.2322	0.6532	0.5665	0.0130	0.0335	0.0450	-0.0527	-0.0166	-0.0867	-0.0501	-0.0254	0.0755	0.1796	-0.0478	0.1557	0.0622	0.0000	0.0000	0.0000	0.0000	0.0000	0.0039	0.0514	0.0000	-0.0659	-0.0366	-0.0525	-0.0642	-0.0387	0.0422	0.2073	-0.0349	-0.1336	0.0654	0.0000	0.0000	0.0000	0.0000	0.0000	0.0060	0.0513	0.0000	0.1969	1.3330	0.4781	0.3504	0.8849	0.5608	0.3052	0.8980	0.3612	0.3090	1.2907	0.5303	0.3087	1.2885	0.4265	0.2314	0.8302	0.4141	0.2592	0.8222	0.5367	0.1896	0.4576	0.6585	0.1861	0.4625	0.2782	0.1986	0.0619	0.6979	0.1412	0.0796	0.2291	0.1999	0.4508	0.6022	0.1951	0.4503	0.3302	0.2162	0.0691	0.6607	0.1643	0.0778	0.2600	0.1627	0.0365	0.6396	0.1129	0.0486	0.2662	0.3383	0.0378	0.6999	0.2879	0.0363	0.2542	0.1819	0.9563	0.4894	0.2338	0.0763	0.6236	0.1873	0.0759	0.2909	0.2102	0.4440	0.5459	0.2042	0.4380	0.3821
361	3.61	0.3505	0.8849	0.5607	0.3053	0.8979	0.3614	0.2642	0.4505	0.6196	0.2517	0.4792	0.3095	0.2458	0.3878	0.6258	0.2279	0.3930	0.2952	0.2179	0.2053	0.7046	0.2449	0.1527	0.6852	0.2732	0.1560	0.7282	0.1820	0.2138	0.2245	0.2005	0.1524	0.2370	0.2268	0.1578	0.1929	0.3279	0.8914	0.4610	0.3279	0.8914	0.4610	0.2403	0.0370	0.6663	0.1902	0.0431	0.2609	0.2065	0.2962	0.6259	0.1827	0.2994	0.3017	0.0160	-0.0053	0.0382	0.0095	-0.0003	-0.0374	0.3089	1.2897	0.4784	0.2150	0.6573	0.3759	0.0075	0.0265	-0.0466	0.2323	0.6532	0.5665	0.0131	0.0335	0.0450	-0.0527	-0.0167	-0.0867	-0.0501	-0.0255	0.0756	0.1796	-0.0478	0.1557	0.0622	0.0000	0.0000	0.0000	0.0000	0.0000	0.0039	0.0514	0.0000	-0.0659	-0.0366	-0.0524	-0.0643	-0.0387	0.0422	0.2073	-0.0349	-0.1335	0.0654	0.0000	0.0000	0.0000	0.0000	0.0000	0.0060	0.0512	0.0000	0.1971	1.3329	0.4781	0.3505	0.8849	0.5608	0.3053	0.8979	0.3613	0.3090	1.2907	0.5303	0.3088	1.2886	0.4266	0.2316	0.8301	0.4142	0.2593	0.8222	0.5368	0.1896	0.4575	0.6584	0.1862	0.4625	0.2782	0.1986	0.0618	0.6979	0.1412	0.0796	0.2291	0.2000	0.4508	0.6022	0.1952	0.4502	0.3301	0.2162	0.0690	0.6607	0.1642	0.0777	0.2600	0.1627	0.0364	0.6396	0.1129	0.0485	0.2663	0.3383	0.0378	0.6999	0.2879	0.0363	0.2542	0.1820	0.9563	0.4893	0.2338	0.0763	0.6236	0.1872	0.0759	0.2909	0.2103	0.4440	0.5459	0.2042	0.4379	0.3821
362	3.62	0.3506	0.8849	0.5607	0.3055	0.8978	0.3614	0.2641	0.4504	0.6196	0.2518	0.4792	0.3095	0.2458	0.3878	0.6258	0.2280	0.3929	0.2952	0.2178	0.2052	0.7046	0.2449	0.1527	0.6852	0.2732	0.1559	0.7282	0.1820	0.2138	0.2245	0.2005	0.1523	0.2370	0.2268	0.1578	0.1929	0.3280	0.8913	0.4611	0.3280	0.8913	0.4611	0.2403	0.0370	0.6663	0.1902	0.0430	0.2609	0.2065	0.2961	0.6259	0.1827	0.2993	0.3017	0.0160	-0.0053	0.0382	0.0095	-0.0003	-0.0374	0.3090	1.2897	0.4785	0.2151	0.6572	0.3759	0.0075	0.0265	-0.0467	0.2324	0.6532	0.5665	0.0131	0.0336	0.0450	-0.0527	-0.0166	-0.0867	-0.0502	-0.0255	0.0756	0.1796	-0.0478	0.1557	0.0622	0.0000	0.0000	0.0000	0.0000	0.0000	0.0039	0.0514	0.0000	-0.0659	-0.0366	-0.0524	-0.0643	-0.0388	0.0423	0.2073	-0.0349	-0.1335	0.0654	0.0000	0.0000	0.0000	0.0000	0.0000	0.0060	0.0512	0.0000	0.1972	1.3329	0.4781	0.3506	0.8849	0.5608	0.3054	0.8978	0.3613	0.3091	1.2907	0.5303	0.3089	1.2887	0.4266	0.2316	0.8301	0.4142	0.2594	0.8222	0.5368	0.1896	0.4575	0.6584	0.1863	0.4625	0.2781	0.1986	0.0618	0.6979	0.1412	0.0795	0.2291	0.2000	0.4507	0.6021	0.1953	0.4502	0.3301	0.2162	0.0690	0.6607	0.1642	0.0777	0.2600	0.1627	0.0364	0.6396	0.1129	0.0485	0.2663	0.3383	0.0377	0.6999	0.2878	0.0362	0.2542	0.1822	0.9564	0.4893	0.2338	0.0762	0.6236	0.1872	0.0758	0.2909	0.2103	0.4440	0.5459	0.2042	0.4378	0.3821
363	3.63	0.3507	0.8848	0.5608	0.3056	0.8978	0.3614	0.2641	0.4504	0.6196	0.2518	0.4792	0.3095	0.2458	0.3877	0.6258	0.2280	0.3929	0.2952	0.2178	0.2052	0.7046	0.2448	0.1527	0.6852	0.2732	0.1559	0.7282	0.1820	0.2138	0.2245	0.2005	0.1523	0.2370	0.2269	0.1577	0.1929	0.3281	0.8913	0.4611	0.3281	0.8913	0.4611	0.2403	0.0369	0.6663	0.1902	0.0430	0.2609	0.2066	0.2961	0.6259	0.1827	0.2993	0.3017	0.0160	-0.0053	0.0382	0.0095	-0.0003	-0.0374	0.3091	1.2897	0.4786	0.2152	0.6572	0.3759	0.0075	0.0265	-0.0467	0.2324	0.6531	0.5665	0.0131	0.0336	0.0450	-0.0528	-0.0166	-0.0866	-0.0501	-0.0254	0.0756	0.1796	-0.0478	0.1557	0.0622	0.0000	0.0000	0.0000	0.0000	0.0000	0.0039	0.0514	0.0000	-0.0659	-0.0366	-0.0524	-0.0643	-0.0387	0.0423	0.2073	-0.0349	-0.1335	0.0654	0.0000	0.0000	0.0000	0.0000	0.0000	0.0060	0.0512	0.0000	0.1973	1.3328	0.4780	0.3507	0.8848	0.5609	0.3056	0.8978	0.3613	0.3091	1.2907	0.5304	0.3091	1.2887	0.4267	0.2318	0.8301	0.4142	0.2595	0.8221	0.5368	0.1896	0.4574	0.6584	0.1864	0.4625	0.2781	0.1986	0.0617	0.6979	0.1412	0.0795	0.2290	0.2000	0.4507	0.6021	0.1953	0.4502	0.3301	0.2162	0.0690	0.6607	0.1642	0.0777	0.2600	0.1627	0.0363	0.6396	0.1129	0.0485	0.2662	0.3383	0.0377	0.7000	0.2878	0.0362	0.2542	0.1823	0.9563	0.4893	0.2338	0.0762	0.6236	0.1872	0.0758	0.2909	0.2104	0.4440	0.5458	0.2042	0.4378	0.3821
364	3.64	0.3508	0.8848	0.5608	0.3059	0.8978	0.3613	0.2642	0.4504	0.6196	0.2519	0.4792	0.3095	0.2459	0.3878	0.6257	0.2281	0.3929	0.2952	0.2178	0.2052	0.7046	0.2449	0.1527	0.6852	0.2732	0.1559	0.7282	0.1821	0.2139	0.2245	0.2006	0.1523	0.2369	0.2269	0.1578	0.1929	0.3283	0.8913	0.4611	0.3283	0.8913	0.4611	0.2403	0.0370	0.6663	0.1902	0.0431	0.2609	0.2066	0.2961	0.6258	0.1828	0.2994	0.3017	0.0160	-0.0053	0.0382	0.0094	-0.0003	-0.0374	0.3092	1.2898	0.4786	0.2153	0.6573	0.3759	0.0075	0.0265	-0.0467	0.2325	0.6531	0.5665	0.0131	0.0335	0.0450	-0.0528	-0.0166	-0.0866	-0.0501	-0.0254	0.0755	0.1796	-0.0478	0.1557	0.0622	0.0000	0.0000	0.0000	0.0000	0.0000	0.0039	0.0514	0.0000	-0.0659	-0.0366	-0.0524	-0.0643	-0.0387	0.0422	0.2073	-0.0349	-0.1336	0.0654	0.0000	0.0000	0.0000	0.0000	0.0000	0.0060	0.0512	0.0000	0.1974	1.3328	0.4780	0.3508	0.8848	0.5609	0.3059	0.8978	0.3613	0.3092	1.2908	0.5304	0.3092	1.2888	0.4268	0.2320	0.8301	0.4141	0.2596	0.8221	0.5367	0.1897	0.4575	0.6584	0.1865	0.4626	0.2781	0.1986	0.0618	0.6979	0.1413	0.0796	0.2290	0.2000	0.4507	0.6021	0.1953	0.4502	0.3301	0.2162	0.0690	0.6607	0.1643	0.0777	0.2599	0.1627	0.0364	0.6396	0.1129	0.0485	0.2662	0.3383	0.0377	0.7000	0.2878	0.0362	0.2542	0.1825	0.9563	0.4892	0.2338	0.0762	0.6236	0.1872	0.0758	0.2909	0.2104	0.4440	0.5458	0.2042	0.4379	0.3821
365	3.65	0.3509	0.8849	0.5609	0.3063	0.8978	0.3611	0.2642	0.4505	0.6196	0.2520	0.4792	0.3095	0.2459	0.3878	0.6257	0.2282	0.3930	0.2951	0.2178	0.2053	0.7046	0.2449	0.1527	0.6852	0.2732	0.1560	0.7282	0.1821	0.2139	0.2245	0.2006	0.1524	0.2369	0.2269	0.1578	0.1929	0.3286	0.8913	0.4610	0.3286	0.8913	0.4610	0.2403	0.0370	0.6663	0.1902	0.0431	0.2609	0.2066	0.2961	0.6258	0.1828	0.2994	0.3016	0.0159	-0.0053	0.0382	0.0095	-0.0003	-0.0374	0.3093	1.2899	0.4786	0.2156	0.6573	0.3757	0.0075	0.0265	-0.0467	0.2326	0.6532	0.5663	0.0131	0.0335	0.0450	-0.0528	-0.0166	-0.0867	-0.0501	-0.0255	0.0756	0.1796	-0.0478	0.1557	0.0622	0.0000	0.0000	0.0000	0.0000	0.0000	0.0039	0.0514	0.0000	-0.0659	-0.0365	-0.0524	-0.0642	-0.0388	0.0422	0.2073	-0.0348	-0.1335	0.0654	0.0000	0.0000	0.0000	0.0000	0.0000	0.0060	0.0512	0.0000	0.1976	1.3329	0.4779	0.3509	0.8849	0.5608	0.3063	0.8978	0.3611	0.3093	1.2909	0.5304	0.3094	1.2889	0.4269	0.2324	0.8301	0.4138	0.2597	0.8221	0.5365	0.1897	0.4575	0.6583	0.1866	0.4626	0.2780	0.1986	0.0618	0.6979	0.1413	0.0797	0.2290	0.2001	0.4508	0.6021	0.1954	0.4503	0.3301	0.2162	0.0690	0.6607	0.1642	0.0778	0.2599	0.1627	0.0364	0.6396	0.1129	0.0486	0.2661	0.3383	0.0378	0.6999	0.2878	0.0362	0.2542	0.1826	0.9564	0.4892	0.2339	0.0762	0.6236	0.1872	0.0759	0.2908	0.2104	0.4440	0.5458	0.2043	0.4380	0.3821
366	3.66	0.3510	0.8849	0.5609	0.3066	0.8978	0.3610	0.2643	0.4505	0.6195	0.2520	0.4792	0.3095	0.2460	0.3878	0.6257	0.2282	0.3930	0.2951	0.2179	0.2053	0.7045	0.2449	0.1528	0.6851	0.2732	0.1560	0.7282	0.1821	0.2139	0.2244	0.2006	0.1524	0.2369	0.2270	0.1578	0.1929	0.3288	0.8913	0.4610	0.3288	0.8913	0.4610	0.2403	0.0371	0.6662	0.1902	0.0432	0.2608	0.2066	0.2962	0.6258	0.1829	0.2995	0.3016	0.0159	-0.0053	0.0382	0.0095	-0.0003	-0.0374	0.3095	1.2900	0.4787	0.2157	0.6573	0.3756	0.0075	0.0265	-0.0466	0.2327	0.6532	0.5663	0.0131	0.0335	0.0450	-0.0527	-0.0166	-0.0867	-0.0501	-0.0254	0.0756	0.1796	-0.0479	0.1557	0.0622	0.0000	0.0000	0.0000	0.0000	0.0000	0.0039	0.0514	0.0000	-0.0659	-0.0365	-0.0524	-0.0642	-0.0387	0.0422	0.2073	-0.0348	-0.1336	0.0654	0.0000	0.0000	0.0000	0.0000	0.0000	0.0060	0.0512	0.0000	0.1977	1.3329	0.4779	0.3509	0.8849	0.5608	0.3066	0.8978	0.3611	0.3094	1.2910	0.5304	0.3095	1.2890	0.4269	0.2326	0.8301	0.4137	0.2598	0.8222	0.5364	0.1897	0.4576	0.6583	0.1866	0.4626	0.2780	0.1986	0.0619	0.6978	0.1413	0.0797	0.2289	0.2001	0.4508	0.6020	0.1955	0.4503	0.3300	0.2162	0.0691	0.6607	0.1643	0.0778	0.2599	0.1627	0.0365	0.6396	0.1129	0.0487	0.2661	0.3383	0.0378	0.6999	0.2878	0.0363	0.2542	0.1827	0.9564	0.4892	0.2338	0.0762	0.6236	0.1873	0.0760	0.2908	0.2105	0.4440	0.5458	0.2044	0.4381	0.3820
367	3.67	0.3510	0.8849	0.5609	0.3068	0.8978	0.3610	0.2643	0.4505	0.6195	0.2521	0.4792	0.3094	0.2460	0.3879	0.6257	0.2283	0.3930	0.2951	0.2179	0.2054	0.7045	0.2449	0.1528	0.6851	0.2732	0.1560	0.7282	0.1822	0.2139	0.2244	0.2006	0.1524	0.2369	0.2270	0.1578	0.1929	0.3289	0.8913	0.4610	0.3289	0.8913	0.4610	0.2403	0.0371	0.6662	0.1902	0.0432	0.2608	0.2067	0.2962	0.6258	0.1830	0.2995	0.3016	0.0159	-0.0053	0.0382	0.0095	-0.0003	-0.0374	0.3096	1.2900	0.4787	0.2158	0.6573	0.3756	0.0075	0.0265	-0.0466	0.2327	0.6532	0.5663	0.0131	0.0335	0.0450	-0.0527	-0.0166	-0.0867	-0.0501	-0.0253	0.0755	0.1796	-0.0479	0.1557	0.0622	0.0000	0.0000	0.0000	0.0000	0.0000	0.0039	0.0514	0.0000	-0.0659	-0.0365	-0.0525	-0.0642	-0.0386	0.0421	0.2073	-0.0349	-0.1335	0.0654	0.0000	0.0000	0.0000	0.0000	0.0000	0.0060	0.0513	0.0000	0.1979	1.3329	0.4778	0.3510	0.8849	0.5609	0.3068	0.8978	0.3611	0.3095	1.2910	0.5304	0.3097	1.2890	0.4270	0.2327	0.8301	0.4137	0.2599	0.8222	0.5364	0.1898	0.4576	0.6583	0.1868	0.4626	0.2780	0.1986	0.0619	0.6978	0.1415	0.0798	0.2288	0.2002	0.4508	0.6020	0.1956	0.4504	0.3300	0.2162	0.0691	0.6607	0.1644	0.0779	0.2598	0.1627	0.0365	0.6395	0.1129	0.0487	0.2660	0.3383	0.0378	0.6999	0.2879	0.0363	0.2542	0.1829	0.9564	0.4891	0.2338	0.0763	0.6235	0.1873	0.0760	0.2908	0.2105	0.4440	0.5458	0.2045	0.4381	0.3820
368	3.68	0.3511	0.8849	0.5610	0.3069	0.8978	0.3610	0.2644	0.4505	0.6195	0.2522	0.4792	0.3095	0.2460	0.3879	0.6257	0.2283	0.3930	0.2951	0.2179	0.2054	0.7045	0.2449	0.1528	0.6851	0.2732	0.1561	0.7282	0.1822	0.2139	0.2244	0.2006	0.1524	0.2369	0.2270	0.1578	0.1929	0.3290	0.8913	0.4610	0.3290	0.8913	0.4610	0.2404	0.0371	0.6662	0.1902	0.0433	0.2608	0.2067	0.2962	0.6258	0.1830	0.2996	0.3016	0.0159	-0.0053	0.0382	0.0095	-0.0003	-0.0374	0.3098	1.2900	0.4788	0.2159	0.6574	0.3756	0.0075	0.0265	-0.0466	0.2328	0.6532	0.5662	0.0131	0.0335	0.0450	-0.0527	-0.0166	-0.0867	-0.0500	-0.0252	0.0754	0.1796	-0.0479	0.1557	0.0622	0.0000	0.0000	0.0000	0.0000	0.0000	0.0039	0.0514	0.0000	-0.0659	-0.0366	-0.0525	-0.0642	-0.0386	0.0421	0.2073	-0.0349	-0.1335	0.0654	0.0000	0.0000	0.0000	0.0000	0.0000	0.0060	0.0512	0.0000	0.1981	1.3330	0.4778	0.3511	0.8849	0.5609	0.3069	0.8978	0.3611	0.3096	1.2910	0.5305	0.3099	1.2890	0.4270	0.2328	0.8301	0.4136	0.2600	0.8222	0.5364	0.1898	0.4576	0.6583	0.1868	0.4626	0.2780	0.1986	0.0619	0.6978	0.1415	0.0798	0.2288	0.2002	0.4508	0.6020	0.1957	0.4504	0.3300	0.2162	0.0691	0.6607	0.1644	0.0779	0.2598	0.1627	0.0365	0.6395	0.1129	0.0488	0.2660	0.3384	0.0378	0.6999	0.2879	0.0363	0.2542	0.1830	0.9564	0.4891	0.2338	0.0763	0.6235	0.1873	0.0760	0.2908	0.2106	0.4440	0.5457	0.2046	0.4382	0.3820
369	3.69	0.3512	0.8848	0.5610	0.3070	0.8978	0.3611	0.2644	0.4506	0.6195	0.2523	0.4792	0.3095	0.2461	0.3879	0.6257	0.2284	0.3930	0.2951	0.2179	0.2054	0.7045	0.2450	0.1528	0.6851	0.2732	0.1561	0.7282	0.1823	0.2139	0.2244	0.2007	0.1524	0.2369	0.2271	0.1578	0.1929	0.3291	0.8913	0.4610	0.3291	0.8913	0.4610	0.2404	0.0371	0.6662	0.1902	0.0433	0.2608	0.2067	0.2962	0.6257	0.1831	0.2996	0.3015	0.0159	-0.0053	0.0382	0.0095	-0.0003	-0.0374	0.3099	1.2900	0.4788	0.2160	0.6574	0.3755	0.0075	0.0265	-0.0465	0.2328	0.6532	0.5662	0.0131	0.0335	0.0450	-0.0527	-0.0166	-0.0867	-0.0500	-0.0252	0.0755	0.1796	-0.0479	0.1557	0.0622	0.0000	0.0000	0.0000	0.0000	0.0000	0.0039	0.0514	0.0000	-0.0659	-0.0366	-0.0525	-0.0642	-0.0386	0.0421	0.2073	-0.0349	-0.1335	0.0654	0.0000	0.0000	0.0000	0.0000	0.0000	0.0060	0.0512	0.0000	0.1982	1.3330	0.4778	0.3511	0.8848	0.5609	0.3071	0.8978	0.3611	0.3098	1.2910	0.5305	0.3101	1.2890	0.4271	0.2330	0.8301	0.4136	0.2601	0.8221	0.5364	0.1898	0.4576	0.6582	0.1869	0.4626	0.2780	0.1986	0.0619	0.6978	0.1415	0.0799	0.2288	0.2002	0.4508	0.6020	0.1958	0.4504	0.3299	0.2162	0.0691	0.6607	0.1644	0.0780	0.2598	0.1627	0.0365	0.6395	0.1129	0.0488	0.2660	0.3384	0.0378	0.6999	0.2879	0.0363	0.2542	0.1831	0.9564	0.4891	0.2339	0.0763	0.6235	0.1873	0.0760	0.2908	0.2106	0.4440	0.5457	0.2046	0.4382	0.3819
370	3.70	0.3513	0.8848	0.5610	0.3072	0.8978	0.3611	0.2645	0.4505	0.6195	0.2524	0.4792	0.3095	0.2459	0.3878	0.6255	0.2285	0.3930	0.2951	0.2180	0.2054	0.7045	0.2450	0.1528	0.6851	0.2732	0.1560	0.7282	0.1823	0.2139	0.2244	0.2007	0.1524	0.2369	0.2271	0.1578	0.1929	0.3292	0.8913	0.4611	0.3292	0.8913	0.4611	0.2404	0.0371	0.6662	0.1903	0.0433	0.2608	0.2068	0.2962	0.6257	0.1831	0.2995	0.3015	0.0159	-0.0053	0.0382	0.0095	-0.0003	-0.0374	0.3101	1.2900	0.4788	0.2161	0.6573	0.3756	0.0075	0.0265	-0.0465	0.2329	0.6532	0.5662	0.0131	0.0335	0.0450	-0.0527	-0.0166	-0.0867	-0.0500	-0.0252	0.0755	0.1796	-0.0481	0.1556	0.0622	0.0000	0.0000	0.0000	0.0000	0.0000	0.0039	0.0514	0.0000	-0.0659	-0.0366	-0.0525	-0.0642	-0.0386	0.0422	0.2073	-0.0349	-0.1335	0.0654	0.0000	0.0000	0.0000	0.0000	0.0000	0.0060	0.0512	0.0000	0.1984	1.3330	0.4777	0.3512	0.8848	0.5610	0.3072	0.8978	0.3612	0.3099	1.2909	0.5306	0.3103	1.2890	0.4271	0.2331	0.8301	0.4137	0.2601	0.8221	0.5364	0.1899	0.4576	0.6582	0.1870	0.4626	0.2780	0.1986	0.0619	0.6978	0.1415	0.0799	0.2288	0.2003	0.4508	0.6020	0.1959	0.4504	0.3299	0.2163	0.0691	0.6607	0.1644	0.0779	0.2598	0.1628	0.0365	0.6395	0.1129	0.0488	0.2660	0.3384	0.0378	0.7000	0.2879	0.0363	0.2542	0.1832	0.9564	0.4891	0.2339	0.0763	0.6235	0.1873	0.0760	0.2908	0.2107	0.4440	0.5457	0.2047	0.4381	0.3818
371	3.71	0.3513	0.8848	0.5611	0.3072	0.8978	0.3611	0.2645	0.4505	0.6196	0.2524	0.4791	0.3095	0.2457	0.3877	0.6254	0.2285	0.3929	0.2951	0.2179	0.2053	0.7045	0.2450	0.1528	0.6852	0.2732	0.1560	0.7282	0.1824	0.2139	0.2244	0.2007	0.1524	0.2369	0.2271	0.1578	0.1929	0.3293	0.8913	0.4611	0.3293	0.8913	0.4611	0.2404	0.0371	0.6662	0.1902	0.0432	0.2608	0.2068	0.2962	0.6257	0.1831	0.2995	0.3015	0.0160	-0.0053	0.0382	0.0095	-0.0003	-0.0374	0.3103	1.2899	0.4789	0.2162	0.6573	0.3756	0.0075	0.0266	-0.0466	0.2329	0.6532	0.5663	0.0131	0.0335	0.0450	-0.0527	-0.0166	-0.0867	-0.0501	-0.0253	0.0755	0.1796	-0.0483	0.1555	0.0622	0.0000	0.0000	0.0000	0.0000	0.0000	0.0039	0.0514	0.0000	-0.0659	-0.0366	-0.0524	-0.0642	-0.0386	0.0421	0.2073	-0.0349	-0.1335	0.0654	0.0000	0.0000	0.0000	0.0000	0.0000	0.0060	0.0512	0.0000	0.1985	1.3330	0.4777	0.3513	0.8848	0.5610	0.3073	0.8978	0.3612	0.3100	1.2908	0.5307	0.3105	1.2890	0.4271	0.2331	0.8301	0.4137	0.2601	0.8221	0.5365	0.1899	0.4575	0.6582	0.1871	0.4626	0.2780	0.1986	0.0619	0.6978	0.1415	0.0798	0.2288	0.2003	0.4508	0.6020	0.1959	0.4503	0.3299	0.2163	0.0691	0.6607	0.1644	0.0779	0.2598	0.1628	0.0365	0.6395	0.1129	0.0488	0.2660	0.3384	0.0378	0.7000	0.2879	0.0362	0.2542	0.1832	0.9564	0.4890	0.2339	0.0763	0.6235	0.1873	0.0760	0.2908	0.2107	0.4440	0.5457	0.2047	0.4380	0.3819
372	3.72	0.3513	0.8848	0.5611	0.3073	0.8977	0.3611	0.2644	0.4504	0.6196	0.2524	0.4791	0.3095	0.2460	0.3878	0.6256	0.2285	0.3930	0.2951	0.2179	0.2053	0.7045	0.2449	0.1527	0.6852	0.2732	0.1560	0.7282	0.1824	0.2139	0.2244	0.2007	0.1524	0.2369	0.2271	0.1578	0.1929	0.3293	0.8912	0.4611	0.3293	0.8912	0.4611	0.2404	0.0370	0.6662	0.1902	0.0432	0.2608	0.2068	0.2962	0.6257	0.1831	0.2995	0.3015	0.0160	-0.0053	0.0382	0.0094	-0.0003	-0.0374	0.3104	1.2899	0.4789	0.2162	0.6573	0.3756	0.0075	0.0265	-0.0466	0.2330	0.6532	0.5663	0.0131	0.0335	0.0450	-0.0527	-0.0166	-0.0867	-0.0501	-0.0253	0.0755	0.1797	-0.0480	0.1556	0.0622	0.0000	0.0000	0.0000	0.0000	0.0000	0.0039	0.0514	0.0000	-0.0659	-0.0366	-0.0524	-0.0642	-0.0387	0.0422	0.2073	-0.0349	-0.1335	0.0654	0.0000	0.0000	0.0000	0.0000	0.0000	0.0060	0.0512	0.0000	0.1987	1.3330	0.4776	0.3513	0.8848	0.5610	0.3073	0.8977	0.3612	0.3101	1.2908	0.5307	0.3107	1.2890	0.4271	0.2332	0.8301	0.4137	0.2602	0.8221	0.5365	0.1899	0.4575	0.6582	0.1871	0.4627	0.2779	0.1986	0.0619	0.6978	0.1415	0.0798	0.2288	0.2003	0.4508	0.6019	0.1958	0.4503	0.3299	0.2162	0.0691	0.6607	0.1644	0.0779	0.2598	0.1627	0.0365	0.6395	0.1129	0.0487	0.2660	0.3384	0.0377	0.7000	0.2878	0.0362	0.2542	0.1833	0.9564	0.4890	0.2339	0.0763	0.6235	0.1872	0.0760	0.2908	0.2107	0.4440	0.5457	0.2046	0.4380	0.3819
373	3.73	0.3515	0.8848	0.5611	0.3074	0.8977	0.3612	0.2645	0.4504	0.6196	0.2525	0.4792	0.3094	0.2461	0.3878	0.6256	0.2286	0.3930	0.2951	0.2179	0.2053	0.7045	0.2449	0.1527	0.6852	0.2731	0.1560	0.7282	0.1824	0.2140	0.2243	0.2008	0.1524	0.2368	0.2272	0.1578	0.1928	0.3294	0.8913	0.4611	0.3294	0.8913	0.4611	0.2403	0.0370	0.6662	0.1902	0.0432	0.2608	0.2068	0.2962	0.6257	0.1831	0.2995	0.3015	0.0160	-0.0053	0.0382	0.0094	-0.0003	-0.0374	0.3106	1.2898	0.4789	0.2163	0.6573	0.3756	0.0074	0.0265	-0.0466	0.2330	0.6532	0.5663	0.0131	0.0335	0.0450	-0.0527	-0.0166	-0.0867	-0.0501	-0.0253	0.0755	0.1797	-0.0479	0.1557	0.0622	0.0000	0.0000	0.0000	0.0000	0.0000	0.0039	0.0514	0.0000	-0.0659	-0.0365	-0.0524	-0.0643	-0.0387	0.0422	0.2073	-0.0349	-0.1335	0.0654	0.0000	0.0000	0.0000	0.0000	0.0000	0.0061	0.0512	0.0000	0.1989	1.3329	0.4776	0.3514	0.8848	0.5611	0.3074	0.8977	0.3612	0.3103	1.2907	0.5307	0.3110	1.2889	0.4271	0.2333	0.8301	0.4138	0.2603	0.8222	0.5365	0.1899	0.4575	0.6582	0.1871	0.4627	0.2779	0.1986	0.0618	0.6978	0.1415	0.0798	0.2288	0.2003	0.4508	0.6019	0.1959	0.4503	0.3299	0.2162	0.0691	0.6607	0.1643	0.0779	0.2598	0.1627	0.0364	0.6395	0.1129	0.0487	0.2660	0.3383	0.0377	0.7000	0.2878	0.0362	0.2542	0.1834	0.9564	0.4890	0.2339	0.0763	0.6235	0.1872	0.0759	0.2907	0.2108	0.4440	0.5457	0.2046	0.4379	0.3819
374	3.74	0.3515	0.8848	0.5612	0.3075	0.8977	0.3612	0.2645	0.4504	0.6196	0.2526	0.4792	0.3094	0.2461	0.3878	0.6257	0.2286	0.3930	0.2951	0.2179	0.2053	0.7045	0.2449	0.1527	0.6852	0.2731	0.1559	0.7282	0.1824	0.2140	0.2243	0.2008	0.1524	0.2368	0.2272	0.1578	0.1928	0.3295	0.8912	0.4612	0.3295	0.8912	0.4612	0.2403	0.0370	0.6663	0.1902	0.0431	0.2608	0.2068	0.2962	0.6257	0.1831	0.2994	0.3015	0.0160	-0.0053	0.0382	0.0094	-0.0004	-0.0374	0.3108	1.2898	0.4789	0.2163	0.6572	0.3756	0.0074	0.0265	-0.0466	0.2331	0.6532	0.5663	0.0131	0.0335	0.0450	-0.0527	-0.0166	-0.0867	-0.0502	-0.0253	0.0755	0.1797	-0.0479	0.1557	0.0622	0.0000	0.0000	0.0000	0.0000	0.0000	0.0039	0.0514	0.0000	-0.0658	-0.0365	-0.0524	-0.0643	-0.0387	0.0422	0.2074	-0.0350	-0.1335	0.0654	0.0000	0.0000	0.0000	0.0000	0.0000	0.0061	0.0512	0.0000	0.1991	1.3329	0.4776	0.3515	0.8848	0.5611	0.3075	0.8976	0.3613	0.3104	1.2906	0.5308	0.3113	1.2889	0.4271	0.2334	0.8301	0.4138	0.2604	0.8222	0.5366	0.1899	0.4575	0.6582	0.1872	0.4627	0.2779	0.1986	0.0618	0.6978	0.1415	0.0798	0.2288	0.2003	0.4507	0.6019	0.1959	0.4503	0.3299	0.2163	0.0691	0.6607	0.1643	0.0778	0.2598	0.1627	0.0364	0.6395	0.1129	0.0486	0.2660	0.3383	0.0377	0.7000	0.2878	0.0362	0.2542	0.1835	0.9564	0.4890	0.2339	0.0763	0.6235	0.1872	0.0759	0.2908	0.2108	0.4440	0.5457	0.2047	0.4379	0.3819
375	3.75	0.3515	0.8847	0.5612	0.3076	0.8976	0.3612	0.2644	0.4504	0.6196	0.2526	0.4791	0.3095	0.2461	0.3877	0.6257	0.2286	0.3930	0.2951	0.2179	0.2053	0.7045	0.2449	0.1527	0.6852	0.2731	0.1559	0.7283	0.1824	0.2139	0.2243	0.2008	0.1524	0.2368	0.2272	0.1578	0.1928	0.3296	0.8912	0.4612	0.3296	0.8912	0.4612	0.2403	0.0370	0.6663	0.1902	0.0431	0.2608	0.2068	0.2962	0.6257	0.1832	0.2994	0.3015	0.0160	-0.0053	0.0382	0.0094	-0.0004	-0.0374	0.3110	1.2897	0.4790	0.2164	0.6573	0.3756	0.0074	0.0265	-0.0466	0.2331	0.6532	0.5663	0.0131	0.0335	0.0450	-0.0527	-0.0165	-0.0866	-0.0502	-0.0253	0.0755	0.1797	-0.0479	0.1556	0.0622	0.0000	0.0000	0.0000	0.0000	0.0000	0.0039	0.0514	0.0000	-0.0658	-0.0365	-0.0524	-0.0643	-0.0387	0.0422	0.2074	-0.0349	-0.1335	0.0654	0.0000	0.0000	0.0000	0.0000	0.0000	0.0061	0.0512	0.0000	0.1993	1.3329	0.4776	0.3515	0.8848	0.5611	0.3076	0.8976	0.3613	0.3106	1.2905	0.5309	0.3115	1.2888	0.4271	0.2334	0.8300	0.4138	0.2604	0.8221	0.5366	0.1899	0.4575	0.6582	0.1872	0.4627	0.2779	0.1986	0.0618	0.6978	0.1415	0.0798	0.2288	0.2004	0.4507	0.6019	0.1960	0.4503	0.3299	0.2163	0.0691	0.6607	0.1643	0.0778	0.2598	0.1627	0.0364	0.6395	0.1129	0.0487	0.2659	0.3383	0.0377	0.7000	0.2878	0.0362	0.2542	0.1836	0.9564	0.4890	0.2339	0.0763	0.6235	0.1872	0.0759	0.2908	0.2108	0.4440	0.5457	0.2047	0.4379	0.3819
376	3.76	0.3516	0.8847	0.5613	0.3077	0.8977	0.3612	0.2645	0.4504	0.6196	0.2526	0.4791	0.3095	0.2461	0.3878	0.6257	0.2287	0.3929	0.2951	0.2179	0.2053	0.7045	0.2449	0.1527	0.6852	0.2731	0.1560	0.7282	0.1825	0.2139	0.2243	0.2008	0.1524	0.2368	0.2272	0.1578	0.1928	0.3296	0.8912	0.4612	0.3296	0.8912	0.4612	0.2404	0.0370	0.6662	0.1902	0.0432	0.2607	0.2068	0.2962	0.6257	0.1832	0.2995	0.3015	0.0160	-0.0053	0.0382	0.0095	-0.0004	-0.0374	0.3112	1.2896	0.4790	0.2164	0.6573	0.3756	0.0074	0.0265	-0.0466	0.2331	0.6532	0.5663	0.0131	0.0335	0.0450	-0.0527	-0.0165	-0.0866	-0.0501	-0.0253	0.0755	0.1797	-0.0480	0.1556	0.0622	0.0000	0.0000	0.0000	0.0000	0.0000	0.0039	0.0514	0.0000	-0.0658	-0.0365	-0.0524	-0.0642	-0.0387	0.0422	0.2074	-0.0349	-0.1335	0.0654	0.0000	0.0000	0.0000	0.0000	0.0000	0.0061	0.0512	0.0000	0.1995	1.3330	0.4775	0.3515	0.8847	0.5612	0.3077	0.8977	0.3613	0.3107	1.2905	0.5309	0.3118	1.2888	0.4271	0.2335	0.8301	0.4137	0.2604	0.8221	0.5365	0.1899	0.4575	0.6582	0.1873	0.4627	0.2779	0.1986	0.0619	0.6978	0.1415	0.0798	0.2287	0.2004	0.4508	0.6019	0.1960	0.4503	0.3299	0.2163	0.0691	0.6607	0.1643	0.0779	0.2597	0.1627	0.0365	0.6395	0.1129	0.0488	0.2659	0.3383	0.0377	0.7000	0.2878	0.0362	0.2542	0.1837	0.9564	0.4890	0.2339	0.0763	0.6235	0.1872	0.0760	0.2907	0.2108	0.4440	0.5457	0.2048	0.4380	0.3818
377	3.77	0.3516	0.8847	0.5613	0.3083	0.8974	0.3618	0.2645	0.4505	0.6196	0.2527	0.4791	0.3094	0.2461	0.3878	0.6256	0.2287	0.3930	0.2951	0.2180	0.2054	0.7045	0.2450	0.1528	0.6851	0.2732	0.1560	0.7282	0.1825	0.2140	0.2243	0.2008	0.1524	0.2368	0.2272	0.1578	0.1928	0.3300	0.8911	0.4615	0.3300	0.8911	0.4615	0.2404	0.0371	0.6662	0.1902	0.0433	0.2607	0.2068	0.2962	0.6257	0.1833	0.2996	0.3014	0.0159	-0.0053	0.0382	0.0095	-0.0003	-0.0374	0.3115	1.2896	0.4790	0.2167	0.6572	0.3756	0.0075	0.0266	-0.0465	0.2332	0.6532	0.5664	0.0130	0.0335	0.0450	-0.0527	-0.0165	-0.0867	-0.0501	-0.0253	0.0754	0.1796	-0.0480	0.1556	0.0622	0.0000	0.0000	0.0000	0.0000	0.0000	0.0039	0.0514	0.0000	-0.0658	-0.0365	-0.0525	-0.0642	-0.0386	0.0421	0.2074	-0.0350	-0.1335	0.0654	0.0000	0.0000	0.0000	0.0000	0.0000	0.0061	0.0512	0.0000	0.1997	1.3331	0.4774	0.3517	0.8847	0.5615	0.3083	0.8975	0.3615	0.3110	1.2905	0.5309	0.3121	1.2887	0.4271	0.2339	0.8299	0.4139	0.2606	0.8221	0.5368	0.1899	0.4576	0.6581	0.1873	0.4627	0.2779	0.1986	0.0619	0.6978	0.1415	0.0799	0.2287	0.2004	0.4508	0.6019	0.1962	0.4504	0.3298	0.2163	0.0691	0.6607	0.1644	0.0780	0.2597	0.1628	0.0365	0.6395	0.1129	0.0489	0.2658	0.3384	0.0378	0.7000	0.2879	0.0363	0.2542	0.1837	0.9565	0.4889	0.2339	0.0763	0.6235	0.1873	0.0760	0.2907	0.2109	0.4440	0.5457	0.2050	0.4381	0.3817
378	3.78	0.3517	0.8847	0.5613	0.3095	0.8968	0.3631	0.2646	0.4505	0.6195	0.2527	0.4791	0.3094	0.2462	0.3879	0.6256	0.2287	0.3930	0.2951	0.2180	0.2054	0.7045	0.2451	0.1529	0.6851	0.2732	0.1561	0.7282	0.1825	0.2140	0.2243	0.2008	0.1524	0.2368	0.2273	0.1578	0.1928	0.3306	0.8908	0.4622	0.3306	0.8908	0.4622	0.2404	0.0371	0.6662	0.1903	0.0434	0.2607	0.2069	0.2962	0.6257	0.1834	0.2996	0.3014	0.0159	-0.0053	0.0382	0.0095	-0.0003	-0.0374	0.3118	1.2896	0.4790	0.2172	0.6571	0.3759	0.0076	0.0265	-0.0465	0.2334	0.6531	0.5667	0.0129	0.0335	0.0450	-0.0527	-0.0165	-0.0867	-0.0500	-0.0252	0.0754	0.1796	-0.0481	0.1556	0.0622	0.0000	0.0000	0.0000	0.0000	0.0000	0.0039	0.0514	0.0000	-0.0658	-0.0365	-0.0526	-0.0642	-0.0386	0.0421	0.2073	-0.0349	-0.1335	0.0654	0.0000	0.0000	0.0000	0.0000	0.0000	0.0060	0.0512	0.0000	0.2000	1.3332	0.4774	0.3519	0.8846	0.5623	0.3093	0.8969	0.3621	0.3112	1.2905	0.5309	0.3123	1.2887	0.4271	0.2347	0.8296	0.4144	0.2609	0.8220	0.5373	0.1900	0.4576	0.6581	0.1873	0.4627	0.2779	0.1987	0.0620	0.6978	0.1416	0.0800	0.2286	0.2004	0.4508	0.6019	0.1962	0.4504	0.3298	0.2163	0.0692	0.6606	0.1645	0.0780	0.2597	0.1628	0.0366	0.6394	0.1129	0.0490	0.2658	0.3384	0.0378	0.7000	0.2879	0.0363	0.2542	0.1837	0.9566	0.4888	0.2340	0.0763	0.6235	0.1873	0.0761	0.2907	0.2109	0.4440	0.5457	0.2051	0.4382	0.3817
379	3.79	0.3517	0.8847	0.5613	0.3098	0.8967	0.3634	0.2646	0.4505	0.6195	0.2527	0.4791	0.3095	0.2462	0.3879	0.6256	0.2287	0.3930	0.2951	0.2180	0.2054	0.7045	0.2451	0.1528	0.6851	0.2732	0.1561	0.7282	0.1825	0.2139	0.2243	0.2008	0.1524	0.2368	0.2273	0.1578	0.1928	0.3308	0.8907	0.4624	0.3308	0.8907	0.4624	0.2405	0.0371	0.6662	0.1903	0.0434	0.2606	0.2069	0.2962	0.6257	0.1833	0.2996	0.3014	0.0159	-0.0053	0.0382	0.0095	-0.0003	-0.0374	0.3120	1.2895	0.4790	0.2173	0.6570	0.3760	0.0077	0.0265	-0.0465	0.2334	0.6531	0.5668	0.0129	0.0335	0.0450	-0.0527	-0.0165	-0.0867	-0.0500	-0.0252	0.0754	0.1796	-0.0481	0.1556	0.0622	0.0000	0.0000	0.0000	0.0000	0.0000	0.0039	0.0514	0.0000	-0.0658	-0.0365	-0.0526	-0.0641	-0.0386	0.0421	0.2073	-0.0349	-0.1336	0.0654	0.0000	0.0000	0.0000	0.0000	0.0000	0.0060	0.0512	0.0000	0.2002	1.3332	0.4773	0.3520	0.8846	0.5625	0.3096	0.8967	0.3623	0.3114	1.2905	0.5309	0.3126	1.2886	0.4271	0.2349	0.8295	0.4145	0.2609	0.8220	0.5375	0.1900	0.4576	0.6581	0.1874	0.4627	0.2779	0.1987	0.0620	0.6978	0.1416	0.0800	0.2286	0.2004	0.4508	0.6019	0.1962	0.4504	0.3298	0.2163	0.0691	0.6606	0.1645	0.0780	0.2596	0.1628	0.0366	0.6394	0.1129	0.0490	0.2658	0.3385	0.0378	0.7000	0.2879	0.0363	0.2542	0.1838	0.9566	0.4888	0.2339	0.0763	0.6235	0.1873	0.0761	0.2907	0.2109	0.4440	0.5457	0.2050	0.4382	0.3817
380	3.80	0.3518	0.8846	0.5613	0.3095	0.8969	0.3630	0.2645	0.4505	0.6195	0.2527	0.4791	0.3094	0.2461	0.3879	0.6256	0.2287	0.3930	0.2951	0.2180	0.2054	0.7045	0.2450	0.1528	0.6851	0.2732	0.1560	0.7282	0.1825	0.2139	0.2243	0.2008	0.1524	0.2368	0.2273	0.1578	0.1928	0.3306	0.8908	0.4621	0.3306	0.8908	0.4621	0.2404	0.0371	0.6662	0.1902	0.0433	0.2607	0.2068	0.2962	0.6257	0.1833	0.2996	0.3014	0.0159	-0.0054	0.0382	0.0095	-0.0003	-0.0374	0.3122	1.2895	0.4790	0.2171	0.6571	0.3759	0.0076	0.0265	-0.0465	0.2333	0.6531	0.5667	0.0130	0.0335	0.0450	-0.0527	-0.0165	-0.0867	-0.0500	-0.0253	0.0755	0.1796	-0.0480	0.1556	0.0622	0.0000	0.0000	0.0000	0.0000	0.0000	0.0039	0.0514	0.0000	-0.0658	-0.0365	-0.0525	-0.0642	-0.0386	0.0421	0.2073	-0.0349	-0.1336	0.0654	0.0000	0.0000	0.0000	0.0000	0.0000	0.0060	0.0512	0.0000	0.2004	1.3332	0.4772	0.3519	0.8846	0.5622	0.3093	0.8969	0.3621	0.3115	1.2904	0.5310	0.3128	1.2886	0.4271	0.2346	0.8296	0.4143	0.2609	0.8220	0.5373	0.1899	0.4576	0.6581	0.1873	0.4627	0.2779	0.1987	0.0620	0.6978	0.1415	0.0799	0.2286	0.2004	0.4508	0.6019	0.1961	0.4504	0.3298	0.2163	0.0691	0.6606	0.1644	0.0780	0.2597	0.1628	0.0366	0.6394	0.1129	0.0489	0.2658	0.3384	0.0378	0.7000	0.2879	0.0363	0.2542	0.1839	0.9566	0.4888	0.2339	0.0763	0.6235	0.1873	0.0761	0.2907	0.2108	0.4440	0.5456	0.2049	0.4381	0.3817
381	3.81	0.3518	0.8846	0.5613	0.3085	0.8974	0.3617	0.2645	0.4505	0.6195	0.2527	0.4791	0.3094	0.2461	0.3878	0.6256	0.2287	0.3930	0.2951	0.2179	0.2053	0.7045	0.2450	0.1528	0.6852	0.2732	0.1560	0.7282	0.1825	0.2140	0.2243	0.2008	0.1524	0.2368	0.2273	0.1578	0.1928	0.3302	0.8910	0.4615	0.3302	0.8910	0.4615	0.2404	0.0371	0.6662	0.1902	0.0433	0.2607	0.2068	0.2962	0.6257	0.1833	0.2995	0.3014	0.0159	-0.0053	0.0382	0.0095	-0.0003	-0.0374	0.3124	1.2894	0.4790	0.2168	0.6572	0.3756	0.0075	0.0265	-0.0465	0.2333	0.6531	0.5664	0.0131	0.0335	0.0450	-0.0527	-0.0166	-0.0867	-0.0501	-0.0253	0.0755	0.1797	-0.0480	0.1556	0.0622	0.0000	0.0000	0.0000	0.0000	0.0000	0.0039	0.0514	0.0000	-0.0658	-0.0366	-0.0525	-0.0642	-0.0387	0.0422	0.2074	-0.0349	-0.1335	0.0654	0.0000	0.0000	0.0000	0.0000	0.0000	0.0060	0.0512	0.0000	0.2006	1.3331	0.4771	0.3519	0.8846	0.5615	0.3085	0.8974	0.3615	0.3117	1.2903	0.5310	0.3131	1.2886	0.4271	0.2341	0.8300	0.4139	0.2607	0.8221	0.5367	0.1899	0.4575	0.6581	0.1874	0.4627	0.2779	0.1986	0.0619	0.6978	0.1415	0.0799	0.2287	0.2004	0.4508	0.6019	0.1962	0.4503	0.3298	0.2163	0.0691	0.6607	0.1644	0.0779	0.2597	0.1628	0.0365	0.6395	0.1129	0.0488	0.2658	0.3384	0.0377	0.7000	0.2878	0.0362	0.2542	0.1840	0.9565	0.4888	0.2339	0.0763	0.6235	0.1872	0.0760	0.2907	0.2108	0.4440	0.5456	0.2049	0.4380	0.3817
382	3.82	0.3519	0.8846	0.5613	0.3083	0.8975	0.3614	0.2645	0.4504	0.6196	0.2527	0.4791	0.3094	0.2461	0.3878	0.6256	0.2287	0.3930	0.2951	0.2179	0.2053	0.7045	0.2450	0.1527	0.6852	0.2732	0.1560	0.7282	0.1825	0.2140	0.2243	0.2008	0.1524	0.2368	0.2273	0.1578	0.1928	0.3301	0.8911	0.4614	0.3301	0.8911	0.4614	0.2404	0.0370	0.6663	0.1902	0.0432	0.2607	0.2068	0.2962	0.6257	0.1832	0.2995	0.3014	0.0160	-0.0053	0.0382	0.0095	-0.0004	-0.0374	0.3126	1.2894	0.4791	0.2167	0.6572	0.3756	0.0074	0.0265	-0.0466	0.2333	0.6531	0.5663	0.0131	0.0335	0.0450	-0.0527	-0.0166	-0.0867	-0.0502	-0.0253	0.0755	0.1797	-0.0480	0.1556	0.0622	0.0000	0.0000	0.0000	0.0000	0.0000	0.0039	0.0514	0.0000	-0.0658	-0.0366	-0.0524	-0.0643	-0.0387	0.0422	0.2073	-0.0349	-0.1336	0.0654	0.0000	0.0000	0.0000	0.0000	0.0000	0.0061	0.0512	0.0000	0.2009	1.3331	0.4771	0.3519	0.8846	0.5613	0.3083	0.8975	0.3614	0.3119	1.2902	0.5311	0.3134	1.2885	0.4271	0.2339	0.8300	0.4138	0.2607	0.8221	0.5366	0.1899	0.4575	0.6581	0.1874	0.4627	0.2779	0.1986	0.0619	0.6978	0.1415	0.0798	0.2287	0.2004	0.4508	0.6019	0.1961	0.4503	0.3299	0.2163	0.0691	0.6607	0.1643	0.0779	0.2597	0.1628	0.0365	0.6395	0.1129	0.0487	0.2658	0.3384	0.0377	0.7000	0.2878	0.0362	0.2542	0.1841	0.9565	0.4888	0.2340	0.0763	0.6235	0.1872	0.0760	0.2907	0.2108	0.4440	0.5456	0.2048	0.4379	0.3818
383	3.83	0.3519	0.8846	0.5614	0.3082	0.8975	0.3613	0.2645	0.4504	0.6196	0.2527	0.4791	0.3095	0.2461	0.3878	0.6256	0.2287	0.3929	0.2951	0.2179	0.2053	0.7045	0.2450	0.1527	0.6852	0.2732	0.1559	0.7282	0.1825	0.2139	0.2243	0.2008	0.1524	0.2368	0.2273	0.1578	0.1928	0.3301	0.8910	0.4613	0.3301	0.8910	0.4613	0.2404	0.0370	0.6663	0.1902	0.0432	0.2607	0.2068	0.2962	0.6257	0.1832	0.2995	0.3015	0.0160	-0.0053	0.0382	0.0095	-0.0004	-0.0374	0.3128	1.2893	0.4791	0.2167	0.6572	0.3756	0.0074	0.0265	-0.0467	0.2332	0.6531	0.5663	0.0131	0.0335	0.0450	-0.0527	-0.0166	-0.0867	-0.0501	-0.0253	0.0755	0.1797	-0.0480	0.1556	0.0622	0.0000	0.0000	0.0000	0.0000	0.0000	0.0039	0.0514	0.0000	-0.0658	-0.0366	-0.0524	-0.0643	-0.0387	0.0422	0.2073	-0.0349	-0.1335	0.0654	0.0000	0.0000	0.0000	0.0000	0.0000	0.0060	0.0512	0.0000	0.2011	1.3331	0.4770	0.3519	0.8846	0.5613	0.3083	0.8975	0.3614	0.3120	1.2902	0.5311	0.3136	1.2885	0.4271	0.2339	0.8300	0.4138	0.2607	0.8221	0.5366	0.1899	0.4575	0.6581	0.1874	0.4627	0.2779	0.1986	0.0619	0.6978	0.1415	0.0798	0.2287	0.2003	0.4507	0.6019	0.1960	0.4503	0.3299	0.2163	0.0691	0.6607	0.1643	0.0779	0.2597	0.1627	0.0365	0.6395	0.1128	0.0487	0.2658	0.3384	0.0376	0.7000	0.2878	0.0362	0.2542	0.1841	0.9565	0.4888	0.2339	0.0763	0.6235	0.1871	0.0759	0.2907	0.2108	0.4440	0.5456	0.2047	0.4379	0.3819
384	3.84	0.3519	0.8845	0.5614	0.3083	0.8975	0.3613	0.2644	0.4504	0.6195	0.2527	0.4790	0.3095	0.2460	0.3878	0.6256	0.2287	0.3929	0.2951	0.2179	0.2053	0.7045	0.2449	0.1527	0.6852	0.2731	0.1559	0.7282	0.1825	0.2139	0.2243	0.2008	0.1524	0.2368	0.2272	0.1577	0.1928	0.3301	0.8910	0.4613	0.3301	0.8910	0.4613	0.2403	0.0370	0.6662	0.1901	0.0432	0.2607	0.2068	0.2962	0.6257	0.1831	0.2995	0.3014	0.0160	-0.0053	0.0382	0.0095	-0.0004	-0.0374	0.3130	1.2893	0.4791	0.2166	0.6573	0.3756	0.0075	0.0265	-0.0466	0.2332	0.6531	0.5663	0.0131	0.0335	0.0450	-0.0527	-0.0166	-0.0867	-0.0501	-0.0253	0.0755	0.1797	-0.0480	0.1556	0.0622	0.0000	0.0000	0.0000	0.0000	0.0000	0.0038	0.0514	0.0000	-0.0658	-0.0366	-0.0524	-0.0643	-0.0387	0.0422	0.2074	-0.0349	-0.1335	0.0654	0.0000	0.0000	0.0000	0.0000	0.0000	0.0061	0.0512	0.0000	0.2013	1.3332	0.4769	0.3519	0.8845	0.5613	0.3083	0.8975	0.3614	0.3122	1.2901	0.5311	0.3139	1.2884	0.4271	0.2339	0.8300	0.4138	0.2607	0.8221	0.5366	0.1899	0.4575	0.6581	0.1873	0.4626	0.2779	0.1986	0.0619	0.6978	0.1415	0.0798	0.2286	0.2003	0.4507	0.6019	0.1960	0.4503	0.3299	0.2162	0.0691	0.6607	0.1643	0.0779	0.2597	0.1627	0.0365	0.6395	0.1128	0.0487	0.2658	0.3383	0.0377	0.7000	0.2878	0.0362	0.2542	0.1842	0.9565	0.4888	0.2339	0.0763	0.6235	0.1871	0.0759	0.2907	0.2108	0.4440	0.5456	0.2046	0.4380	0.3819
385	3.85	0.3519	0.8845	0.5614	0.3089	0.8973	0.3619	0.2645	0.4504	0.6195	0.2527	0.4791	0.3094	0.2459	0.3878	0.6255	0.2287	0.3929	0.2951	0.2179	0.2053	0.7045	0.2450	0.1528	0.6851	0.2732	0.1560	0.7282	0.1825	0.2139	0.2242	0.2008	0.1524	0.2368	0.2273	0.1578	0.1928	0.3304	0.8909	0.4616	0.3304	0.8909	0.4616	0.2404	0.0371	0.6662	0.1902	0.0432	0.2607	0.2068	0.2962	0.6257	0.1832	0.2995	0.3014	0.0160	-0.0053	0.0382	0.0095	-0.0004	-0.0374	0.3133	1.2893	0.4792	0.2169	0.6572	0.3757	0.0075	0.0265	-0.0466	0.2333	0.6531	0.5664	0.0131	0.0335	0.0450	-0.0527	-0.0165	-0.0867	-0.0501	-0.0253	0.0754	0.1796	-0.0482	0.1556	0.0622	0.0000	0.0000	0.0000	0.0000	0.0000	0.0039	0.0514	0.0000	-0.0658	-0.0365	-0.0525	-0.0643	-0.0387	0.0421	0.2074	-0.0349	-0.1335	0.0654	0.0000	0.0000	0.0000	0.0000	0.0000	0.0061	0.0512	0.0000	0.2016	1.3332	0.4768	0.3520	0.8845	0.5616	0.3088	0.8973	0.3616	0.3124	1.2902	0.5312	0.3142	1.2884	0.4272	0.2343	0.8299	0.4139	0.2608	0.8220	0.5368	0.1899	0.4575	0.6581	0.1874	0.4627	0.2778	0.1986	0.0619	0.6978	0.1415	0.0798	0.2286	0.2004	0.4508	0.6019	0.1960	0.4503	0.3299	0.2163	0.0691	0.6607	0.1643	0.0779	0.2597	0.1628	0.0365	0.6395	0.1128	0.0488	0.2658	0.3384	0.0377	0.7000	0.2878	0.0362	0.2542	0.1842	0.9565	0.4888	0.2339	0.0763	0.6235	0.1872	0.0760	0.2907	0.2108	0.4440	0.5456	0.2047	0.4380	0.3819
386	3.86	0.3520	0.8845	0.5614	0.3101	0.8967	0.3632	0.2646	0.4505	0.6195	0.2527	0.4791	0.3094	0.2458	0.3878	0.6253	0.2287	0.3929	0.2951	0.2180	0.2054	0.7045	0.2451	0.1528	0.6851	0.2732	0.1560	0.7282	0.1825	0.2140	0.2242	0.2008	0.1524	0.2368	0.2273	0.1578	0.1928	0.3310	0.8906	0.4623	0.3310	0.8906	0.4623	0.2404	0.0371	0.6663	0.1902	0.0433	0.2607	0.2068	0.2962	0.6257	0.1833	0.2995	0.3014	0.0160	-0.0053	0.0382	0.0095	-0.0003	-0.0374	0.3136	1.2893	0.4792	0.2174	0.6570	0.3759	0.0076	0.0265	-0.0466	0.2335	0.6531	0.5667	0.0130	0.0335	0.0450	-0.0527	-0.0165	-0.0867	-0.0501	-0.0253	0.0755	0.1796	-0.0485	0.1555	0.0622	0.0000	0.0000	0.0000	0.0000	0.0000	0.0039	0.0514	0.0000	-0.0658	-0.0365	-0.0525	-0.0642	-0.0386	0.0421	0.2073	-0.0350	-0.1336	0.0655	0.0000	0.0000	0.0000	0.0000	0.0000	0.0061	0.0512	0.0000	0.2018	1.3333	0.4767	0.3522	0.8844	0.5624	0.3099	0.8968	0.3622	0.3126	1.2902	0.5312	0.3145	1.2884	0.4272	0.2351	0.8295	0.4143	0.2611	0.8219	0.5373	0.1900	0.4575	0.6581	0.1874	0.4627	0.2778	0.1987	0.0620	0.6978	0.1415	0.0799	0.2286	0.2004	0.4508	0.6019	0.1961	0.4504	0.3298	0.2163	0.0691	0.6607	0.1644	0.0780	0.2596	0.1628	0.0366	0.6395	0.1129	0.0488	0.2657	0.3385	0.0377	0.7000	0.2878	0.0363	0.2542	0.1842	0.9566	0.4887	0.2340	0.0763	0.6235	0.1872	0.0760	0.2907	0.2108	0.4440	0.5456	0.2048	0.4381	0.3818
387	3.87	0.3519	0.8845	0.5615	0.3103	0.8966	0.3636	0.2645	0.4505	0.6195	0.2527	0.4791	0.3094	0.2460	0.3878	0.6255	0.2287	0.3929	0.2951	0.2180	0.2054	0.7045	0.2450	0.1528	0.6851	0.2732	0.1560	0.7282	0.1825	0.2140	0.2242	0.2008	0.1524	0.2368	0.2273	0.1578	0.1928	0.3311	0.8905	0.4625	0.3311	0.8905	0.4625	0.2404	0.0371	0.6662	0.1902	0.0433	0.2606	0.2068	0.2962	0.6257	0.1832	0.2996	0.3014	0.0159	-0.0053	0.0382	0.0095	-0.0003	-0.0374	0.3137	1.2893	0.4793	0.2174	0.6570	0.3759	0.0077	0.0264	-0.0466	0.2335	0.6531	0.5668	0.0129	0.0335	0.0450	-0.0527	-0.0165	-0.0867	-0.0500	-0.0253	0.0755	0.1796	-0.0482	0.1555	0.0622	0.0000	0.0000	0.0000	0.0000	0.0000	0.0039	0.0514	0.0000	-0.0658	-0.0365	-0.0525	-0.0642	-0.0386	0.0421	0.2073	-0.0349	-0.1336	0.0654	0.0000	0.0000	0.0000	0.0000	0.0000	0.0061	0.0512	0.0000	0.2020	1.3334	0.4765	0.3522	0.8844	0.5626	0.3101	0.8966	0.3624	0.3127	1.2902	0.5312	0.3147	1.2883	0.4273	0.2352	0.8294	0.4145	0.2611	0.8219	0.5375	0.1900	0.4576	0.6581	0.1874	0.4627	0.2778	0.1987	0.0620	0.6978	0.1415	0.0799	0.2286	0.2004	0.4508	0.6018	0.1960	0.4504	0.3298	0.2163	0.0692	0.6606	0.1644	0.0780	0.2596	0.1628	0.0366	0.6394	0.1128	0.0489	0.2657	0.3384	0.0378	0.7000	0.2878	0.0363	0.2542	0.1842	0.9566	0.4886	0.2340	0.0763	0.6235	0.1872	0.0761	0.2906	0.2108	0.4440	0.5456	0.2047	0.4382	0.3818
388	3.88	0.3519	0.8844	0.5615	0.3105	0.8965	0.3636	0.2645	0.4505	0.6194	0.2527	0.4791	0.3094	0.2461	0.3878	0.6255	0.2287	0.3929	0.2951	0.2180	0.2054	0.7044	0.2450	0.1528	0.6851	0.2732	0.1560	0.7282	0.1825	0.2140	0.2242	0.2008	0.1524	0.2368	0.2273	0.1578	0.1928	0.3312	0.8905	0.4626	0.3312	0.8905	0.4626	0.2404	0.0371	0.6662	0.1901	0.0433	0.2606	0.2068	0.2962	0.6256	0.1832	0.2996	0.3013	0.0159	-0.0053	0.0382	0.0095	-0.0003	-0.0374	0.3139	1.2892	0.4793	0.2175	0.6570	0.3759	0.0077	0.0264	-0.0466	0.2335	0.6530	0.5668	0.0130	0.0335	0.0450	-0.0526	-0.0165	-0.0867	-0.0500	-0.0253	0.0755	0.1796	-0.0481	0.1556	0.0622	0.0000	0.0000	0.0000	0.0000	0.0000	0.0039	0.0514	0.0000	-0.0658	-0.0365	-0.0525	-0.0642	-0.0386	0.0422	0.2073	-0.0349	-0.1336	0.0654	0.0000	0.0000	0.0000	0.0000	0.0000	0.0060	0.0512	0.0000	0.2022	1.3334	0.4764	0.3522	0.8844	0.5627	0.3102	0.8966	0.3624	0.3129	1.2902	0.5312	0.3150	1.2883	0.4274	0.2353	0.8294	0.4145	0.2611	0.8219	0.5375	0.1899	0.4576	0.6581	0.1874	0.4627	0.2778	0.1986	0.0620	0.6978	0.1415	0.0799	0.2285	0.2003	0.4508	0.6018	0.1960	0.4504	0.3298	0.2163	0.0692	0.6606	0.1643	0.0780	0.2596	0.1628	0.0366	0.6394	0.1128	0.0489	0.2656	0.3384	0.0377	0.7000	0.2878	0.0363	0.2542	0.1842	0.9566	0.4886	0.2339	0.0763	0.6235	0.1872	0.0761	0.2906	0.2108	0.4440	0.5456	0.2047	0.4382	0.3818
389	3.89	0.3520	0.8844	0.5615	0.3101	0.8968	0.3631	0.2645	0.4504	0.6195	0.2527	0.4791	0.3094	0.2461	0.3878	0.6256	0.2287	0.3930	0.2950	0.2180	0.2053	0.7045	0.2450	0.1528	0.6851	0.2732	0.1560	0.7282	0.1825	0.2140	0.2242	0.2008	0.1524	0.2367	0.2273	0.1578	0.1928	0.3310	0.8906	0.4623	0.3310	0.8906	0.4623	0.2404	0.0371	0.6663	0.1902	0.0432	0.2606	0.2068	0.2962	0.6256	0.1833	0.2995	0.3013	0.0160	-0.0053	0.0382	0.0095	-0.0003	-0.0374	0.3142	1.2892	0.4794	0.2174	0.6570	0.3758	0.0076	0.0265	-0.0466	0.2335	0.6530	0.5666	0.0130	0.0335	0.0450	-0.0526	-0.0165	-0.0867	-0.0501	-0.0253	0.0755	0.1796	-0.0481	0.1556	0.0622	0.0000	0.0000	0.0000	0.0000	0.0000	0.0039	0.0514	0.0000	-0.0658	-0.0365	-0.0525	-0.0643	-0.0387	0.0422	0.2073	-0.0349	-0.1336	0.0654	0.0000	0.0000	0.0000	0.0000	0.0000	0.0060	0.0512	0.0000	0.2025	1.3334	0.4764	0.3522	0.8844	0.5624	0.3099	0.8968	0.3622	0.3131	1.2901	0.5313	0.3153	1.2883	0.4274	0.2351	0.8296	0.4143	0.2611	0.8219	0.5373	0.1899	0.4575	0.6581	0.1874	0.4627	0.2778	0.1987	0.0620	0.6978	0.1415	0.0799	0.2286	0.2004	0.4508	0.6018	0.1962	0.4503	0.3297	0.2163	0.0692	0.6606	0.1644	0.0779	0.2596	0.1628	0.0366	0.6395	0.1128	0.0488	0.2657	0.3384	0.0377	0.7000	0.2878	0.0362	0.2543	0.1843	0.9566	0.4886	0.2340	0.0764	0.6235	0.1872	0.0760	0.2906	0.2108	0.4440	0.5456	0.2049	0.4380	0.3817
390	3.90	0.3520	0.8844	0.5615	0.3095	0.8971	0.3624	0.2645	0.4504	0.6195	0.2528	0.4791	0.3094	0.2461	0.3878	0.6256	0.2288	0.3930	0.2950	0.2180	0.2053	0.7045	0.2450	0.1528	0.6851	0.2732	0.1560	0.7282	0.1825	0.2140	0.2242	0.2008	0.1524	0.2367	0.2273	0.1578	0.1928	0.3308	0.8908	0.4619	0.3308	0.8908	0.4619	0.2404	0.0370	0.6663	0.1902	0.0432	0.2607	0.2068	0.2962	0.6256	0.1833	0.2995	0.3014	0.0160	-0.0053	0.0382	0.0095	-0.0004	-0.0374	0.3144	1.2892	0.4794	0.2172	0.6571	0.3757	0.0075	0.0265	-0.0466	0.2334	0.6531	0.5665	0.0130	0.0335	0.0450	-0.0526	-0.0165	-0.0867	-0.0502	-0.0253	0.0755	0.1796	-0.0481	0.1556	0.0622	0.0000	0.0000	0.0000	0.0000	0.0000	0.0039	0.0514	0.0000	-0.0658	-0.0365	-0.0525	-0.0643	-0.0387	0.0422	0.2073	-0.0349	-0.1336	0.0654	0.0000	0.0000	0.0000	0.0000	0.0000	0.0061	0.0512	0.0000	0.2028	1.3334	0.4763	0.3521	0.8844	0.5620	0.3094	0.8971	0.3619	0.3133	1.2901	0.5314	0.3156	1.2883	0.4275	0.2348	0.8298	0.4140	0.2610	0.8220	0.5370	0.1899	0.4575	0.6581	0.1875	0.4627	0.2778	0.1986	0.0619	0.6978	0.1415	0.0798	0.2286	0.2004	0.4508	0.6018	0.1961	0.4503	0.3298	0.2163	0.0691	0.6607	0.1644	0.0779	0.2596	0.1628	0.0365	0.6395	0.1129	0.0487	0.2657	0.3384	0.0377	0.7001	0.2878	0.0362	0.2543	0.1844	0.9566	0.4886	0.2340	0.0763	0.6235	0.1872	0.0760	0.2906	0.2108	0.4440	0.5456	0.2048	0.4379	0.3818
391	3.91	0.3520	0.8844	0.5616	0.3104	0.8966	0.3634	0.2645	0.4504	0.6195	0.2528	0.4790	0.3094	0.2461	0.3878	0.6255	0.2287	0.3929	0.2950	0.2179	0.2053	0.7044	0.2450	0.1528	0.6851	0.2732	0.1560	0.7282	0.1825	0.2140	0.2242	0.2008	0.1524	0.2367	0.2273	0.1577	0.1928	0.3312	0.8905	0.4625	0.3312	0.8905	0.4625	0.2404	0.0371	0.6662	0.1901	0.0432	0.2606	0.2068	0.2962	0.6256	0.1832	0.2995	0.3014	0.0159	-0.0053	0.0382	0.0095	-0.0004	-0.0374	0.3146	1.2892	0.4795	0.2175	0.6570	0.3759	0.0076	0.0265	-0.0467	0.2335	0.6530	0.5667	0.0130	0.0335	0.0450	-0.0527	-0.0165	-0.0867	-0.0501	-0.0253	0.0755	0.1796	-0.0481	0.1556	0.0622	0.0000	0.0000	0.0000	0.0000	0.0000	0.0039	0.0514	0.0000	-0.0658	-0.0365	-0.0525	-0.0642	-0.0387	0.0422	0.2073	-0.0349	-0.1336	0.0654	0.0000	0.0000	0.0000	0.0000	0.0000	0.0060	0.0512	0.0000	0.2030	1.3335	0.4762	0.3522	0.8843	0.5626	0.3102	0.8967	0.3623	0.3134	1.2901	0.5314	0.3158	1.2882	0.4275	0.2353	0.8295	0.4143	0.2611	0.8219	0.5374	0.1899	0.4575	0.6580	0.1875	0.4627	0.2777	0.1986	0.0619	0.6978	0.1415	0.0798	0.2285	0.2003	0.4507	0.6018	0.1961	0.4504	0.3298	0.2163	0.0691	0.6607	0.1643	0.0779	0.2596	0.1628	0.0366	0.6394	0.1128	0.0488	0.2656	0.3384	0.0377	0.7001	0.2878	0.0362	0.2543	0.1844	0.9566	0.4885	0.2339	0.0763	0.6235	0.1871	0.0760	0.2906	0.2108	0.4440	0.5455	0.2047	0.4381	0.3819
392	3.92	0.3520	0.8844	0.5616	0.3107	0.8965	0.3636	0.2645	0.4504	0.6194	0.2528	0.4790	0.3094	0.2461	0.3878	0.6255	0.2288	0.3930	0.2950	0.2179	0.2054	0.7044	0.2450	0.1528	0.6851	0.2732	0.1560	0.7282	0.1826	0.2140	0.2242	0.2008	0.1524	0.2367	0.2274	0.1578	0.1928	0.3313	0.8905	0.4626	0.3313	0.8905	0.4626	0.2404	0.0371	0.6662	0.1901	0.0433	0.2606	0.2068	0.2962	0.6256	0.1832	0.2996	0.3013	0.0159	-0.0053	0.0382	0.0095	-0.0003	-0.0374	0.3148	1.2891	0.4795	0.2176	0.6570	0.3759	0.0077	0.0265	-0.0466	0.2335	0.6530	0.5667	0.0130	0.0335	0.0450	-0.0526	-0.0165	-0.0867	-0.0501	-0.0253	0.0755	0.1796	-0.0481	0.1556	0.0622	0.0000	0.0000	0.0000	0.0000	0.0000	0.0039	0.0514	0.0000	-0.0658	-0.0365	-0.0526	-0.0642	-0.0387	0.0422	0.2073	-0.0349	-0.1336	0.0654	0.0000	0.0000	0.0000	0.0000	0.0000	0.0061	0.0512	0.0000	0.2032	1.3336	0.4761	0.3522	0.8843	0.5628	0.3104	0.8966	0.3625	0.3136	1.2901	0.5314	0.3161	1.2882	0.4276	0.2355	0.8294	0.4144	0.2612	0.8219	0.5375	0.1899	0.4575	0.6580	0.1875	0.4627	0.2777	0.1986	0.0620	0.6978	0.1415	0.0799	0.2285	0.2003	0.4508	0.6018	0.1961	0.4504	0.3297	0.2162	0.0691	0.6607	0.1643	0.0780	0.2596	0.1628	0.0366	0.6394	0.1128	0.0489	0.2656	0.3384	0.0377	0.7000	0.2878	0.0362	0.2542	0.1844	0.9566	0.4884	0.2339	0.0763	0.6236	0.1871	0.0761	0.2906	0.2108	0.4440	0.5455	0.2047	0.4381	0.3818
393	3.93	0.3520	0.8844	0.5616	0.3109	0.8965	0.3637	0.2645	0.4505	0.6194	0.2529	0.4791	0.3094	0.2461	0.3879	0.6255	0.2288	0.3930	0.2950	0.2179	0.2054	0.7044	0.2450	0.1528	0.6851	0.2732	0.1561	0.7282	0.1826	0.2140	0.2241	0.2009	0.1524	0.2367	0.2274	0.1578	0.1928	0.3314	0.8905	0.4627	0.3314	0.8905	0.4627	0.2404	0.0371	0.6662	0.1902	0.0433	0.2606	0.2068	0.2962	0.6256	0.1833	0.2996	0.3013	0.0159	-0.0053	0.0382	0.0095	-0.0003	-0.0374	0.3151	1.2892	0.4795	0.2177	0.6570	0.3758	0.0077	0.0265	-0.0466	0.2335	0.6530	0.5667	0.0130	0.0335	0.0450	-0.0526	-0.0165	-0.0867	-0.0501	-0.0253	0.0755	0.1796	-0.0481	0.1556	0.0622	0.0000	0.0000	0.0000	0.0000	0.0000	0.0039	0.0514	0.0000	-0.0658	-0.0365	-0.0526	-0.0642	-0.0386	0.0421	0.2073	-0.0350	-0.1336	0.0654	0.0000	0.0000	0.0000	0.0000	0.0000	0.0061	0.0512	0.0000	0.2035	1.3337	0.4760	0.3522	0.8843	0.5628	0.3106	0.8966	0.3625	0.3137	1.2901	0.5315	0.3164	1.2882	0.4276	0.2356	0.8294	0.4144	0.2612	0.8219	0.5375	0.1899	0.4575	0.6580	0.1876	0.4627	0.2777	0.1986	0.0620	0.6978	0.1416	0.0799	0.2285	0.2003	0.4508	0.6017	0.1962	0.4504	0.3297	0.2163	0.0692	0.6606	0.1644	0.0780	0.2595	0.1628	0.0366	0.6394	0.1128	0.0489	0.2656	0.3384	0.0377	0.7001	0.2878	0.0363	0.2542	0.1844	0.9566	0.4884	0.2340	0.0763	0.6235	0.1872	0.0761	0.2906	0.2108	0.4440	0.5455	0.2049	0.4381	0.3817
394	3.94	0.3519	0.8844	0.5617	0.3109	0.8965	0.3637	0.2645	0.4505	0.6194	0.2529	0.4791	0.3094	0.2460	0.3879	0.6255	0.2288	0.3930	0.2950	0.2179	0.2054	0.7044	0.2450	0.1528	0.6851	0.2731	0.1561	0.7282	0.1826	0.2140	0.2241	0.2009	0.1524	0.2367	0.2274	0.1578	0.1928	0.3314	0.8905	0.4627	0.3314	0.8905	0.4627	0.2404	0.0371	0.6662	0.1902	0.0433	0.2606	0.2068	0.2962	0.6256	0.1834	0.2996	0.3012	0.0159	-0.0053	0.0382	0.0095	-0.0003	-0.0374	0.3153	1.2891	0.4796	0.2177	0.6570	0.3758	0.0076	0.0265	-0.0465	0.2335	0.6530	0.5667	0.0130	0.0335	0.0450	-0.0526	-0.0165	-0.0867	-0.0501	-0.0253	0.0755	0.1796	-0.0481	0.1556	0.0622	0.0000	0.0000	0.0000	0.0000	0.0000	0.0039	0.0514	0.0000	-0.0658	-0.0365	-0.0525	-0.0642	-0.0386	0.0421	0.2073	-0.0350	-0.1336	0.0654	0.0000	0.0000	0.0000	0.0000	0.0000	0.0061	0.0512	0.0000	0.2037	1.3337	0.4759	0.3522	0.8843	0.5629	0.3107	0.8966	0.3625	0.3139	1.2901	0.5315	0.3166	1.2882	0.4276	0.2357	0.8294	0.4144	0.2612	0.8219	0.5375	0.1898	0.4575	0.6580	0.1876	0.4627	0.2776	0.1986	0.0620	0.6978	0.1416	0.0799	0.2284	0.2003	0.4508	0.6017	0.1963	0.4504	0.3296	0.2163	0.0692	0.6606	0.1644	0.0780	0.2595	0.1628	0.0366	0.6394	0.1128	0.0489	0.2655	0.3384	0.0377	0.7001	0.2878	0.0363	0.2543	0.1844	0.9566	0.4884	0.2340	0.0763	0.6235	0.1872	0.0761	0.2906	0.2108	0.4440	0.5455	0.2049	0.4381	0.3815
395	3.95	0.3519	0.8843	0.5617	0.3110	0.8965	0.3638	0.2644	0.4504	0.6194	0.2529	0.4790	0.3094	0.2460	0.3878	0.6255	0.2288	0.3929	0.2950	0.2179	0.2054	0.7044	0.2450	0.1528	0.6851	0.2731	0.1561	0.7282	0.1827	0.2140	0.2241	0.2009	0.1524	0.2367	0.2275	0.1577	0.1928	0.3315	0.8904	0.4628	0.3315	0.8904	0.4628	0.2404	0.0371	0.6662	0.1902	0.0433	0.2605	0.2068	0.2962	0.6256	0.1833	0.2996	0.3012	0.0159	-0.0054	0.0382	0.0095	-0.0003	-0.0374	0.3154	1.2891	0.4796	0.2177	0.6570	0.3758	0.0077	0.0265	-0.0466	0.2334	0.6530	0.5667	0.0130	0.0335	0.0451	-0.0526	-0.0165	-0.0867	-0.0500	-0.0253	0.0755	0.1796	-0.0481	0.1556	0.0622	0.0000	0.0000	0.0000	0.0000	0.0000	0.0039	0.0514	0.0000	-0.0658	-0.0365	-0.0525	-0.0642	-0.0386	0.0421	0.2073	-0.0350	-0.1336	0.0654	0.0000	0.0000	0.0000	0.0000	0.0000	0.0061	0.0512	0.0000	0.2039	1.3338	0.4758	0.3522	0.8843	0.5630	0.3107	0.8966	0.3626	0.3140	1.2900	0.5316	0.3169	1.2881	0.4277	0.2357	0.8294	0.4144	0.2611	0.8219	0.5375	0.1898	0.4575	0.6579	0.1877	0.4627	0.2776	0.1986	0.0620	0.6978	0.1416	0.0799	0.2284	0.2003	0.4508	0.6017	0.1962	0.4504	0.3296	0.2163	0.0692	0.6606	0.1644	0.0780	0.2595	0.1628	0.0366	0.6394	0.1128	0.0489	0.2655	0.3384	0.0377	0.7001	0.2878	0.0362	0.2543	0.1845	0.9566	0.4883	0.2340	0.0763	0.6235	0.1872	0.0761	0.2906	0.2107	0.4440	0.5454	0.2048	0.4382	0.3816
396	3.96	0.3519	0.8843	0.5618	0.3111	0.8965	0.3638	0.2644	0.4504	0.6194	0.2530	0.4790	0.3094	0.2460	0.3878	0.6255	0.2289	0.3929	0.2949	0.2179	0.2054	0.7044	0.2450	0.1528	0.6851	0.2731	0.1561	0.7282	0.1827	0.2140	0.2241	0.2009	0.1524	0.2367	0.2275	0.1577	0.1928	0.3315	0.8904	0.4628	0.3315	0.8904	0.4628	0.2404	0.0371	0.6662	0.1901	0.0433	0.2605	0.2068	0.2962	0.6256	0.1833	0.2996	0.3012	0.0159	-0.0053	0.0382	0.0095	-0.0003	-0.0374	0.3156	1.2890	0.4796	0.2178	0.6570	0.3758	0.0077	0.0265	-0.0466	0.2334	0.6530	0.5667	0.0130	0.0335	0.0451	-0.0526	-0.0165	-0.0867	-0.0500	-0.0253	0.0755	0.1796	-0.0482	0.1556	0.0622	0.0000	0.0000	0.0000	0.0000	0.0000	0.0039	0.0514	0.0000	-0.0658	-0.0365	-0.0525	-0.0642	-0.0386	0.0421	0.2073	-0.0350	-0.1336	0.0654	0.0000	0.0000	0.0000	0.0000	0.0000	0.0061	0.0512	0.0000	0.2041	1.3338	0.4758	0.3521	0.8842	0.5630	0.3108	0.8965	0.3626	0.3141	1.2900	0.5316	0.3171	1.2881	0.4277	0.2357	0.8294	0.4144	0.2611	0.8218	0.5375	0.1898	0.4575	0.6579	0.1877	0.4627	0.2775	0.1986	0.0620	0.6978	0.1416	0.0799	0.2284	0.2003	0.4508	0.6017	0.1962	0.4504	0.3296	0.2163	0.0691	0.6606	0.1643	0.0780	0.2595	0.1628	0.0366	0.6394	0.1128	0.0489	0.2655	0.3384	0.0377	0.7001	0.2878	0.0362	0.2543	0.1845	0.9566	0.4883	0.2340	0.0763	0.6235	0.1871	0.0761	0.2905	0.2107	0.4440	0.5454	0.2047	0.4382	0.3817
397	3.97	0.3519	0.8843	0.5618	0.3112	0.8965	0.3638	0.2643	0.4504	0.6194	0.2530	0.4790	0.3094	0.2460	0.3878	0.6255	0.2289	0.3929	0.2949	0.2179	0.2053	0.7044	0.2450	0.1528	0.6851	0.2731	0.1561	0.7282	0.1827	0.2140	0.2240	0.2009	0.1524	0.2366	0.2275	0.1577	0.1927	0.3316	0.8904	0.4628	0.3316	0.8904	0.4628	0.2404	0.0371	0.6662	0.1901	0.0433	0.2605	0.2067	0.2962	0.6255	0.1833	0.2996	0.3012	0.0159	-0.0053	0.0382	0.0095	-0.0003	-0.0374	0.3158	1.2890	0.4797	0.2178	0.6570	0.3758	0.0077	0.0265	-0.0466	0.2334	0.6530	0.5667	0.0130	0.0335	0.0450	-0.0526	-0.0165	-0.0867	-0.0501	-0.0253	0.0755	0.1796	-0.0481	0.1556	0.0622	0.0000	0.0000	0.0000	0.0000	0.0000	0.0039	0.0514	0.0000	-0.0658	-0.0365	-0.0525	-0.0642	-0.0386	0.0422	0.2073	-0.0350	-0.1336	0.0654	0.0000	0.0000	0.0000	0.0000	0.0000	0.0061	0.0512	0.0000	0.2043	1.3338	0.4757	0.3521	0.8842	0.5630	0.3110	0.8966	0.3626	0.3143	1.2900	0.5316	0.3174	1.2881	0.4277	0.2358	0.8294	0.4143	0.2611	0.8218	0.5375	0.1897	0.4575	0.6579	0.1878	0.4627	0.2775	0.1986	0.0620	0.6978	0.1416	0.0799	0.2284	0.2002	0.4508	0.6016	0.1963	0.4504	0.3296	0.2163	0.0691	0.6607	0.1643	0.0780	0.2594	0.1628	0.0366	0.6394	0.1128	0.0489	0.2654	0.3384	0.0377	0.7001	0.2878	0.0362	0.2543	0.1845	0.9566	0.4882	0.2340	0.0762	0.6236	0.1871	0.0760	0.2905	0.2107	0.4440	0.5454	0.2048	0.4381	0.3816
398	3.98	0.3519	0.8843	0.5619	0.3113	0.8965	0.3638	0.2643	0.4504	0.6194	0.2531	0.4791	0.3093	0.2460	0.3878	0.6255	0.2289	0.3930	0.2949	0.2178	0.2053	0.7044	0.2450	0.1528	0.6851	0.2731	0.1561	0.7282	0.1828	0.2140	0.2240	0.2010	0.1524	0.2366	0.2276	0.1577	0.1927	0.3316	0.8904	0.4628	0.3316	0.8904	0.4628	0.2404	0.0371	0.6663	0.1901	0.0433	0.2605	0.2067	0.2962	0.6255	0.1834	0.2995	0.3011	0.0159	-0.0053	0.0382	0.0095	-0.0004	-0.0374	0.3160	1.2890	0.4797	0.2179	0.6569	0.3757	0.0076	0.0265	-0.0467	0.2334	0.6530	0.5667	0.0130	0.0335	0.0451	-0.0526	-0.0165	-0.0867	-0.0501	-0.0253	0.0755	0.1796	-0.0482	0.1556	0.0622	0.0000	0.0000	0.0000	0.0000	0.0000	0.0039	0.0514	0.0000	-0.0658	-0.0365	-0.0525	-0.0643	-0.0387	0.0422	0.2073	-0.0350	-0.1336	0.0654	0.0000	0.0000	0.0000	0.0000	0.0000	0.0061	0.0513	0.0000	0.2046	1.3339	0.4756	0.3522	0.8842	0.5631	0.3111	0.8966	0.3626	0.3144	1.2900	0.5317	0.3177	1.2881	0.4277	0.2359	0.8294	0.4143	0.2612	0.8218	0.5375	0.1897	0.4575	0.6579	0.1878	0.4627	0.2775	0.1986	0.0620	0.6978	0.1416	0.0799	0.2283	0.2002	0.4508	0.6016	0.1964	0.4504	0.3295	0.2163	0.0692	0.6606	0.1643	0.0780	0.2594	0.1628	0.0366	0.6394	0.1128	0.0489	0.2654	0.3384	0.0377	0.7001	0.2878	0.0362	0.2543	0.1846	0.9566	0.4882	0.2340	0.0763	0.6235	0.1871	0.0760	0.2905	0.2107	0.4440	0.5454	0.2049	0.4380	0.3816
399	3.99	0.3519	0.8843	0.5619	0.3114	0.8965	0.3639	0.2643	0.4504	0.6194	0.2531	0.4791	0.3093	0.2460	0.3879	0.6254	0.2289	0.3930	0.2949	0.2178	0.2054	0.7044	0.2450	0.1528	0.6851	0.2730	0.1561	0.7282	0.1828	0.2140	0.2239	0.2010	0.1524	0.2366	0.2276	0.1577	0.1927	0.3316	0.8904	0.4629	0.3316	0.8904	0.4629	0.2404	0.0371	0.6663	0.1901	0.0433	0.2605	0.2067	0.2962	0.6255	0.1834	0.2995	0.3011	0.0159	-0.0053	0.0382	0.0095	-0.0003	-0.0374	0.3162	1.2890	0.4797	0.2180	0.6569	0.3757	0.0076	0.0265	-0.0466	0.2334	0.6530	0.5667	0.0130	0.0335	0.0451	-0.0526	-0.0165	-0.0867	-0.0501	-0.0253	0.0755	0.1796	-0.0482	0.1557	0.0622	0.0000	0.0000	0.0000	0.0000	0.0000	0.0039	0.0514	0.0000	-0.0658	-0.0365	-0.0526	-0.0643	-0.0386	0.0422	0.2073	-0.0350	-0.1336	0.0655	0.0000	0.0000	0.0000	0.0000	0.0000	0.0061	0.0513	0.0000	0.2048	1.3339	0.4755	0.3521	0.8842	0.5631	0.3112	0.8966	0.3626	0.3146	1.2899	0.5317	0.3179	1.2881	0.4277	0.2360	0.8294	0.4143	0.2612	0.8218	0.5375	0.1897	0.4575	0.6579	0.1879	0.4627	0.2774	0.1986	0.0620	0.6978	0.1416	0.0799	0.2283	0.2002	0.4508	0.6016	0.1964	0.4504	0.3295	0.2163	0.0692	0.6606	0.1643	0.0780	0.2594	0.1628	0.0366	0.6394	0.1128	0.0489	0.2654	0.3384	0.0376	0.7001	0.2878	0.0362	0.2543	0.1846	0.9566	0.4881	0.2340	0.0763	0.6235	0.1871	0.0761	0.2905	0.2107	0.4440	0.5454	0.2049	0.4380	0.3816
400	4.00	0.3518	0.8843	0.5620	0.3115	0.8965	0.3639	0.2643	0.4505	0.6194	0.2531	0.4790	0.3093	0.2459	0.3879	0.6254	0.2289	0.3930	0.2948	0.2178	0.2054	0.7044	0.2449	0.1529	0.6851	0.2730	0.1561	0.7282	0.1828	0.2140	0.2239	0.2010	0.1524	0.2366	0.2276	0.1577	0.1927	0.3317	0.8904	0.4629	0.3317	0.8904	0.4629	0.2404	0.0371	0.6662	0.1901	0.0433	0.2604	0.2067	0.2962	0.6255	0.1834	0.2996	0.3011	0.0159	-0.0053	0.0382	0.0095	-0.0003	-0.0374	0.3164	1.2890	0.4798	0.2180	0.6570	0.3757	0.0077	0.0265	-0.0466	0.2334	0.6530	0.5667	0.0130	0.0335	0.0451	-0.0526	-0.0165	-0.0867	-0.0501	-0.0253	0.0755	0.1796	-0.0482	0.1556	0.0622	0.0000	0.0000	0.0000	0.0000	0.0000	0.0039	0.0514	0.0000	-0.0658	-0.0365	-0.0526	-0.0642	-0.0386	0.0422	0.2073	-0.0350	-0.1336	0.0655	0.0000	0.0000	0.0000	0.0000	0.0000	0.0061	0.0513	0.0000	0.2049	1.3340	0.4754	0.3521	0.8843	0.5632	0.3112	0.8966	0.3627	0.3146	1.2900	0.5317	0.3181	1.2880	0.4278	0.2360	0.8294	0.4143	0.2611	0.8219	0.5375	0.1896	0.4575	0.6578	0.1879	0.4627	0.2774	0.1986	0.0620	0.6977	0.1416	0.0799	0.2283	0.2001	0.4508	0.6016	0.1964	0.4504	0.3294	0.2163	0.0692	0.6606	0.1643	0.0780	0.2594	0.1628	0.0367	0.6394	0.1128	0.0489	0.2653	0.3384	0.0377	0.7001	0.2877	0.0362	0.2543	0.1845	0.9567	0.4881	0.2340	0.0763	0.6235	0.1871	0.0761	0.2905	0.2106	0.4440	0.5453	0.2049	0.4381	0.3815
401	4.01	0.3519	0.8844	0.5620	0.3116	0.8965	0.3639	0.2643	0.4505	0.6193	0.2532	0.4791	0.3093	0.2459	0.3879	0.6254	0.2290	0.3930	0.2948	0.2178	0.2054	0.7044	0.2449	0.1529	0.6851	0.2730	0.1562	0.7282	0.1828	0.2140	0.2239	0.2010	0.1524	0.2365	0.2276	0.1577	0.1927	0.3317	0.8904	0.4629	0.3317	0.8904	0.4629	0.2404	0.0371	0.6662	0.1901	0.0433	0.2604	0.2067	0.2962	0.6255	0.1834	0.2996	0.3010	0.0159	-0.0053	0.0382	0.0095	-0.0003	-0.0374	0.3166	1.2890	0.4798	0.2180	0.6570	0.3757	0.0077	0.0265	-0.0466	0.2334	0.6530	0.5666	0.0130	0.0335	0.0451	-0.0526	-0.0165	-0.0867	-0.0501	-0.0253	0.0754	0.1796	-0.0483	0.1556	0.0622	0.0000	0.0000	0.0000	0.0000	0.0000	0.0039	0.0514	0.0000	-0.0658	-0.0365	-0.0526	-0.0642	-0.0386	0.0421	0.2073	-0.0350	-0.1336	0.0655	0.0000	0.0000	0.0000	0.0000	0.0000	0.0061	0.0513	0.0000	0.2051	1.3341	0.4753	0.3521	0.8843	0.5632	0.3113	0.8966	0.3627	0.3148	1.2900	0.5318	0.3183	1.2880	0.4278	0.2361	0.8295	0.4143	0.2611	0.8219	0.5375	0.1896	0.4575	0.6578	0.1880	0.4627	0.2774	0.1986	0.0621	0.6977	0.1416	0.0799	0.2282	0.2001	0.4508	0.6015	0.1965	0.4504	0.3294	0.2163	0.0692	0.6606	0.1643	0.0781	0.2593	0.1628	0.0367	0.6394	0.1128	0.0490	0.2653	0.3384	0.0377	0.7001	0.2877	0.0362	0.2543	0.1846	0.9567	0.4880	0.2340	0.0763	0.6235	0.1871	0.0762	0.2904	0.2106	0.4441	0.5453	0.2049	0.4382	0.3814
402	4.02	0.3519	0.8844	0.5620	0.3117	0.8965	0.3639	0.2643	0.4505	0.6193	0.2533	0.4791	0.3092	0.2460	0.3879	0.6254	0.2290	0.3930	0.2948	0.2179	0.2054	0.7044	0.2450	0.1529	0.6851	0.2730	0.1562	0.7282	0.1829	0.2140	0.2239	0.2010	0.1524	0.2365	0.2277	0.1577	0.1927	0.3318	0.8905	0.4630	0.3318	0.8905	0.4630	0.2405	0.0371	0.6662	0.1902	0.0434	0.2604	0.2067	0.2963	0.6255	0.1835	0.2996	0.3010	0.0159	-0.0053	0.0382	0.0095	-0.0003	-0.0374	0.3168	1.2890	0.4798	0.2181	0.6570	0.3756	0.0077	0.0265	-0.0466	0.2334	0.6530	0.5666	0.0130	0.0334	0.0451	-0.0526	-0.0165	-0.0868	-0.0501	-0.0253	0.0754	0.1796	-0.0483	0.1556	0.0622	0.0000	0.0000	0.0000	0.0000	0.0000	0.0039	0.0514	0.0000	-0.0658	-0.0365	-0.0526	-0.0643	-0.0386	0.0421	0.2073	-0.0350	-0.1335	0.0654	0.0000	0.0000	0.0000	0.0000	0.0000	0.0061	0.0512	0.0000	0.2054	1.3341	0.4752	0.3521	0.8843	0.5632	0.3114	0.8966	0.3627	0.3150	1.2899	0.5318	0.3186	1.2880	0.4278	0.2362	0.8295	0.4142	0.2612	0.8219	0.5375	0.1897	0.4575	0.6578	0.1880	0.4627	0.2773	0.1986	0.0621	0.6977	0.1417	0.0800	0.2282	0.2001	0.4508	0.6015	0.1965	0.4505	0.3294	0.2163	0.0692	0.6606	0.1644	0.0781	0.2593	0.1628	0.0367	0.6394	0.1128	0.0490	0.2653	0.3385	0.0377	0.7001	0.2878	0.0362	0.2543	0.1846	0.9567	0.4880	0.2340	0.0763	0.6235	0.1871	0.0762	0.2904	0.2106	0.4441	0.5453	0.2050	0.4382	0.3814
403	4.03	0.3518	0.8843	0.5621	0.3117	0.8965	0.3640	0.2643	0.4505	0.6193	0.2533	0.4790	0.3093	0.2459	0.3879	0.6254	0.2290	0.3930	0.2948	0.2178	0.2055	0.7044	0.2450	0.1529	0.6851	0.2730	0.1562	0.7282	0.1829	0.2140	0.2239	0.2010	0.1524	0.2366	0.2277	0.1577	0.1927	0.3318	0.8904	0.4630	0.3318	0.8904	0.4630	0.2405	0.0372	0.6662	0.1901	0.0434	0.2604	0.2067	0.2963	0.6254	0.1835	0.2997	0.3010	0.0159	-0.0054	0.0382	0.0095	-0.0003	-0.0374	0.3169	1.2889	0.4799	0.2181	0.6570	0.3756	0.0077	0.0265	-0.0465	0.2334	0.6530	0.5666	0.0130	0.0334	0.0451	-0.0526	-0.0164	-0.0868	-0.0501	-0.0253	0.0754	0.1796	-0.0483	0.1556	0.0622	0.0000	0.0000	0.0000	0.0000	0.0000	0.0039	0.0514	0.0000	-0.0658	-0.0365	-0.0526	-0.0642	-0.0386	0.0421	0.2073	-0.0350	-0.1335	0.0654	0.0000	0.0000	0.0000	0.0000	0.0000	0.0061	0.0513	0.0000	0.2055	1.3342	0.4751	0.3521	0.8843	0.5633	0.3115	0.8966	0.3627	0.3151	1.2899	0.5318	0.3188	1.2879	0.4279	0.2362	0.8295	0.4143	0.2611	0.8219	0.5375	0.1896	0.4575	0.6577	0.1880	0.4627	0.2773	0.1986	0.0621	0.6977	0.1417	0.0800	0.2282	0.2001	0.4508	0.6015	0.1965	0.4505	0.3293	0.2163	0.0692	0.6606	0.1644	0.0781	0.2593	0.1628	0.0367	0.6393	0.1128	0.0490	0.2652	0.3385	0.0377	0.7002	0.2878	0.0362	0.2543	0.1846	0.9567	0.4879	0.2340	0.0764	0.6235	0.1871	0.0762	0.2904	0.2106	0.4441	0.5452	0.2050	0.4383	0.3814
404	4.04	0.3518	0.8843	0.5621	0.3118	0.8965	0.3640	0.2642	0.4505	0.6193	0.2533	0.4790	0.3093	0.2459	0.3879	0.6254	0.2290	0.3930	0.2948	0.2178	0.2055	0.7043	0.2449	0.1529	0.6851	0.2730	0.1562	0.7282	0.1829	0.2140	0.2239	0.2010	0.1524	0.2366	0.2277	0.1577	0.1927	0.3318	0.8904	0.4631	0.3318	0.8904	0.4631	0.2404	0.0372	0.6662	0.1901	0.0434	0.2604	0.2067	0.2963	0.6254	0.1835	0.2997	0.3010	0.0159	-0.0054	0.0382	0.0095	-0.0003	-0.0374	0.3171	1.2889	0.4799	0.2181	0.6570	0.3756	0.0077	0.0265	-0.0465	0.2333	0.6530	0.5666	0.0130	0.0334	0.0451	-0.0526	-0.0165	-0.0867	-0.0500	-0.0253	0.0755	0.1796	-0.0483	0.1556	0.0622	0.0000	0.0000	0.0000	0.0000	0.0000	0.0039	0.0514	0.0000	-0.0658	-0.0365	-0.0526	-0.0642	-0.0386	0.0421	0.2073	-0.0350	-0.1336	0.0655	0.0000	0.0000	0.0000	0.0000	0.0000	0.0061	0.0512	0.0000	0.2057	1.3343	0.4750	0.3520	0.8843	0.5634	0.3115	0.8966	0.3628	0.3152	1.2898	0.5319	0.3190	1.2879	0.4279	0.2362	0.8295	0.4143	0.2611	0.8219	0.5375	0.1896	0.4575	0.6577	0.1881	0.4628	0.2773	0.1986	0.0621	0.6977	0.1416	0.0800	0.2281	0.2001	0.4508	0.6015	0.1965	0.4505	0.3293	0.2163	0.0692	0.6606	0.1644	0.0781	0.2593	0.1628	0.0368	0.6393	0.1127	0.0491	0.2652	0.3384	0.0377	0.7002	0.2877	0.0362	0.2543	0.1846	0.9567	0.4879	0.2340	0.0764	0.6235	0.1871	0.0762	0.2904	0.2106	0.4441	0.5452	0.2050	0.4383	0.3814
405	4.05	0.3518	0.8843	0.5621	0.3119	0.8965	0.3640	0.2643	0.4505	0.6193	0.2534	0.4790	0.3093	0.2459	0.3879	0.6253	0.2291	0.3930	0.2948	0.2178	0.2054	0.7043	0.2450	0.1529	0.6851	0.2730	0.1562	0.7282	0.1829	0.2140	0.2238	0.2011	0.1524	0.2365	0.2278	0.1577	0.1927	0.3319	0.8904	0.4631	0.3319	0.8904	0.4631	0.2405	0.0372	0.6662	0.1901	0.0434	0.2604	0.2067	0.2963	0.6254	0.1835	0.2997	0.3010	0.0159	-0.0054	0.0382	0.0095	-0.0003	-0.0374	0.3173	1.2888	0.4799	0.2183	0.6570	0.3756	0.0077	0.0265	-0.0466	0.2334	0.6530	0.5666	0.0130	0.0334	0.0451	-0.0526	-0.0165	-0.0867	-0.0501	-0.0253	0.0755	0.1796	-0.0482	0.1556	0.0622	0.0000	0.0000	0.0000	0.0000	0.0000	0.0039	0.0514	0.0000	-0.0657	-0.0365	-0.0526	-0.0642	-0.0386	0.0421	0.2073	-0.0350	-0.1335	0.0655	0.0000	0.0000	0.0000	0.0000	0.0000	0.0061	0.0512	0.0000	0.2059	1.3343	0.4749	0.3521	0.8843	0.5634	0.3117	0.8966	0.3628	0.3154	1.2898	0.5318	0.3192	1.2878	0.4279	0.2363	0.8295	0.4142	0.2612	0.8219	0.5375	0.1896	0.4575	0.6577	0.1881	0.4628	0.2773	0.1986	0.0621	0.6977	0.1417	0.0800	0.2282	0.2001	0.4508	0.6014	0.1966	0.4505	0.3293	0.2163	0.0692	0.6606	0.1644	0.0781	0.2593	0.1629	0.0368	0.6393	0.1128	0.0491	0.2652	0.3385	0.0377	0.7002	0.2878	0.0362	0.2543	0.1847	0.9567	0.4879	0.2340	0.0764	0.6235	0.1871	0.0761	0.2904	0.2106	0.4441	0.5452	0.2050	0.4382	0.3814
406	4.06	0.3518	0.8843	0.5622	0.3120	0.8965	0.3640	0.2642	0.4504	0.6193	0.2534	0.4790	0.3092	0.2459	0.3879	0.6253	0.2291	0.3930	0.2948	0.2178	0.2054	0.7043	0.2450	0.1529	0.6851	0.2730	0.1561	0.7282	0.1830	0.2140	0.2238	0.2011	0.1524	0.2365	0.2278	0.1577	0.1927	0.3319	0.8904	0.4631	0.3319	0.8904	0.4631	0.2405	0.0371	0.6662	0.1901	0.0433	0.2604	0.2067	0.2962	0.6254	0.1836	0.2996	0.3009	0.0158	-0.0053	0.0381	0.0095	-0.0003	-0.0374	0.3174	1.2887	0.4799	0.2183	0.6570	0.3756	0.0077	0.0265	-0.0466	0.2334	0.6530	0.5665	0.0130	0.0335	0.0451	-0.0525	-0.0165	-0.0867	-0.0501	-0.0253	0.0755	0.1797	-0.0482	0.1556	0.0622	0.0000	0.0000	0.0000	0.0000	0.0000	0.0039	0.0514	0.0000	-0.0657	-0.0365	-0.0527	-0.0643	-0.0386	0.0422	0.2073	-0.0351	-0.1336	0.0655	0.0000	0.0000	0.0000	0.0000	0.0000	0.0061	0.0512	0.0000	0.2061	1.3343	0.4749	0.3521	0.8843	0.5634	0.3118	0.8966	0.3628	0.3155	1.2897	0.5319	0.3194	1.2878	0.4279	0.2364	0.8294	0.4142	0.2612	0.8219	0.5374	0.1896	0.4575	0.6577	0.1882	0.4628	0.2773	0.1986	0.0621	0.6977	0.1417	0.0800	0.2282	0.2001	0.4508	0.6014	0.1966	0.4504	0.3293	0.2163	0.0692	0.6607	0.1644	0.0780	0.2593	0.1629	0.0367	0.6393	0.1128	0.0490	0.2652	0.3385	0.0376	0.7002	0.2878	0.0362	0.2543	0.1847	0.9567	0.4878	0.2339	0.0763	0.6236	0.1871	0.0761	0.2904	0.2107	0.4441	0.5452	0.2051	0.4381	0.3813
407	4.07	0.3518	0.8843	0.5622	0.3120	0.8965	0.3640	0.2642	0.4504	0.6193	0.2534	0.4790	0.3092	0.2459	0.3879	0.6253	0.2291	0.3929	0.2948	0.2178	0.2054	0.7043	0.2450	0.1529	0.6851	0.2730	0.1561	0.7282	0.1830	0.2140	0.2238	0.2011	0.1524	0.2365	0.2278	0.1577	0.1927	0.3319	0.8904	0.4631	0.3319	0.8904	0.4631	0.2405	0.0371	0.6662	0.1901	0.0433	0.2604	0.2066	0.2962	0.6254	0.1836	0.2996	0.3009	0.0158	-0.0053	0.0382	0.0095	-0.0004	-0.0374	0.3175	1.2887	0.4799	0.2183	0.6570	0.3755	0.0076	0.0266	-0.0465	0.2333	0.6530	0.5665	0.0130	0.0335	0.0451	-0.0525	-0.0165	-0.0867	-0.0501	-0.0253	0.0755	0.1797	-0.0483	0.1555	0.0622	0.0000	0.0000	0.0000	0.0000	0.0000	0.0039	0.0514	0.0000	-0.0658	-0.0365	-0.0527	-0.0643	-0.0387	0.0421	0.2073	-0.0350	-0.1336	0.0655	0.0000	0.0000	0.0000	0.0000	0.0000	0.0061	0.0512	0.0000	0.2062	1.3344	0.4748	0.3520	0.8842	0.5634	0.3118	0.8966	0.3628	0.3155	1.2897	0.5319	0.3196	1.2877	0.4279	0.2364	0.8294	0.4142	0.2611	0.8218	0.5375	0.1895	0.4575	0.6576	0.1882	0.4628	0.2772	0.1986	0.0621	0.6977	0.1417	0.0800	0.2281	0.2001	0.4508	0.6014	0.1967	0.4504	0.3292	0.2163	0.0691	0.6607	0.1644	0.0780	0.2593	0.1629	0.0367	0.6393	0.1128	0.0490	0.2652	0.3385	0.0376	0.7002	0.2877	0.0362	0.2543	0.1847	0.9567	0.4878	0.2340	0.0762	0.6236	0.1870	0.0761	0.2904	0.2107	0.4441	0.5451	0.2052	0.4381	0.3812
408	4.08	0.3518	0.8843	0.5622	0.3121	0.8965	0.3641	0.2642	0.4504	0.6193	0.2535	0.4790	0.3092	0.2459	0.3879	0.6253	0.2292	0.3929	0.2947	0.2178	0.2054	0.7043	0.2450	0.1529	0.6850	0.2730	0.1561	0.7282	0.1830	0.2140	0.2238	0.2011	0.1524	0.2365	0.2278	0.1577	0.1927	0.3319	0.8904	0.4631	0.3319	0.8904	0.4631	0.2405	0.0371	0.6662	0.1901	0.0433	0.2604	0.2067	0.2962	0.6253	0.1836	0.2996	0.3009	0.0159	-0.0053	0.0382	0.0095	-0.0003	-0.0374	0.3177	1.2886	0.4799	0.2184	0.6570	0.3755	0.0076	0.0265	-0.0465	0.2333	0.6530	0.5665	0.0130	0.0335	0.0451	-0.0525	-0.0165	-0.0867	-0.0502	-0.0253	0.0755	0.1797	-0.0483	0.1555	0.0622	0.0000	0.0000	0.0000	0.0000	0.0000	0.0039	0.0514	0.0000	-0.0657	-0.0365	-0.0526	-0.0643	-0.0387	0.0421	0.2073	-0.0350	-0.1335	0.0655	0.0000	0.0000	0.0000	0.0000	0.0000	0.0061	0.0512	0.0000	0.2064	1.3344	0.4747	0.3520	0.8842	0.5635	0.3118	0.8966	0.3628	0.3156	1.2896	0.5319	0.3197	1.2876	0.4279	0.2364	0.8294	0.4142	0.2611	0.8218	0.5374	0.1895	0.4574	0.6576	0.1882	0.4628	0.2772	0.1986	0.0621	0.6977	0.1417	0.0799	0.2281	0.2001	0.4507	0.6013	0.1967	0.4504	0.3292	0.2163	0.0692	0.6606	0.1643	0.0780	0.2593	0.1629	0.0367	0.6393	0.1128	0.0490	0.2652	0.3385	0.0376	0.7002	0.2877	0.0362	0.2543	0.1846	0.9567	0.4878	0.2340	0.0763	0.6235	0.1870	0.0761	0.2904	0.2106	0.4441	0.5451	0.2051	0.4381	0.3812
409	4.09	0.3518	0.8843	0.5622	0.3122	0.8965	0.3640	0.2642	0.4505	0.6192	0.2535	0.4790	0.3092	0.2459	0.3879	0.6253	0.2292	0.3930	0.2947	0.2179	0.2054	0.7042	0.2450	0.1529	0.6850	0.2730	0.1562	0.7282	0.1830	0.2140	0.2238	0.2011	0.1524	0.2365	0.2278	0.1577	0.1926	0.3320	0.8904	0.4631	0.3320	0.8904	0.4631	0.2405	0.0371	0.6662	0.1901	0.0433	0.2604	0.2067	0.2962	0.6253	0.1836	0.2996	0.3009	0.0159	-0.0053	0.0382	0.0095	-0.0003	-0.0374	0.3179	1.2886	0.4799	0.2184	0.6570	0.3755	0.0077	0.0265	-0.0466	0.2334	0.6530	0.5665	0.0130	0.0334	0.0451	-0.0525	-0.0165	-0.0868	-0.0502	-0.0254	0.0754	0.1797	-0.0483	0.1555	0.0622	0.0000	0.0000	0.0000	0.0000	0.0000	0.0039	0.0514	0.0000	-0.0657	-0.0365	-0.0526	-0.0643	-0.0387	0.0421	0.2073	-0.0350	-0.1335	0.0654	0.0000	0.0000	0.0000	0.0000	0.0000	0.0061	0.0512	0.0000	0.2065	1.3345	0.4746	0.3520	0.8843	0.5635	0.3119	0.8966	0.3628	0.3158	1.2897	0.5319	0.3199	1.2876	0.4279	0.2365	0.8294	0.4141	0.2612	0.8219	0.5374	0.1895	0.4575	0.6575	0.1883	0.4628	0.2772	0.1986	0.0621	0.6977	0.1417	0.0800	0.2281	0.2001	0.4508	0.6013	0.1967	0.4505	0.3293	0.2164	0.0692	0.6606	0.1644	0.0780	0.2593	0.1629	0.0368	0.6393	0.1128	0.0490	0.2651	0.3385	0.0376	0.7002	0.2878	0.0362	0.2543	0.1847	0.9567	0.4877	0.2341	0.0763	0.6234	0.1871	0.0761	0.2904	0.2106	0.4441	0.5451	0.2050	0.4382	0.3814
410	4.10	0.3518	0.8844	0.5623	0.3122	0.8965	0.3641	0.2642	0.4505	0.6192	0.2535	0.4791	0.3092	0.2459	0.3880	0.6252	0.2292	0.3930	0.2947	0.2179	0.2055	0.7042	0.2450	0.1529	0.6850	0.2730	0.1562	0.7282	0.1830	0.2141	0.2237	0.2011	0.1525	0.2365	0.2278	0.1577	0.1926	0.3320	0.8904	0.4632	0.3320	0.8904	0.4632	0.2405	0.0372	0.6662	0.1901	0.0434	0.2603	0.2067	0.2963	0.6253	0.1835	0.2997	0.3009	0.0158	-0.0053	0.0382	0.0095	-0.0003	-0.0374	0.3180	1.2886	0.4799	0.2184	0.6570	0.3755	0.0077	0.0264	-0.0467	0.2334	0.6530	0.5665	0.0130	0.0334	0.0451	-0.0525	-0.0164	-0.0867	-0.0501	-0.0253	0.0755	0.1797	-0.0484	0.1555	0.0622	0.0000	0.0000	0.0000	0.0000	0.0000	0.0039	0.0514	0.0000	-0.0658	-0.0364	-0.0526	-0.0643	-0.0387	0.0421	0.2073	-0.0350	-0.1335	0.0655	0.0000	0.0000	0.0000	0.0000	0.0000	0.0061	0.0512	0.0000	0.2066	1.3346	0.4745	0.3520	0.8843	0.5635	0.3120	0.8966	0.3628	0.3159	1.2897	0.5319	0.3201	1.2876	0.4280	0.2366	0.8295	0.4141	0.2612	0.8219	0.5374	0.1895	0.4575	0.6575	0.1883	0.4628	0.2772	0.1986	0.0622	0.6976	0.1417	0.0800	0.2281	0.2000	0.4508	0.6013	0.1966	0.4505	0.3293	0.2164	0.0692	0.6606	0.1644	0.0781	0.2592	0.1629	0.0368	0.6392	0.1128	0.0490	0.2651	0.3385	0.0376	0.7002	0.2877	0.0362	0.2543	0.1846	0.9567	0.4877	0.2342	0.0763	0.6235	0.1870	0.0762	0.2904	0.2106	0.4441	0.5451	0.2049	0.4383	0.3814
411	4.11	0.3517	0.8843	0.5623	0.3123	0.8965	0.3641	0.2641	0.4505	0.6192	0.2535	0.4791	0.3092	0.2458	0.3880	0.6252	0.2292	0.3930	0.2947	0.2179	0.2055	0.7042	0.2450	0.1530	0.6850	0.2730	0.1562	0.7282	0.1830	0.2141	0.2237	0.2011	0.1525	0.2365	0.2278	0.1577	0.1926	0.3320	0.8904	0.4632	0.3320	0.8904	0.4632	0.2405	0.0372	0.6662	0.1901	0.0434	0.2603	0.2067	0.2963	0.6253	0.1836	0.2997	0.3009	0.0159	-0.0053	0.0382	0.0095	-0.0003	-0.0374	0.3181	1.2886	0.4799	0.2184	0.6571	0.3755	0.0077	0.0265	-0.0466	0.2333	0.6530	0.5665	0.0130	0.0334	0.0451	-0.0525	-0.0164	-0.0868	-0.0501	-0.0254	0.0755	0.1797	-0.0484	0.1555	0.0622	0.0000	0.0000	0.0000	0.0000	0.0000	0.0039	0.0514	0.0000	-0.0658	-0.0365	-0.0526	-0.0642	-0.0387	0.0421	0.2073	-0.0350	-0.1336	0.0655	0.0000	0.0000	0.0000	0.0000	0.0000	0.0061	0.0512	0.0000	0.2068	1.3347	0.4744	0.3520	0.8843	0.5635	0.3120	0.8966	0.3628	0.3159	1.2897	0.5319	0.3202	1.2876	0.4280	0.2366	0.8295	0.4141	0.2611	0.8219	0.5374	0.1894	0.4575	0.6575	0.1883	0.4628	0.2771	0.1986	0.0622	0.6976	0.1417	0.0800	0.2281	0.2000	0.4508	0.6013	0.1966	0.4506	0.3292	0.2164	0.0693	0.6605	0.1643	0.0781	0.2592	0.1629	0.0369	0.6392	0.1127	0.0491	0.2651	0.3385	0.0376	0.7002	0.2877	0.0362	0.2543	0.1846	0.9568	0.4876	0.2342	0.0763	0.6234	0.1870	0.0762	0.2904	0.2106	0.4441	0.5450	0.2050	0.4383	0.3813
412	4.12	0.3517	0.8844	0.5623	0.3124	0.8965	0.3641	0.2641	0.4505	0.6192	0.2535	0.4790	0.3092	0.2458	0.3880	0.6252	0.2292	0.3930	0.2947	0.2179	0.2055	0.7042	0.2450	0.1530	0.6850	0.2731	0.1562	0.7282	0.1830	0.2141	0.2237	0.2011	0.1525	0.2365	0.2279	0.1577	0.1926	0.3320	0.8904	0.4632	0.3320	0.8904	0.4632	0.2405	0.0372	0.6662	0.1901	0.0434	0.2603	0.2067	0.2963	0.6253	0.1836	0.2997	0.3009	0.0158	-0.0053	0.0382	0.0095	-0.0003	-0.0374	0.3182	1.2886	0.4799	0.2185	0.6571	0.3755	0.0077	0.0265	-0.0466	0.2333	0.6530	0.5664	0.0130	0.0334	0.0451	-0.0525	-0.0164	-0.0868	-0.0501	-0.0253	0.0754	0.1797	-0.0484	0.1555	0.0622	0.0000	0.0000	0.0000	0.0000	0.0000	0.0039	0.0514	0.0000	-0.0658	-0.0364	-0.0526	-0.0642	-0.0387	0.0421	0.2073	-0.0350	-0.1335	0.0655	0.0000	0.0000	0.0000	0.0000	0.0000	0.0061	0.0512	0.0000	0.2070	1.3347	0.4743	0.3520	0.8843	0.5635	0.3121	0.8966	0.3628	0.3161	1.2897	0.5319	0.3204	1.2875	0.4280	0.2366	0.8295	0.4141	0.2611	0.8219	0.5374	0.1894	0.4575	0.6575	0.1884	0.4628	0.2771	0.1986	0.0622	0.6976	0.1417	0.0800	0.2280	0.2000	0.4508	0.6012	0.1967	0.4505	0.3292	0.2164	0.0692	0.6606	0.1644	0.0781	0.2592	0.1629	0.0369	0.6392	0.1127	0.0491	0.2650	0.3385	0.0376	0.7002	0.2877	0.0362	0.2543	0.1846	0.9568	0.4876	0.2342	0.0763	0.6235	0.1870	0.0762	0.2904	0.2106	0.4441	0.5450	0.2050	0.4383	0.3813
413	4.13	0.3517	0.8844	0.5623	0.3124	0.8965	0.3641	0.2641	0.4505	0.6192	0.2535	0.4790	0.3092	0.2458	0.3880	0.6252	0.2292	0.3930	0.2946	0.2179	0.2055	0.7042	0.2451	0.1530	0.6850	0.2731	0.1562	0.7281	0.1830	0.2141	0.2237	0.2011	0.1525	0.2364	0.2279	0.1577	0.1926	0.3321	0.8905	0.4632	0.3321	0.8905	0.4632	0.2406	0.0372	0.6662	0.1901	0.0434	0.2603	0.2066	0.2963	0.6252	0.1836	0.2997	0.3008	0.0158	-0.0053	0.0382	0.0095	-0.0003	-0.0374	0.3183	1.2886	0.4799	0.2185	0.6571	0.3754	0.0077	0.0265	-0.0466	0.2333	0.6531	0.5664	0.0130	0.0334	0.0451	-0.0525	-0.0164	-0.0868	-0.0501	-0.0253	0.0754	0.1798	-0.0485	0.1554	0.0622	0.0000	0.0000	0.0000	0.0000	0.0000	0.0039	0.0514	0.0000	-0.0658	-0.0364	-0.0526	-0.0643	-0.0386	0.0421	0.2073	-0.0350	-0.1335	0.0654	0.0000	0.0000	0.0000	0.0000	0.0000	0.0061	0.0512	0.0000	0.2071	1.3348	0.4743	0.3519	0.8843	0.5636	0.3122	0.8966	0.3628	0.3162	1.2897	0.5319	0.3205	1.2875	0.4280	0.2367	0.8295	0.4141	0.2611	0.8219	0.5374	0.1894	0.4575	0.6575	0.1884	0.4628	0.2771	0.1986	0.0622	0.6976	0.1417	0.0800	0.2280	0.2000	0.4508	0.6012	0.1967	0.4505	0.3292	0.2164	0.0693	0.6605	0.1644	0.0781	0.2592	0.1629	0.0369	0.6392	0.1127	0.0491	0.2650	0.3385	0.0376	0.7003	0.2877	0.0362	0.2543	0.1846	0.9568	0.4876	0.2342	0.0763	0.6235	0.1871	0.0762	0.2904	0.2106	0.4441	0.5450	0.2050	0.4383	0.3813
414	4.14	0.3517	0.8844	0.5623	0.3125	0.8965	0.3641	0.2641	0.4505	0.6191	0.2536	0.4790	0.3091	0.2458	0.3880	0.6251	0.2292	0.3930	0.2946	0.2180	0.2055	0.7041	0.2451	0.1530	0.6849	0.2731	0.1562	0.7281	0.1831	0.2140	0.2237	0.2011	0.1524	0.2364	0.2279	0.1577	0.1926	0.3321	0.8904	0.4632	0.3321	0.8904	0.4632	0.2406	0.0372	0.6662	0.1901	0.0434	0.2603	0.2067	0.2963	0.6252	0.1836	0.2997	0.3008	0.0158	-0.0052	0.0382	0.0095	-0.0003	-0.0374	0.3185	1.2885	0.4799	0.2185	0.6571	0.3754	0.0077	0.0265	-0.0466	0.2333	0.6531	0.5664	0.0130	0.0334	0.0451	-0.0525	-0.0164	-0.0868	-0.0501	-0.0253	0.0754	0.1798	-0.0485	0.1554	0.0622	0.0000	0.0000	0.0000	0.0000	0.0000	0.0039	0.0514	0.0000	-0.0658	-0.0364	-0.0527	-0.0642	-0.0386	0.0421	0.2073	-0.0350	-0.1335	0.0654	0.0000	0.0000	0.0000	0.0000	0.0000	0.0061	0.0512	0.0000	0.2073	1.3348	0.4742	0.3519	0.8843	0.5636	0.3123	0.8966	0.3628	0.3163	1.2896	0.5319	0.3207	1.2874	0.4279	0.2367	0.8295	0.4140	0.2611	0.8219	0.5373	0.1894	0.4575	0.6574	0.1884	0.4628	0.2770	0.1986	0.0622	0.6976	0.1417	0.0800	0.2280	0.2000	0.4508	0.6012	0.1967	0.4505	0.3292	0.2164	0.0693	0.6605	0.1644	0.0781	0.2592	0.1630	0.0369	0.6392	0.1127	0.0491	0.2650	0.3386	0.0376	0.7002	0.2878	0.0362	0.2543	0.1846	0.9568	0.4875	0.2342	0.0763	0.6235	0.1871	0.0762	0.2903	0.2106	0.4441	0.5450	0.2050	0.4383	0.3813
415	4.15	0.3516	0.8843	0.5624	0.3126	0.8965	0.3641	0.2641	0.4505	0.6191	0.2536	0.4790	0.3091	0.2458	0.3880	0.6251	0.2292	0.3929	0.2946	0.2180	0.2055	0.7041	0.2451	0.1530	0.6849	0.2731	0.1562	0.7281	0.1831	0.2140	0.2237	0.2011	0.1524	0.2364	0.2279	0.1577	0.1926	0.3321	0.8904	0.4632	0.3321	0.8904	0.4632	0.2406	0.0372	0.6662	0.1901	0.0434	0.2602	0.2066	0.2963	0.6252	0.1837	0.2997	0.3007	0.0158	-0.0052	0.0383	0.0095	-0.0003	-0.0374	0.3185	1.2885	0.4799	0.2186	0.6571	0.3753	0.0077	0.0266	-0.0465	0.2332	0.6530	0.5664	0.0130	0.0334	0.0451	-0.0525	-0.0165	-0.0868	-0.0501	-0.0253	0.0754	0.1798	-0.0484	0.1554	0.0622	0.0000	0.0000	0.0000	0.0000	0.0000	0.0039	0.0514	0.0000	-0.0657	-0.0365	-0.0526	-0.0642	-0.0386	0.0421	0.2073	-0.0350	-0.1335	0.0654	0.0000	0.0000	0.0000	0.0000	0.0000	0.0061	0.0513	0.0000	0.2074	1.3349	0.4741	0.3518	0.8842	0.5636	0.3123	0.8966	0.3628	0.3163	1.2896	0.5319	0.3208	1.2873	0.4279	0.2367	0.8295	0.4139	0.2610	0.8219	0.5373	0.1894	0.4575	0.6574	0.1884	0.4628	0.2770	0.1987	0.0622	0.6976	0.1417	0.0801	0.2280	0.2000	0.4508	0.6012	0.1968	0.4505	0.3290	0.2164	0.0693	0.6605	0.1644	0.0781	0.2591	0.1630	0.0369	0.6391	0.1127	0.0492	0.2649	0.3386	0.0376	0.7002	0.2878	0.0362	0.2543	0.1846	0.9568	0.4874	0.2342	0.0763	0.6234	0.1870	0.0762	0.2903	0.2105	0.4441	0.5449	0.2052	0.4383	0.3811
416	4.16	0.3515	0.8843	0.5624	0.3126	0.8965	0.3641	0.2640	0.4505	0.6191	0.2536	0.4790	0.3092	0.2458	0.3880	0.6251	0.2292	0.3929	0.2946	0.2179	0.2055	0.7041	0.2451	0.1529	0.6849	0.2731	0.1562	0.7281	0.1831	0.2140	0.2237	0.2011	0.1524	0.2364	0.2279	0.1577	0.1926	0.3320	0.8904	0.4633	0.3320	0.8904	0.4633	0.2406	0.0372	0.6662	0.1901	0.0434	0.2602	0.2066	0.2962	0.6252	0.1837	0.2997	0.3007	0.0158	-0.0052	0.0382	0.0095	-0.0003	-0.0374	0.3186	1.2884	0.4799	0.2185	0.6570	0.3753	0.0077	0.0266	-0.0465	0.2332	0.6530	0.5664	0.0130	0.0334	0.0451	-0.0525	-0.0165	-0.0867	-0.0501	-0.0253	0.0755	0.1798	-0.0484	0.1554	0.0622	0.0000	0.0000	0.0000	0.0000	0.0000	0.0039	0.0514	0.0000	-0.0658	-0.0364	-0.0527	-0.0642	-0.0386	0.0421	0.2073	-0.0349	-0.1335	0.0654	0.0000	0.0000	0.0000	0.0000	0.0000	0.0061	0.0513	0.0000	0.2075	1.3349	0.4740	0.3517	0.8842	0.5637	0.3123	0.8966	0.3629	0.3163	1.2896	0.5319	0.3209	1.2872	0.4280	0.2367	0.8295	0.4139	0.2609	0.8219	0.5373	0.1893	0.4575	0.6574	0.1884	0.4628	0.2770	0.1986	0.0622	0.6976	0.1417	0.0800	0.2279	0.1999	0.4508	0.6012	0.1968	0.4505	0.3290	0.2164	0.0692	0.6606	0.1644	0.0781	0.2591	0.1630	0.0369	0.6392	0.1127	0.0491	0.2649	0.3386	0.0376	0.7003	0.2877	0.0362	0.2543	0.1845	0.9568	0.4874	0.2342	0.0762	0.6235	0.1870	0.0761	0.2903	0.2105	0.4441	0.5449	0.2052	0.4382	0.3810
417	4.17	0.3515	0.8843	0.5625	0.3126	0.8965	0.3641	0.2640	0.4505	0.6191	0.2536	0.4790	0.3091	0.2457	0.3880	0.6251	0.2293	0.3930	0.2946	0.2180	0.2055	0.7041	0.2451	0.1529	0.6849	0.2731	0.1562	0.7281	0.1831	0.2140	0.2237	0.2011	0.1524	0.2364	0.2280	0.1577	0.1926	0.3320	0.8904	0.4633	0.3320	0.8904	0.4633	0.2406	0.0372	0.6662	0.1901	0.0434	0.2603	0.2066	0.2962	0.6252	0.1836	0.2997	0.3007	0.0157	-0.0053	0.0382	0.0095	-0.0003	-0.0374	0.3187	1.2884	0.4799	0.2186	0.6570	0.3753	0.0077	0.0265	-0.0466	0.2332	0.6530	0.5663	0.0130	0.0334	0.0451	-0.0525	-0.0165	-0.0867	-0.0501	-0.0253	0.0755	0.1798	-0.0484	0.1554	0.0622	0.0000	0.0000	0.0000	0.0000	0.0000	0.0039	0.0514	0.0000	-0.0658	-0.0364	-0.0527	-0.0643	-0.0387	0.0421	0.2073	-0.0349	-0.1335	0.0654	0.0000	0.0000	0.0000	0.0000	0.0000	0.0060	0.0512	0.0000	0.2076	1.3349	0.4740	0.3517	0.8842	0.5637	0.3124	0.8966	0.3629	0.3164	1.2895	0.5319	0.3210	1.2872	0.4279	0.2368	0.8294	0.4139	0.2609	0.8219	0.5373	0.1893	0.4574	0.6574	0.1885	0.4628	0.2769	0.1987	0.0622	0.6976	0.1417	0.0800	0.2279	0.1999	0.4508	0.6012	0.1968	0.4505	0.3290	0.2164	0.0692	0.6606	0.1644	0.0781	0.2591	0.1630	0.0369	0.6392	0.1127	0.0491	0.2649	0.3386	0.0376	0.7003	0.2877	0.0362	0.2543	0.1845	0.9568	0.4874	0.2341	0.0761	0.6236	0.1870	0.0761	0.2903	0.2105	0.4441	0.5449	0.2050	0.4382	0.3812
418	4.18	0.3514	0.8843	0.5625	0.3127	0.8966	0.3641	0.2640	0.4505	0.6191	0.2537	0.4791	0.3091	0.2457	0.3880	0.6251	0.2293	0.3930	0.2945	0.2180	0.2055	0.7041	0.2451	0.1529	0.6849	0.2731	0.1562	0.7281	0.1832	0.2141	0.2236	0.2012	0.1524	0.2364	0.2280	0.1577	0.1926	0.3321	0.8904	0.4633	0.3321	0.8904	0.4633	0.2406	0.0372	0.6662	0.1901	0.0433	0.2602	0.2065	0.2962	0.6252	0.1836	0.2997	0.3007	0.0157	-0.0053	0.0381	0.0095	-0.0003	-0.0374	0.3188	1.2884	0.4799	0.2186	0.6570	0.3753	0.0077	0.0264	-0.0467	0.2331	0.6530	0.5663	0.0130	0.0334	0.0451	-0.0525	-0.0165	-0.0867	-0.0502	-0.0254	0.0755	0.1798	-0.0484	0.1554	0.0622	0.0000	0.0000	0.0000	0.0000	0.0000	0.0039	0.0514	0.0000	-0.0657	-0.0364	-0.0527	-0.0643	-0.0387	0.0421	0.2074	-0.0349	-0.1335	0.0655	0.0000	0.0000	0.0000	0.0000	0.0000	0.0061	0.0512	0.0000	0.2077	1.3349	0.4739	0.3517	0.8843	0.5637	0.3125	0.8966	0.3629	0.3165	1.2895	0.5318	0.3211	1.2872	0.4279	0.2369	0.8294	0.4138	0.2609	0.8219	0.5372	0.1893	0.4574	0.6574	0.1885	0.4628	0.2769	0.1987	0.0622	0.6976	0.1417	0.0800	0.2279	0.1999	0.4508	0.6011	0.1967	0.4505	0.3291	0.2164	0.0692	0.6606	0.1643	0.0781	0.2591	0.1630	0.0369	0.6392	0.1127	0.0490	0.2649	0.3386	0.0376	0.7003	0.2877	0.0362	0.2543	0.1844	0.9568	0.4873	0.2340	0.0762	0.6236	0.1870	0.0761	0.2903	0.2104	0.4441	0.5449	0.2049	0.4382	0.3812
419	4.19	0.3513	0.8843	0.5625	0.3127	0.8965	0.3641	0.2639	0.4505	0.6191	0.2536	0.4790	0.3091	0.2457	0.3880	0.6251	0.2292	0.3930	0.2945	0.2179	0.2055	0.7041	0.2450	0.1529	0.6849	0.2731	0.1562	0.7281	0.1831	0.2141	0.2236	0.2011	0.1524	0.2364	0.2280	0.1577	0.1926	0.3320	0.8904	0.4633	0.3320	0.8904	0.4633	0.2406	0.0372	0.6662	0.1900	0.0434	0.2602	0.2065	0.2962	0.6252	0.1835	0.2997	0.3007	0.0158	-0.0053	0.0382	0.0095	-0.0003	-0.0374	0.3188	1.2883	0.4799	0.2185	0.6570	0.3752	0.0077	0.0264	-0.0467	0.2330	0.6530	0.5663	0.0130	0.0334	0.0451	-0.0525	-0.0165	-0.0867	-0.0502	-0.0254	0.0755	0.1798	-0.0484	0.1554	0.0622	0.0000	0.0000	0.0000	0.0000	0.0000	0.0039	0.0515	0.0000	-0.0657	-0.0365	-0.0527	-0.0643	-0.0387	0.0421	0.2074	-0.0349	-0.1335	0.0655	0.0000	0.0000	0.0000	0.0000	0.0000	0.0061	0.0512	0.0000	0.2078	1.3349	0.4738	0.3515	0.8843	0.5638	0.3124	0.8966	0.3629	0.3165	1.2895	0.5318	0.3212	1.2871	0.4279	0.2368	0.8294	0.4138	0.2608	0.8219	0.5373	0.1892	0.4574	0.6574	0.1885	0.4628	0.2769	0.1986	0.0622	0.6976	0.1417	0.0800	0.2279	0.1998	0.4508	0.6011	0.1966	0.4505	0.3290	0.2163	0.0692	0.6605	0.1643	0.0781	0.2591	0.1629	0.0369	0.6391	0.1127	0.0490	0.2649	0.3386	0.0376	0.7003	0.2877	0.0362	0.2543	0.1843	0.9568	0.4872	0.2341	0.0763	0.6235	0.1869	0.0761	0.2903	0.2104	0.4441	0.5449	0.2048	0.4382	0.3812
420	4.20	0.3512	0.8843	0.5626	0.3127	0.8965	0.3641	0.2638	0.4505	0.6191	0.2536	0.4790	0.3091	0.2456	0.3880	0.6251	0.2292	0.3930	0.2945	0.2179	0.2055	0.7041	0.2450	0.1530	0.6849	0.2731	0.1562	0.7281	0.1831	0.2141	0.2236	0.2011	0.1524	0.2363	0.2280	0.1577	0.1926	0.3319	0.8904	0.4633	0.3319	0.8904	0.4633	0.2405	0.0372	0.6662	0.1900	0.0434	0.2602	0.2065	0.2962	0.6252	0.1835	0.2997	0.3007	0.0158	-0.0052	0.0382	0.0095	-0.0003	-0.0374	0.3189	1.2883	0.4799	0.2185	0.6570	0.3752	0.0077	0.0265	-0.0467	0.2330	0.6530	0.5663	0.0130	0.0334	0.0451	-0.0525	-0.0165	-0.0867	-0.0502	-0.0254	0.0755	0.1798	-0.0484	0.1554	0.0622	0.0000	0.0000	0.0000	0.0000	0.0000	0.0039	0.0515	0.0000	-0.0658	-0.0364	-0.0526	-0.0643	-0.0387	0.0421	0.2074	-0.0348	-0.1335	0.0655	0.0000	0.0000	0.0000	0.0000	0.0000	0.0061	0.0512	0.0000	0.2079	1.3350	0.4737	0.3515	0.8843	0.5638	0.3124	0.8966	0.3629	0.3166	1.2895	0.5318	0.3213	1.2871	0.4279	0.2367	0.8294	0.4138	0.2607	0.8219	0.5373	0.1891	0.4574	0.6573	0.1885	0.4628	0.2768	0.1986	0.0622	0.6976	0.1416	0.0800	0.2279	0.1997	0.4508	0.6011	0.1966	0.4505	0.3290	0.2164	0.0692	0.6605	0.1642	0.0781	0.2591	0.1629	0.0369	0.6391	0.1126	0.0490	0.2648	0.3385	0.0376	0.7003	0.2876	0.0362	0.2543	0.1843	0.9568	0.4872	0.2342	0.0762	0.6235	0.1869	0.0762	0.2903	0.2103	0.4441	0.5449	0.2048	0.4383	0.3811
421	4.21	0.3512	0.8844	0.5625	0.3127	0.8965	0.3641	0.2639	0.4505	0.6190	0.2536	0.4790	0.3090	0.2456	0.3881	0.6250	0.2293	0.3930	0.2944	0.2179	0.2055	0.7041	0.2451	0.1530	0.6849	0.2731	0.1563	0.7280	0.1832	0.2141	0.2235	0.2012	0.1524	0.2363	0.2280	0.1577	0.1926	0.3320	0.8904	0.4633	0.3320	0.8904	0.4633	0.2406	0.0372	0.6662	0.1901	0.0434	0.2602	0.2065	0.2962	0.6252	0.1836	0.2997	0.3006	0.0157	-0.0052	0.0382	0.0095	-0.0003	-0.0374	0.3191	1.2883	0.4798	0.2185	0.6570	0.3752	0.0077	0.0264	-0.0466	0.2330	0.6530	0.5663	0.0130	0.0334	0.0451	-0.0525	-0.0165	-0.0868	-0.0503	-0.0255	0.0755	0.1798	-0.0485	0.1553	0.0621	0.0000	0.0000	0.0000	0.0000	0.0000	0.0039	0.0514	0.0000	-0.0658	-0.0364	-0.0527	-0.0643	-0.0387	0.0421	0.2074	-0.0349	-0.1334	0.0655	0.0000	0.0000	0.0000	0.0000	0.0000	0.0061	0.0512	0.0000	0.2081	1.3351	0.4737	0.3514	0.8843	0.5638	0.3125	0.8966	0.3629	0.3167	1.2895	0.5318	0.3214	1.2871	0.4278	0.2368	0.8295	0.4138	0.2607	0.8219	0.5372	0.1892	0.4575	0.6573	0.1886	0.4628	0.2768	0.1986	0.0623	0.6975	0.1416	0.0800	0.2279	0.1997	0.4508	0.6011	0.1967	0.4505	0.3289	0.2165	0.0692	0.6605	0.1643	0.0781	0.2591	0.1630	0.0369	0.6391	0.1127	0.0491	0.2648	0.3386	0.0376	0.7003	0.2877	0.0362	0.2543	0.1843	0.9569	0.4872	0.2343	0.0762	0.6235	0.1870	0.0762	0.2902	0.2103	0.4441	0.5449	0.2049	0.4383	0.3810
422	4.22	0.3511	0.8844	0.5626	0.3128	0.8965	0.3642	0.2638	0.4506	0.6190	0.2537	0.4791	0.3090	0.2456	0.3881	0.6250	0.2293	0.3930	0.2944	0.2179	0.2056	0.7041	0.2451	0.1530	0.6848	0.2731	0.1563	0.7280	0.1832	0.2141	0.2235	0.2012	0.1525	0.2363	0.2280	0.1577	0.1926	0.3319	0.8904	0.4634	0.3319	0.8904	0.4634	0.2406	0.0373	0.6661	0.1901	0.0435	0.2601	0.2065	0.2963	0.6252	0.1836	0.2997	0.3006	0.0157	-0.0052	0.0382	0.0095	-0.0003	-0.0374	0.3191	1.2883	0.4798	0.2185	0.6571	0.3751	0.0077	0.0264	-0.0466	0.2329	0.6531	0.5663	0.0130	0.0334	0.0451	-0.0524	-0.0165	-0.0868	-0.0502	-0.0254	0.0754	0.1798	-0.0485	0.1554	0.0622	0.0000	0.0000	0.0000	0.0000	0.0000	0.0039	0.0514	0.0000	-0.0658	-0.0364	-0.0527	-0.0643	-0.0387	0.0421	0.2074	-0.0349	-0.1334	0.0654	0.0000	0.0000	0.0000	0.0000	0.0000	0.0061	0.0512	0.0000	0.2082	1.3352	0.4736	0.3513	0.8843	0.5638	0.3125	0.8966	0.3629	0.3168	1.2895	0.5317	0.3214	1.2870	0.4278	0.2368	0.8295	0.4138	0.2606	0.8219	0.5372	0.1891	0.4575	0.6573	0.1886	0.4628	0.2767	0.1986	0.0623	0.6975	0.1417	0.0800	0.2278	0.1997	0.4508	0.6011	0.1967	0.4506	0.3289	0.2164	0.0692	0.6605	0.1644	0.0782	0.2590	0.1630	0.0369	0.6391	0.1127	0.0492	0.2647	0.3386	0.0377	0.7003	0.2877	0.0363	0.2543	0.1842	0.9569	0.4871	0.2342	0.0762	0.6235	0.1870	0.0763	0.2902	0.2103	0.4441	0.5448	0.2048	0.4383	0.3810
423	4.23	0.3510	0.8843	0.5626	0.3127	0.8965	0.3642	0.2638	0.4506	0.6190	0.2537	0.4790	0.3090	0.2456	0.3881	0.6250	0.2292	0.3930	0.2944	0.2179	0.2056	0.7040	0.2451	0.1530	0.6848	0.2731	0.1563	0.7280	0.1832	0.2140	0.2235	0.2012	0.1524	0.2363	0.2280	0.1577	0.1926	0.3318	0.8904	0.4634	0.3318	0.8904	0.4634	0.2406	0.0373	0.6661	0.1900	0.0435	0.2601	0.2064	0.2963	0.6251	0.1836	0.2998	0.3005	0.0157	-0.0052	0.0382	0.0095	-0.0003	-0.0374	0.3191	1.2882	0.4797	0.2185	0.6571	0.3751	0.0077	0.0265	-0.0466	0.2328	0.6531	0.5662	0.0130	0.0335	0.0451	-0.0524	-0.0165	-0.0868	-0.0501	-0.0253	0.0754	0.1798	-0.0485	0.1554	0.0622	0.0000	0.0000	0.0000	0.0000	0.0000	0.0039	0.0514	0.0000	-0.0657	-0.0364	-0.0528	-0.0642	-0.0386	0.0421	0.2074	-0.0348	-0.1334	0.0654	0.0000	0.0000	0.0000	0.0000	0.0000	0.0060	0.0512	0.0000	0.2082	1.3352	0.4735	0.3512	0.8842	0.5639	0.3125	0.8966	0.3629	0.3168	1.2895	0.5317	0.3215	1.2869	0.4278	0.2367	0.8295	0.4137	0.2604	0.8219	0.5372	0.1890	0.4575	0.6573	0.1886	0.4628	0.2767	0.1986	0.0623	0.6975	0.1418	0.0801	0.2277	0.1996	0.4508	0.6011	0.1967	0.4506	0.3288	0.2164	0.0692	0.6605	0.1644	0.0782	0.2589	0.1630	0.0370	0.6391	0.1126	0.0493	0.2646	0.3386	0.0377	0.7003	0.2877	0.0363	0.2543	0.1841	0.9570	0.4870	0.2341	0.0761	0.6236	0.1870	0.0763	0.2902	0.2102	0.4441	0.5448	0.2048	0.4383	0.3809
424	4.24	0.3509	0.8843	0.5626	0.3128	0.8965	0.3642	0.2637	0.4505	0.6190	0.2537	0.4790	0.3090	0.2456	0.3881	0.6250	0.2292	0.3930	0.2944	0.2179	0.2055	0.7040	0.2451	0.1530	0.6848	0.2731	0.1563	0.7280	0.1832	0.2140	0.2235	0.2012	0.1524	0.2363	0.2281	0.1576	0.1926	0.3318	0.8904	0.4634	0.3318	0.8904	0.4634	0.2406	0.0373	0.6661	0.1900	0.0435	0.2601	0.2064	0.2962	0.6251	0.1836	0.2998	0.3004	0.0157	-0.0053	0.0382	0.0095	-0.0003	-0.0374	0.3192	1.2881	0.4797	0.2185	0.6571	0.3750	0.0077	0.0265	-0.0465	0.2327	0.6530	0.5662	0.0130	0.0334	0.0451	-0.0524	-0.0165	-0.0868	-0.0501	-0.0253	0.0754	0.1798	-0.0485	0.1553	0.0622	0.0000	0.0000	0.0000	0.0000	0.0000	0.0039	0.0514	0.0000	-0.0657	-0.0365	-0.0528	-0.0642	-0.0387	0.0421	0.2074	-0.0348	-0.1335	0.0654	0.0000	0.0000	0.0000	0.0000	0.0000	0.0060	0.0512	0.0000	0.2083	1.3353	0.4734	0.3511	0.8842	0.5639	0.3125	0.8966	0.3629	0.3168	1.2895	0.5316	0.3215	1.2868	0.4278	0.2367	0.8295	0.4137	0.2604	0.8219	0.5372	0.1890	0.4574	0.6573	0.1886	0.4628	0.2767	0.1987	0.0623	0.6975	0.1418	0.0801	0.2277	0.1996	0.4508	0.6010	0.1968	0.4506	0.3287	0.2164	0.0692	0.6605	0.1644	0.0782	0.2589	0.1630	0.0369	0.6391	0.1126	0.0492	0.2646	0.3386	0.0377	0.7003	0.2877	0.0362	0.2543	0.1841	0.9570	0.4869	0.2341	0.0762	0.6235	0.1870	0.0762	0.2902	0.2102	0.4441	0.5448	0.2050	0.4383	0.3807
425	4.25	0.3508	0.8843	0.5627	0.3128	0.8965	0.3642	0.2637	0.4505	0.6190	0.2536	0.4790	0.3090	0.2455	0.3880	0.6250	0.2292	0.3930	0.2944	0.2179	0.2055	0.7041	0.2451	0.1530	0.6849	0.2731	0.1563	0.7280	0.1832	0.2140	0.2235	0.2012	0.1524	0.2363	0.2281	0.1576	0.1926	0.3318	0.8904	0.4634	0.3318	0.8904	0.4634	0.2406	0.0372	0.6662	0.1900	0.0434	0.2601	0.2064	0.2963	0.6251	0.1836	0.2997	0.3005	0.0159	-0.0053	0.0383	0.0095	-0.0003	-0.0374	0.3192	1.2881	0.4796	0.2185	0.6571	0.3750	0.0076	0.0265	-0.0466	0.2327	0.6530	0.5662	0.0130	0.0334	0.0451	-0.0524	-0.0165	-0.0867	-0.0501	-0.0253	0.0755	0.1799	-0.0484	0.1554	0.0622	0.0000	0.0000	0.0000	0.0000	0.0000	0.0039	0.0514	0.0000	-0.0657	-0.0365	-0.0526	-0.0642	-0.0387	0.0421	0.2073	-0.0349	-0.1335	0.0654	0.0000	0.0000	0.0000	0.0000	0.0000	0.0061	0.0512	0.0000	0.2083	1.3352	0.4734	0.3510	0.8842	0.5639	0.3125	0.8966	0.3629	0.3169	1.2894	0.5316	0.3216	1.2868	0.4277	0.2367	0.8295	0.4137	0.2603	0.8219	0.5371	0.1889	0.4574	0.6573	0.1886	0.4628	0.2767	0.1987	0.0622	0.6975	0.1418	0.0800	0.2277	0.1996	0.4507	0.6010	0.1967	0.4505	0.3287	0.2164	0.0693	0.6604	0.1643	0.0781	0.2589	0.1630	0.0369	0.6391	0.1127	0.0491	0.2647	0.3386	0.0376	0.7003	0.2877	0.0362	0.2544	0.1840	0.9569	0.4869	0.2342	0.0764	0.6233	0.1869	0.0762	0.2902	0.2102	0.4441	0.5448	0.2048	0.4382	0.3808
426	4.26	0.3507	0.8843	0.5627	0.3127	0.8965	0.3642	0.2636	0.4505	0.6190	0.2536	0.4790	0.3090	0.2454	0.3880	0.6250	0.2292	0.3930	0.2944	0.2178	0.2055	0.7041	0.2450	0.1530	0.6849	0.2730	0.1563	0.7280	0.1832	0.2140	0.2235	0.2012	0.1524	0.2363	0.2281	0.1576	0.1926	0.3317	0.8904	0.4635	0.3317	0.8904	0.4635	0.2406	0.0372	0.6662	0.1900	0.0434	0.2601	0.2064	0.2962	0.6251	0.1835	0.2997	0.3005	0.0159	-0.0052	0.0383	0.0095	-0.0003	-0.0374	0.3193	1.2880	0.4796	0.2184	0.6570	0.3750	0.0076	0.0264	-0.0467	0.2326	0.6530	0.5662	0.0131	0.0334	0.0451	-0.0525	-0.0165	-0.0867	-0.0501	-0.0254	0.0755	0.1799	-0.0484	0.1554	0.0622	0.0000	0.0000	0.0000	0.0000	0.0000	0.0039	0.0514	0.0000	-0.0657	-0.0365	-0.0525	-0.0643	-0.0387	0.0422	0.2074	-0.0349	-0.1335	0.0655	0.0000	0.0000	0.0000	0.0000	0.0000	0.0060	0.0512	0.0000	0.2084	1.3352	0.4734	0.3509	0.8842	0.5639	0.3125	0.8966	0.3630	0.3169	1.2893	0.5315	0.3217	1.2867	0.4276	0.2366	0.8294	0.4136	0.2602	0.8219	0.5371	0.1889	0.4574	0.6573	0.1886	0.4628	0.2766	0.1987	0.0622	0.6975	0.1417	0.0800	0.2277	0.1995	0.4507	0.6010	0.1966	0.4505	0.3288	0.2164	0.0693	0.6604	0.1643	0.0781	0.2589	0.1630	0.0369	0.6391	0.1126	0.0491	0.2646	0.3386	0.0376	0.7003	0.2877	0.0362	0.2544	0.1839	0.9569	0.4869	0.2342	0.0764	0.6233	0.1869	0.0761	0.2902	0.2101	0.4441	0.5448	0.2046	0.4382	0.3809
427	4.27	0.3506	0.8843	0.5627	0.3127	0.8965	0.3642	0.2635	0.4505	0.6191	0.2536	0.4790	0.3090	0.2454	0.3880	0.6251	0.2292	0.3930	0.2944	0.2178	0.2054	0.7041	0.2450	0.1529	0.6849	0.2730	0.1562	0.7280	0.1832	0.2140	0.2235	0.2012	0.1524	0.2363	0.2281	0.1576	0.1926	0.3316	0.8904	0.4635	0.3316	0.8904	0.4635	0.2406	0.0372	0.6662	0.1900	0.0433	0.2601	0.2063	0.2962	0.6251	0.1834	0.2996	0.3005	0.0158	-0.0052	0.0383	0.0095	-0.0003	-0.0374	0.3193	1.2879	0.4795	0.2184	0.6570	0.3750	0.0076	0.0264	-0.0467	0.2325	0.6530	0.5662	0.0131	0.0334	0.0451	-0.0525	-0.0165	-0.0867	-0.0502	-0.0254	0.0755	0.1799	-0.0484	0.1553	0.0622	0.0000	0.0000	0.0000	0.0000	0.0000	0.0039	0.0514	0.0000	-0.0658	-0.0364	-0.0525	-0.0643	-0.0387	0.0421	0.2074	-0.0348	-0.1334	0.0654	0.0000	0.0000	0.0000	0.0000	0.0000	0.0060	0.0512	0.0000	0.2084	1.3352	0.4733	0.3508	0.8842	0.5640	0.3125	0.8965	0.3630	0.3169	1.2892	0.5315	0.3217	1.2866	0.4276	0.2366	0.8294	0.4136	0.2601	0.8219	0.5371	0.1888	0.4573	0.6573	0.1885	0.4628	0.2766	0.1986	0.0622	0.6975	0.1417	0.0800	0.2277	0.1994	0.4507	0.6010	0.1965	0.4505	0.3288	0.2165	0.0692	0.6605	0.1643	0.0780	0.2589	0.1630	0.0369	0.6391	0.1126	0.0490	0.2646	0.3386	0.0376	0.7003	0.2877	0.0361	0.2544	0.1839	0.9569	0.4869	0.2343	0.0762	0.6234	0.1868	0.0761	0.2902	0.2101	0.4441	0.5448	0.2045	0.4382	0.3809
428	4.28	0.3505	0.8843	0.5628	0.3126	0.8964	0.3642	0.2635	0.4505	0.6191	0.2535	0.4790	0.3090	0.2453	0.3880	0.6251	0.2291	0.3930	0.2944	0.2178	0.2054	0.7041	0.2449	0.1530	0.6849	0.2730	0.1563	0.7280	0.1831	0.2140	0.2235	0.2011	0.1524	0.2362	0.2281	0.1576	0.1925	0.3315	0.8904	0.4635	0.3315	0.8904	0.4635	0.2406	0.0372	0.6662	0.1900	0.0433	0.2601	0.2063	0.2962	0.6251	0.1834	0.2996	0.3005	0.0158	-0.0052	0.0382	0.0095	-0.0003	-0.0374	0.3193	1.2879	0.4795	0.2183	0.6570	0.3750	0.0076	0.0265	-0.0467	0.2324	0.6530	0.5662	0.0130	0.0334	0.0451	-0.0525	-0.0165	-0.0867	-0.0502	-0.0255	0.0755	0.1799	-0.0484	0.1554	0.0622	0.0000	0.0000	0.0000	0.0000	0.0000	0.0039	0.0514	0.0000	-0.0658	-0.0365	-0.0526	-0.0643	-0.0388	0.0421	0.2074	-0.0348	-0.1334	0.0655	0.0000	0.0000	0.0000	0.0000	0.0000	0.0060	0.0512	0.0000	0.2085	1.3352	0.4732	0.3507	0.8842	0.5640	0.3124	0.8965	0.3630	0.3170	1.2892	0.5315	0.3217	1.2866	0.4275	0.2365	0.8294	0.4136	0.2600	0.8219	0.5372	0.1887	0.4574	0.6573	0.1885	0.4628	0.2766	0.1986	0.0622	0.6975	0.1416	0.0799	0.2277	0.1994	0.4507	0.6011	0.1965	0.4505	0.3287	0.2164	0.0692	0.6605	0.1642	0.0780	0.2589	0.1630	0.0368	0.6391	0.1126	0.0490	0.2646	0.3386	0.0376	0.7003	0.2876	0.0362	0.2544	0.1838	0.9569	0.4868	0.2342	0.0762	0.6235	0.1868	0.0761	0.2902	0.2100	0.4441	0.5448	0.2045	0.4382	0.3809
429	4.29	0.3504	0.8844	0.5628	0.3126	0.8964	0.3642	0.2634	0.4505	0.6190	0.2534	0.4791	0.3089	0.2453	0.3881	0.6250	0.2290	0.3930	0.2943	0.2177	0.2055	0.7040	0.2449	0.1530	0.6848	0.2730	0.1563	0.7280	0.1831	0.2141	0.2234	0.2011	0.1524	0.2362	0.2280	0.1577	0.1925	0.3315	0.8904	0.4635	0.3315	0.8904	0.4635	0.2406	0.0372	0.6662	0.1899	0.0434	0.2601	0.2062	0.2962	0.6251	0.1834	0.2997	0.3005	0.0157	-0.0052	0.0382	0.0095	-0.0003	-0.0374	0.3194	1.2879	0.4794	0.2182	0.6570	0.3750	0.0077	0.0264	-0.0467	0.2324	0.6530	0.5662	0.0130	0.0335	0.0451	-0.0524	-0.0165	-0.0867	-0.0502	-0.0255	0.0755	0.1798	-0.0484	0.1554	0.0622	0.0000	0.0000	0.0000	0.0000	0.0000	0.0038	0.0514	0.0000	-0.0658	-0.0365	-0.0527	-0.0643	-0.0388	0.0421	0.2074	-0.0348	-0.1334	0.0655	0.0000	0.0000	0.0000	0.0000	0.0000	0.0060	0.0512	0.0000	0.2085	1.3353	0.4731	0.3506	0.8843	0.5640	0.3124	0.8965	0.3630	0.3170	1.2892	0.5314	0.3217	1.2866	0.4274	0.2365	0.8294	0.4136	0.2600	0.8219	0.5371	0.1887	0.4574	0.6573	0.1884	0.4628	0.2766	0.1986	0.0622	0.6975	0.1416	0.0799	0.2277	0.1993	0.4507	0.6011	0.1964	0.4505	0.3287	0.2163	0.0692	0.6605	0.1642	0.0781	0.2589	0.1630	0.0369	0.6391	0.1126	0.0491	0.2646	0.3385	0.0376	0.7003	0.2876	0.0362	0.2544	0.1837	0.9569	0.4868	0.2341	0.0761	0.6235	0.1868	0.0762	0.2901	0.2100	0.4440	0.5448	0.2044	0.4382	0.3809
430	4.30	0.3503	0.8844	0.5628	0.3126	0.8964	0.3642	0.2634	0.4506	0.6190	0.2534	0.4791	0.3089	0.2453	0.3881	0.6250	0.2290	0.3930	0.2943	0.2178	0.2055	0.7040	0.2450	0.1530	0.6848	0.2730	0.1563	0.7280	0.1831	0.2141	0.2234	0.2011	0.1525	0.2362	0.2281	0.1577	0.1925	0.3315	0.8904	0.4635	0.3315	0.8904	0.4635	0.2406	0.0372	0.6661	0.1900	0.0434	0.2600	0.2062	0.2962	0.6251	0.1834	0.2997	0.3004	0.0157	-0.0052	0.0382	0.0095	-0.0003	-0.0374	0.3194	1.2879	0.4793	0.2182	0.6570	0.3750	0.0077	0.0264	-0.0467	0.2323	0.6531	0.5662	0.0130	0.0335	0.0451	-0.0524	-0.0165	-0.0868	-0.0502	-0.0254	0.0754	0.1798	-0.0484	0.1554	0.0622	0.0000	0.0000	0.0000	0.0000	0.0000	0.0039	0.0514	0.0000	-0.0658	-0.0364	-0.0528	-0.0643	-0.0387	0.0421	0.2074	-0.0348	-0.1334	0.0655	0.0000	0.0000	0.0000	0.0000	0.0000	0.0060	0.0512	0.0000	0.2085	1.3354	0.4730	0.3506	0.8843	0.5640	0.3124	0.8965	0.3629	0.3171	1.2892	0.5313	0.3218	1.2865	0.4274	0.2364	0.8295	0.4136	0.2599	0.8220	0.5371	0.1887	0.4575	0.6573	0.1884	0.4628	0.2766	0.1986	0.0623	0.6975	0.1417	0.0800	0.2276	0.1993	0.4507	0.6011	0.1964	0.4505	0.3287	0.2164	0.0692	0.6605	0.1643	0.0781	0.2589	0.1630	0.0369	0.6391	0.1126	0.0491	0.2645	0.3386	0.0377	0.7003	0.2876	0.0362	0.2544	0.1837	0.9570	0.4867	0.2341	0.0761	0.6236	0.1868	0.0762	0.2901	0.2100	0.4440	0.5448	0.2044	0.4383	0.3809
431	4.31	0.3502	0.8843	0.5628	0.3125	0.8964	0.3642	0.2634	0.4506	0.6190	0.2534	0.4790	0.3090	0.2453	0.3881	0.6250	0.2290	0.3930	0.2943	0.2178	0.2055	0.7040	0.2450	0.1530	0.6848	0.2730	0.1563	0.7280	0.1831	0.2140	0.2234	0.2011	0.1524	0.2362	0.2280	0.1577	0.1925	0.3314	0.8904	0.4635	0.3314	0.8904	0.4635	0.2406	0.0372	0.6661	0.1900	0.0434	0.2600	0.2062	0.2962	0.6251	0.1834	0.2997	0.3004	0.0157	-0.0052	0.0382	0.0095	-0.0003	-0.0374	0.3194	1.2878	0.4793	0.2182	0.6570	0.3750	0.0077	0.0265	-0.0466	0.2322	0.6531	0.5662	0.0130	0.0335	0.0451	-0.0524	-0.0165	-0.0868	-0.0502	-0.0254	0.0754	0.1798	-0.0484	0.1554	0.0622	0.0000	0.0000	0.0000	0.0000	0.0000	0.0039	0.0514	0.0000	-0.0658	-0.0364	-0.0527	-0.0642	-0.0387	0.0420	0.2075	-0.0348	-0.1334	0.0655	0.0000	0.0000	0.0000	0.0000	0.0000	0.0060	0.0512	0.0000	0.2086	1.3354	0.4730	0.3504	0.8843	0.5640	0.3123	0.8965	0.3630	0.3171	1.2892	0.5312	0.3217	1.2865	0.4273	0.2363	0.8295	0.4136	0.2597	0.8220	0.5371	0.1886	0.4575	0.6573	0.1884	0.4628	0.2766	0.1986	0.0623	0.6975	0.1417	0.0800	0.2276	0.1993	0.4507	0.6011	0.1964	0.4505	0.3287	0.2164	0.0692	0.6605	0.1643	0.0781	0.2589	0.1630	0.0369	0.6391	0.1126	0.0491	0.2645	0.3386	0.0377	0.7003	0.2877	0.0363	0.2544	0.1836	0.9570	0.4867	0.2342	0.0762	0.6235	0.1869	0.0763	0.2901	0.2099	0.4440	0.5448	0.2045	0.4383	0.3808
432	4.32	0.3500	0.8843	0.5628	0.3124	0.8964	0.3642	0.2634	0.4506	0.6190	0.2533	0.4790	0.3090	0.2452	0.3881	0.6250	0.2289	0.3930	0.2944	0.2177	0.2055	0.7040	0.2450	0.1530	0.6848	0.2730	0.1563	0.7280	0.1830	0.2140	0.2234	0.2010	0.1524	0.2362	0.2280	0.1576	0.1925	0.3312	0.8903	0.4635	0.3312	0.8903	0.4635	0.2406	0.0373	0.6661	0.1899	0.0434	0.2600	0.2062	0.2962	0.6251	0.1834	0.2997	0.3004	0.0157	-0.0052	0.0382	0.0095	-0.0003	-0.0374	0.3194	1.2878	0.4792	0.2181	0.6571	0.3750	0.0077	0.0265	-0.0465	0.2321	0.6531	0.5662	0.0130	0.0335	0.0451	-0.0524	-0.0165	-0.0868	-0.0501	-0.0254	0.0754	0.1798	-0.0484	0.1554	0.0622	0.0000	0.0000	0.0000	0.0000	0.0000	0.0039	0.0514	0.0000	-0.0658	-0.0364	-0.0527	-0.0642	-0.0387	0.0420	0.2074	-0.0348	-0.1334	0.0655	0.0000	0.0000	0.0000	0.0000	0.0000	0.0061	0.0513	0.0000	0.2086	1.3354	0.4729	0.3503	0.8842	0.5640	0.3122	0.8964	0.3630	0.3170	1.2892	0.5312	0.3217	1.2864	0.4273	0.2362	0.8295	0.4136	0.2596	0.8220	0.5372	0.1886	0.4574	0.6573	0.1883	0.4628	0.2766	0.1986	0.0623	0.6975	0.1416	0.0800	0.2276	0.1992	0.4507	0.6011	0.1964	0.4505	0.3287	0.2164	0.0692	0.6605	0.1642	0.0781	0.2589	0.1630	0.0369	0.6391	0.1126	0.0491	0.2645	0.3386	0.0377	0.7003	0.2876	0.0363	0.2544	0.1835	0.9571	0.4867	0.2342	0.0762	0.6235	0.1868	0.0762	0.2901	0.2098	0.4440	0.5449	0.2045	0.4383	0.3808
433	4.33	0.3500	0.8843	0.5628	0.3124	0.8964	0.3642	0.2633	0.4506	0.6190	0.2532	0.4790	0.3090	0.2452	0.3881	0.6250	0.2289	0.3930	0.2944	0.2177	0.2055	0.7040	0.2450	0.1530	0.6848	0.2730	0.1563	0.7280	0.1830	0.2140	0.2234	0.2011	0.1524	0.2362	0.2280	0.1577	0.1925	0.3312	0.8903	0.4635	0.3312	0.8903	0.4635	0.2406	0.0373	0.6661	0.1899	0.0435	0.2600	0.2062	0.2962	0.6252	0.1833	0.2997	0.3004	0.0157	-0.0052	0.0382	0.0095	-0.0003	-0.0374	0.3194	1.2878	0.4792	0.2180	0.6571	0.3750	0.0077	0.0265	-0.0466	0.2321	0.6530	0.5663	0.0130	0.0335	0.0451	-0.0524	-0.0165	-0.0868	-0.0500	-0.0254	0.0755	0.1798	-0.0484	0.1554	0.0622	0.0000	0.0000	0.0000	0.0000	0.0000	0.0039	0.0514	0.0000	-0.0658	-0.0364	-0.0527	-0.0642	-0.0387	0.0421	0.2074	-0.0347	-0.1335	0.0655	0.0000	0.0000	0.0000	0.0000	0.0000	0.0060	0.0512	0.0000	0.2086	1.3355	0.4728	0.3502	0.8842	0.5641	0.3122	0.8964	0.3630	0.3170	1.2892	0.5311	0.3217	1.2863	0.4272	0.2361	0.8295	0.4136	0.2595	0.8220	0.5372	0.1886	0.4574	0.6573	0.1883	0.4628	0.2766	0.1987	0.0622	0.6975	0.1417	0.0800	0.2276	0.1992	0.4507	0.6011	0.1963	0.4505	0.3287	0.2164	0.0692	0.6605	0.1643	0.0781	0.2588	0.1630	0.0369	0.6391	0.1126	0.0492	0.2644	0.3386	0.0377	0.7003	0.2876	0.0363	0.2544	0.1834	0.9571	0.4866	0.2342	0.0762	0.6235	0.1868	0.0762	0.2901	0.2098	0.4440	0.5449	0.2044	0.4383	0.3808
434	4.34	0.3500	0.8843	0.5628	0.3124	0.8964	0.3642	0.2633	0.4506	0.6191	0.2532	0.4790	0.3090	0.2452	0.3881	0.6251	0.2289	0.3930	0.2944	0.2177	0.2055	0.7041	0.2450	0.1530	0.6848	0.2730	0.1563	0.7280	0.1830	0.2140	0.2234	0.2011	0.1524	0.2362	0.2280	0.1577	0.1925	0.3312	0.8903	0.4635	0.3312	0.8903	0.4635	0.2406	0.0372	0.6661	0.1900	0.0434	0.2600	0.2062	0.2962	0.6252	0.1833	0.2997	0.3004	0.0157	-0.0052	0.0382	0.0095	-0.0003	-0.0374	0.3194	1.2877	0.4791	0.2180	0.6570	0.3750	0.0077	0.0265	-0.0466	0.2321	0.6530	0.5663	0.0130	0.0334	0.0451	-0.0525	-0.0165	-0.0867	-0.0501	-0.0254	0.0755	0.1798	-0.0484	0.1554	0.0622	0.0000	0.0000	0.0000	0.0000	0.0000	0.0039	0.0514	0.0000	-0.0658	-0.0364	-0.0527	-0.0642	-0.0387	0.0421	0.2074	-0.0348	-0.1335	0.0655	0.0000	0.0000	0.0000	0.0000	0.0000	0.0060	0.0512	0.0000	0.2086	1.3354	0.4728	0.3502	0.8842	0.5641	0.3121	0.8964	0.3630	0.3171	1.2891	0.5310	0.3218	1.2863	0.4271	0.2361	0.8294	0.4136	0.2595	0.8219	0.5372	0.1886	0.4574	0.6574	0.1882	0.4628	0.2766	0.1987	0.0622	0.6975	0.1417	0.0800	0.2276	0.1992	0.4507	0.6011	0.1963	0.4505	0.3287	0.2164	0.0692	0.6605	0.1642	0.0781	0.2589	0.1630	0.0369	0.6391	0.1126	0.0491	0.2645	0.3386	0.0377	0.7003	0.2877	0.0362	0.2544	0.1834	0.9570	0.4866	0.2341	0.0762	0.6236	0.1868	0.0762	0.2901	0.2098	0.4440	0.5449	0.2043	0.4382	0.3808
435	4.35	0.3498	0.8843	0.5629	0.3123	0.8963	0.3643	0.2633	0.4505	0.6191	0.2531	0.4790	0.3090	0.2451	0.3880	0.6251	0.2288	0.3930	0.2944	0.2177	0.2054	0.7041	0.2449	0.1530	0.6849	0.2730	0.1563	0.7280	0.1830	0.2140	0.2234	0.2010	0.1524	0.2362	0.2280	0.1577	0.1926	0.3310	0.8903	0.4636	0.3310	0.8903	0.4636	0.2406	0.0372	0.6662	0.1899	0.0434	0.2601	0.2061	0.2962	0.6252	0.1832	0.2997	0.3005	0.0157	-0.0052	0.0382	0.0095	-0.0003	-0.0374	0.3193	1.2877	0.4790	0.2179	0.6570	0.3750	0.0077	0.0265	-0.0466	0.2320	0.6530	0.5663	0.0130	0.0334	0.0451	-0.0525	-0.0165	-0.0867	-0.0501	-0.0255	0.0755	0.1798	-0.0483	0.1554	0.0622	0.0000	0.0000	0.0000	0.0000	0.0000	0.0038	0.0514	0.0000	-0.0658	-0.0365	-0.0527	-0.0643	-0.0388	0.0421	0.2074	-0.0348	-0.1335	0.0655	0.0000	0.0000	0.0000	0.0000	0.0000	0.0061	0.0512	0.0000	0.2086	1.3354	0.4728	0.3501	0.8842	0.5641	0.3120	0.8964	0.3630	0.3170	1.2891	0.5310	0.3217	1.2863	0.4271	0.2360	0.8294	0.4136	0.2594	0.8219	0.5372	0.1885	0.4574	0.6574	0.1881	0.4628	0.2766	0.1986	0.0622	0.6976	0.1415	0.0799	0.2277	0.1991	0.4507	0.6012	0.1962	0.4505	0.3287	0.2164	0.0692	0.6606	0.1641	0.0780	0.2589	0.1630	0.0368	0.6392	0.1126	0.0490	0.2645	0.3386	0.0376	0.7003	0.2876	0.0362	0.2544	0.1833	0.9570	0.4867	0.2341	0.0762	0.6235	0.1868	0.0762	0.2901	0.2098	0.4440	0.5449	0.2042	0.4382	0.3809
436	4.36	0.3497	0.8843	0.5629	0.3122	0.8963	0.3642	0.2632	0.4505	0.6191	0.2530	0.4790	0.3090	0.2449	0.3880	0.6250	0.2287	0.3930	0.2944	0.2176	0.2054	0.7041	0.2449	0.1529	0.6849	0.2729	0.1563	0.7280	0.1829	0.2140	0.2234	0.2010	0.1524	0.2362	0.2280	0.1577	0.1926	0.3310	0.8903	0.4635	0.3310	0.8903	0.4635	0.2406	0.0372	0.6662	0.1899	0.0433	0.2601	0.2061	0.2962	0.6252	0.1831	0.2996	0.3005	0.0158	-0.0053	0.0382	0.0095	-0.0003	-0.0374	0.3193	1.2877	0.4790	0.2178	0.6570	0.3750	0.0077	0.0264	-0.0467	0.2319	0.6530	0.5663	0.0130	0.0335	0.0451	-0.0525	-0.0166	-0.0867	-0.0501	-0.0255	0.0755	0.1798	-0.0484	0.1553	0.0622	0.0000	0.0000	0.0000	0.0000	0.0000	0.0038	0.0514	0.0000	-0.0657	-0.0365	-0.0527	-0.0643	-0.0388	0.0422	0.2074	-0.0347	-0.1336	0.0655	0.0000	0.0000	0.0000	0.0000	0.0000	0.0060	0.0512	0.0000	0.2085	1.3354	0.4727	0.3500	0.8842	0.5641	0.3119	0.8964	0.3630	0.3170	1.2890	0.5309	0.3216	1.2863	0.4270	0.2359	0.8294	0.4136	0.2593	0.8219	0.5372	0.1885	0.4573	0.6574	0.1881	0.4628	0.2766	0.1986	0.0621	0.6976	0.1415	0.0799	0.2277	0.1991	0.4507	0.6012	0.1960	0.4505	0.3287	0.2163	0.0692	0.6606	0.1641	0.0780	0.2589	0.1629	0.0368	0.6391	0.1125	0.0490	0.2645	0.3385	0.0376	0.7003	0.2876	0.0362	0.2544	0.1833	0.9569	0.4867	0.2340	0.0762	0.6236	0.1867	0.0761	0.2901	0.2097	0.4440	0.5450	0.2040	0.4382	0.3809
437	4.37	0.3497	0.8843	0.5628	0.3121	0.8963	0.3642	0.2632	0.4505	0.6191	0.2530	0.4790	0.3090	0.2445	0.3879	0.6247	0.2287	0.3930	0.2944	0.2176	0.2054	0.7041	0.2448	0.1529	0.6849	0.2729	0.1562	0.7280	0.1829	0.2140	0.2234	0.2010	0.1524	0.2362	0.2280	0.1577	0.1925	0.3309	0.8903	0.4635	0.3309	0.8903	0.4635	0.2405	0.0371	0.6662	0.1899	0.0433	0.2601	0.2060	0.2962	0.6252	0.1830	0.2996	0.3005	0.0158	-0.0052	0.0382	0.0095	-0.0002	-0.0374	0.3193	1.2876	0.4789	0.2177	0.6570	0.3750	0.0076	0.0264	-0.0467	0.2319	0.6530	0.5663	0.0130	0.0335	0.0450	-0.0525	-0.0166	-0.0867	-0.0502	-0.0256	0.0756	0.1798	-0.0489	0.1552	0.0622	0.0000	0.0000	0.0000	0.0000	0.0000	0.0038	0.0514	0.0000	-0.0657	-0.0365	-0.0526	-0.0643	-0.0388	0.0422	0.2074	-0.0348	-0.1334	0.0655	0.0000	0.0000	0.0000	0.0000	0.0000	0.0060	0.0512	0.0000	0.2085	1.3353	0.4727	0.3499	0.8842	0.5641	0.3119	0.8964	0.3630	0.3170	1.2890	0.5308	0.3216	1.2863	0.4269	0.2359	0.8294	0.4136	0.2593	0.8219	0.5372	0.1884	0.4573	0.6574	0.1881	0.4628	0.2766	0.1986	0.0621	0.6976	0.1414	0.0798	0.2277	0.1991	0.4507	0.6012	0.1960	0.4505	0.3288	0.2163	0.0692	0.6605	0.1640	0.0779	0.2589	0.1629	0.0367	0.6392	0.1125	0.0489	0.2645	0.3385	0.0376	0.7003	0.2876	0.0362	0.2544	0.1832	0.9569	0.4867	0.2340	0.0762	0.6235	0.1867	0.0761	0.2901	0.2097	0.4440	0.5450	0.2039	0.4381	0.3809
438	4.38	0.3496	0.8843	0.5628	0.3120	0.8963	0.3642	0.2631	0.4505	0.6192	0.2529	0.4790	0.3090	0.2446	0.3879	0.6248	0.2286	0.3930	0.2944	0.2176	0.2054	0.7041	0.2449	0.1529	0.6849	0.2729	0.1562	0.7280	0.1829	0.2140	0.2234	0.2010	0.1524	0.2362	0.2279	0.1576	0.1925	0.3308	0.8903	0.4635	0.3308	0.8903	0.4635	0.2405	0.0371	0.6662	0.1899	0.0432	0.2601	0.2060	0.2961	0.6253	0.1830	0.2996	0.3005	0.0158	-0.0052	0.0383	0.0095	-0.0003	-0.0374	0.3192	1.2877	0.4788	0.2177	0.6570	0.3750	0.0077	0.0264	-0.0467	0.2318	0.6530	0.5663	0.0130	0.0335	0.0451	-0.0525	-0.0166	-0.0867	-0.0503	-0.0256	0.0755	0.1799	-0.0488	0.1553	0.0622	0.0000	0.0000	0.0000	0.0000	0.0000	0.0039	0.0514	0.0000	-0.0657	-0.0365	-0.0526	-0.0644	-0.0388	0.0421	0.2075	-0.0349	-0.1333	0.0655	0.0000	0.0000	0.0000	0.0000	0.0000	0.0061	0.0512	0.0000	0.2085	1.3353	0.4727	0.3498	0.8842	0.5641	0.3118	0.8964	0.3630	0.3169	1.2890	0.5307	0.3215	1.2863	0.4269	0.2358	0.8294	0.4136	0.2592	0.8219	0.5372	0.1884	0.4573	0.6575	0.1880	0.4627	0.2766	0.1986	0.0621	0.6976	0.1415	0.0798	0.2277	0.1990	0.4506	0.6012	0.1959	0.4504	0.3288	0.2164	0.0692	0.6605	0.1641	0.0779	0.2589	0.1629	0.0367	0.6392	0.1126	0.0488	0.2646	0.3385	0.0376	0.7003	0.2876	0.0362	0.2544	0.1831	0.9569	0.4867	0.2341	0.0762	0.6235	0.1867	0.0761	0.2901	0.2096	0.4440	0.5450	0.2039	0.4382	0.3809
439	4.39	0.3495	0.8843	0.5629	0.3119	0.8962	0.3642	0.2631	0.4505	0.6192	0.2528	0.4790	0.3091	0.2449	0.3880	0.6251	0.2286	0.3930	0.2944	0.2176	0.2054	0.7042	0.2449	0.1529	0.6849	0.2729	0.1562	0.7280	0.1829	0.2140	0.2234	0.2009	0.1524	0.2363	0.2279	0.1576	0.1926	0.3307	0.8903	0.4635	0.3307	0.8903	0.4635	0.2405	0.0371	0.6662	0.1899	0.0433	0.2601	0.2060	0.2962	0.6253	0.1830	0.2996	0.3005	0.0158	-0.0052	0.0383	0.0095	-0.0003	-0.0374	0.3192	1.2877	0.4787	0.2176	0.6570	0.3751	0.0077	0.0264	-0.0466	0.2317	0.6530	0.5664	0.0130	0.0335	0.0451	-0.0525	-0.0165	-0.0867	-0.0502	-0.0254	0.0754	0.1798	-0.0484	0.1554	0.0622	0.0000	0.0000	0.0000	0.0000	0.0000	0.0039	0.0514	0.0000	-0.0657	-0.0365	-0.0526	-0.0643	-0.0387	0.0421	0.2075	-0.0349	-0.1334	0.0655	0.0000	0.0000	0.0000	0.0000	0.0000	0.0061	0.0513	0.0000	0.2084	1.3354	0.4726	0.3498	0.8842	0.5641	0.3117	0.8963	0.3630	0.3169	1.2891	0.5307	0.3214	1.2863	0.4268	0.2357	0.8294	0.4137	0.2590	0.8219	0.5372	0.1884	0.4573	0.6575	0.1879	0.4627	0.2767	0.1986	0.0621	0.6976	0.1415	0.0798	0.2277	0.1990	0.4507	0.6013	0.1959	0.4505	0.3288	0.2164	0.0692	0.6605	0.1641	0.0780	0.2589	0.1629	0.0368	0.6392	0.1126	0.0489	0.2646	0.3386	0.0376	0.7003	0.2876	0.0362	0.2544	0.1831	0.9569	0.4867	0.2341	0.0763	0.6234	0.1867	0.0761	0.2902	0.2096	0.4440	0.5450	0.2039	0.4382	0.3809
440	4.40	0.3495	0.8843	0.5629	0.3118	0.8962	0.3642	0.2631	0.4506	0.6191	0.2528	0.4789	0.3091	0.2450	0.3880	0.6252	0.2285	0.3930	0.2945	0.2176	0.2055	0.7041	0.2449	0.1530	0.6849	0.2730	0.1563	0.7280	0.1828	0.2140	0.2235	0.2009	0.1524	0.2363	0.2279	0.1576	0.1926	0.3307	0.8903	0.4636	0.3307	0.8903	0.4636	0.2406	0.0372	0.6662	0.1899	0.0433	0.2600	0.2060	0.2962	0.6253	0.1830	0.2996	0.3005	0.0158	-0.0052	0.0382	0.0095	-0.0002	-0.0374	0.3191	1.2877	0.4787	0.2175	0.6570	0.3751	0.0077	0.0265	-0.0466	0.2317	0.6530	0.5664	0.0130	0.0335	0.0451	-0.0525	-0.0165	-0.0868	-0.0501	-0.0255	0.0755	0.1798	-0.0483	0.1554	0.0622	0.0000	0.0000	0.0000	0.0000	0.0000	0.0039	0.0514	0.0000	-0.0658	-0.0364	-0.0526	-0.0642	-0.0387	0.0421	0.2074	-0.0348	-0.1335	0.0655	0.0000	0.0000	0.0000	0.0000	0.0000	0.0061	0.0513	0.0000	0.2084	1.3354	0.4725	0.3497	0.8842	0.5641	0.3116	0.8963	0.3630	0.3168	1.2891	0.5306	0.3214	1.2863	0.4267	0.2356	0.8294	0.4137	0.2590	0.8220	0.5372	0.1884	0.4574	0.6575	0.1879	0.4627	0.2767	0.1986	0.0621	0.6976	0.1415	0.0799	0.2277	0.1990	0.4507	0.6013	0.1959	0.4505	0.3288	0.2164	0.0692	0.6605	0.1641	0.0780	0.2589	0.1629	0.0368	0.6392	0.1125	0.0490	0.2645	0.3386	0.0377	0.7002	0.2876	0.0362	0.2544	0.1830	0.9570	0.4867	0.2341	0.0762	0.6235	0.1867	0.0761	0.2901	0.2096	0.4440	0.5450	0.2039	0.4382	0.3809
441	4.41	0.3495	0.8844	0.5628	0.3118	0.8963	0.3642	0.2632	0.4507	0.6191	0.2528	0.4790	0.3091	0.2450	0.3881	0.6251	0.2285	0.3931	0.2945	0.2176	0.2055	0.7041	0.2449	0.1531	0.6848	0.2730	0.1564	0.7280	0.1828	0.2140	0.2235	0.2009	0.1524	0.2362	0.2278	0.1577	0.1926	0.3306	0.8903	0.4635	0.3306	0.8903	0.4635	0.2406	0.0373	0.6661	0.1899	0.0434	0.2600	0.2060	0.2962	0.6253	0.1830	0.2997	0.3005	0.0157	-0.0052	0.0382	0.0095	-0.0003	-0.0374	0.3190	1.2878	0.4786	0.2175	0.6570	0.3751	0.0077	0.0264	-0.0466	0.2317	0.6531	0.5664	0.0129	0.0335	0.0451	-0.0524	-0.0165	-0.0868	-0.0501	-0.0254	0.0755	0.1797	-0.0484	0.1555	0.0622	0.0000	0.0000	0.0000	0.0000	0.0000	0.0039	0.0514	0.0000	-0.0658	-0.0364	-0.0527	-0.0642	-0.0387	0.0421	0.2074	-0.0349	-0.1335	0.0655	0.0000	0.0000	0.0000	0.0000	0.0000	0.0061	0.0512	0.0000	0.2083	1.3355	0.4725	0.3497	0.8843	0.5641	0.3115	0.8963	0.3630	0.3168	1.2892	0.5305	0.3213	1.2863	0.4266	0.2355	0.8294	0.4137	0.2590	0.8220	0.5373	0.1884	0.4575	0.6575	0.1878	0.4627	0.2767	0.1986	0.0622	0.6976	0.1415	0.0800	0.2276	0.1990	0.4507	0.6013	0.1958	0.4505	0.3288	0.2164	0.0692	0.6605	0.1641	0.0781	0.2589	0.1629	0.0369	0.6392	0.1125	0.0490	0.2645	0.3386	0.0377	0.7002	0.2876	0.0363	0.2544	0.1829	0.9571	0.4867	0.2341	0.0762	0.6235	0.1868	0.0762	0.2901	0.2095	0.4440	0.5451	0.2039	0.4383	0.3809
442	4.42	0.3494	0.8844	0.5628	0.3117	0.8963	0.3642	0.2632	0.4507	0.6191	0.2527	0.4790	0.3091	0.2451	0.3882	0.6252	0.2285	0.3931	0.2945	0.2177	0.2056	0.7042	0.2449	0.1531	0.6849	0.2730	0.1564	0.7280	0.1828	0.2140	0.2235	0.2009	0.1524	0.2362	0.2278	0.1577	0.1926	0.3306	0.8903	0.4635	0.3306	0.8903	0.4635	0.2406	0.0373	0.6662	0.1899	0.0434	0.2600	0.2060	0.2963	0.6253	0.1830	0.2997	0.3005	0.0157	-0.0052	0.0383	0.0096	-0.0003	-0.0374	0.3190	1.2878	0.4785	0.2174	0.6570	0.3751	0.0077	0.0265	-0.0466	0.2316	0.6531	0.5664	0.0129	0.0335	0.0451	-0.0524	-0.0165	-0.0868	-0.0501	-0.0254	0.0755	0.1797	-0.0484	0.1555	0.0622	0.0000	0.0000	0.0000	0.0000	0.0000	0.0039	0.0514	0.0000	-0.0658	-0.0364	-0.0527	-0.0642	-0.0387	0.0420	0.2074	-0.0348	-0.1335	0.0655	0.0000	0.0000	0.0000	0.0000	0.0000	0.0061	0.0512	0.0000	0.2082	1.3355	0.4724	0.3497	0.8843	0.5641	0.3115	0.8964	0.3630	0.3168	1.2893	0.5304	0.3212	1.2864	0.4266	0.2355	0.8295	0.4137	0.2589	0.8221	0.5373	0.1884	0.4575	0.6576	0.1877	0.4627	0.2767	0.1987	0.0622	0.6976	0.1415	0.0799	0.2277	0.1990	0.4508	0.6013	0.1958	0.4505	0.3288	0.2164	0.0692	0.6605	0.1642	0.0781	0.2589	0.1630	0.0369	0.6392	0.1126	0.0490	0.2645	0.3386	0.0378	0.7002	0.2876	0.0363	0.2544	0.1829	0.9571	0.4868	0.2341	0.0763	0.6234	0.1868	0.0763	0.2901	0.2095	0.4440	0.5451	0.2039	0.4383	0.3809
443	4.43	0.3494	0.8844	0.5629	0.3116	0.8963	0.3643	0.2632	0.4507	0.6192	0.2527	0.4790	0.3091	0.2451	0.3881	0.6252	0.2284	0.3931	0.2945	0.2177	0.2055	0.7042	0.2449	0.1531	0.6849	0.2730	0.1564	0.7280	0.1827	0.2140	0.2235	0.2009	0.1524	0.2363	0.2278	0.1577	0.1926	0.3305	0.8903	0.4636	0.3305	0.8903	0.4636	0.2406	0.0373	0.6662	0.1899	0.0434	0.2600	0.2060	0.2963	0.6253	0.1830	0.2997	0.3005	0.0158	-0.0053	0.0382	0.0095	-0.0003	-0.0374	0.3189	1.2878	0.4784	0.2174	0.6570	0.3751	0.0077	0.0265	-0.0466	0.2316	0.6531	0.5665	0.0130	0.0335	0.0451	-0.0525	-0.0165	-0.0868	-0.0501	-0.0254	0.0754	0.1797	-0.0483	0.1555	0.0622	0.0000	0.0000	0.0000	0.0000	0.0000	0.0038	0.0514	0.0000	-0.0657	-0.0365	-0.0527	-0.0642	-0.0387	0.0421	0.2074	-0.0348	-0.1336	0.0655	0.0000	0.0000	0.0000	0.0000	0.0000	0.0060	0.0512	0.0000	0.2081	1.3355	0.4724	0.3496	0.8843	0.5641	0.3114	0.8963	0.3630	0.3167	1.2893	0.5304	0.3210	1.2864	0.4265	0.2354	0.8294	0.4138	0.2589	0.8221	0.5373	0.1884	0.4575	0.6576	0.1877	0.4628	0.2768	0.1987	0.0622	0.6976	0.1416	0.0800	0.2277	0.1990	0.4507	0.6014	0.1958	0.4505	0.3289	0.2164	0.0693	0.6605	0.1642	0.0781	0.2589	0.1630	0.0369	0.6392	0.1126	0.0490	0.2645	0.3386	0.0377	0.7002	0.2876	0.0363	0.2544	0.1829	0.9571	0.4868	0.2340	0.0764	0.6234	0.1868	0.0762	0.2902	0.2095	0.4440	0.5451	0.2039	0.4383	0.3809
444	4.44	0.3493	0.8844	0.5629	0.3115	0.8962	0.3643	0.2631	0.4506	0.6192	0.2526	0.4790	0.3091	0.2448	0.3880	0.6251	0.2284	0.3930	0.2945	0.2176	0.2055	0.7042	0.2449	0.1530	0.6849	0.2730	0.1563	0.7280	0.1827	0.2140	0.2235	0.2009	0.1524	0.2363	0.2278	0.1577	0.1926	0.3304	0.8903	0.4636	0.3304	0.8903	0.4636	0.2406	0.0372	0.6662	0.1899	0.0434	0.2601	0.2059	0.2962	0.6253	0.1829	0.2996	0.3005	0.0158	-0.0052	0.0382	0.0095	-0.0003	-0.0374	0.3187	1.2878	0.4784	0.2173	0.6570	0.3752	0.0077	0.0264	-0.0466	0.2315	0.6531	0.5665	0.0130	0.0335	0.0451	-0.0525	-0.0165	-0.0868	-0.0501	-0.0254	0.0755	0.1797	-0.0485	0.1554	0.0622	0.0000	0.0000	0.0000	0.0000	0.0000	0.0038	0.0514	0.0000	-0.0657	-0.0365	-0.0527	-0.0642	-0.0387	0.0421	0.2074	-0.0349	-0.1335	0.0655	0.0000	0.0000	0.0000	0.0000	0.0000	0.0060	0.0512	0.0000	0.2080	1.3355	0.4724	0.3496	0.8843	0.5641	0.3113	0.8963	0.3631	0.3166	1.2893	0.5303	0.3209	1.2863	0.4264	0.2353	0.8294	0.4138	0.2588	0.8220	0.5373	0.1884	0.4574	0.6576	0.1876	0.4627	0.2768	0.1986	0.0622	0.6976	0.1415	0.0799	0.2277	0.1989	0.4507	0.6014	0.1957	0.4505	0.3289	0.2163	0.0692	0.6606	0.1641	0.0780	0.2589	0.1629	0.0369	0.6392	0.1125	0.0490	0.2646	0.3386	0.0377	0.7002	0.2876	0.0363	0.2544	0.1828	0.9570	0.4868	0.2340	0.0763	0.6235	0.1867	0.0762	0.2902	0.2095	0.4440	0.5452	0.2038	0.4382	0.3809
445	4.45	0.3492	0.8843	0.5629	0.3115	0.8962	0.3643	0.2630	0.4505	0.6192	0.2526	0.4790	0.3092	0.2446	0.3879	0.6250	0.2284	0.3930	0.2946	0.2176	0.2054	0.7042	0.2448	0.1529	0.6849	0.2729	0.1563	0.7280	0.1827	0.2140	0.2235	0.2008	0.1524	0.2363	0.2277	0.1577	0.1926	0.3304	0.8903	0.4636	0.3304	0.8903	0.4636	0.2405	0.0372	0.6662	0.1899	0.0433	0.2601	0.2060	0.2962	0.6254	0.1829	0.2996	0.3006	0.0158	-0.0052	0.0382	0.0095	-0.0003	-0.0374	0.3186	1.2878	0.4783	0.2172	0.6569	0.3752	0.0077	0.0264	-0.0466	0.2315	0.6530	0.5665	0.0130	0.0335	0.0450	-0.0525	-0.0165	-0.0868	-0.0502	-0.0255	0.0755	0.1798	-0.0487	0.1553	0.0622	0.0000	0.0000	0.0000	0.0000	0.0000	0.0039	0.0514	0.0000	-0.0658	-0.0364	-0.0526	-0.0643	-0.0387	0.0421	0.2074	-0.0349	-0.1335	0.0655	0.0000	0.0000	0.0000	0.0000	0.0000	0.0061	0.0512	0.0000	0.2079	1.3354	0.4724	0.3495	0.8843	0.5641	0.3113	0.8963	0.3631	0.3165	1.2893	0.5302	0.3208	1.2863	0.4264	0.2353	0.8294	0.4138	0.2588	0.8220	0.5373	0.1883	0.4574	0.6576	0.1876	0.4627	0.2768	0.1986	0.0621	0.6976	0.1414	0.0798	0.2278	0.1989	0.4507	0.6014	0.1957	0.4504	0.3289	0.2164	0.0692	0.6606	0.1641	0.0779	0.2590	0.1629	0.0368	0.6392	0.1125	0.0488	0.2647	0.3385	0.0376	0.7002	0.2876	0.0362	0.2544	0.1827	0.9570	0.4869	0.2341	0.0762	0.6235	0.1867	0.0761	0.2902	0.2094	0.4440	0.5452	0.2037	0.4382	0.3810
446	4.46	0.3492	0.8843	0.5629	0.3114	0.8962	0.3643	0.2630	0.4505	0.6193	0.2526	0.4790	0.3092	0.2447	0.3879	0.6251	0.2284	0.3930	0.2946	0.2176	0.2053	0.7043	0.2448	0.1529	0.6850	0.2729	0.1562	0.7281	0.1827	0.2139	0.2235	0.2008	0.1523	0.2363	0.2277	0.1576	0.1926	0.3303	0.8903	0.4636	0.3303	0.8903	0.4636	0.2405	0.0371	0.6662	0.1899	0.0432	0.2602	0.2060	0.2961	0.6254	0.1829	0.2995	0.3006	0.0158	-0.0052	0.0383	0.0095	-0.0003	-0.0374	0.3185	1.2878	0.4782	0.2172	0.6569	0.3752	0.0076	0.0264	-0.0466	0.2315	0.6530	0.5665	0.0130	0.0335	0.0451	-0.0525	-0.0166	-0.0867	-0.0502	-0.0255	0.0755	0.1798	-0.0485	0.1554	0.0622	0.0000	0.0000	0.0000	0.0000	0.0000	0.0039	0.0514	0.0000	-0.0658	-0.0365	-0.0525	-0.0643	-0.0387	0.0421	0.2074	-0.0349	-0.1335	0.0655	0.0000	0.0000	0.0000	0.0000	0.0000	0.0061	0.0512	0.0000	0.2078	1.3354	0.4723	0.3495	0.8843	0.5641	0.3112	0.8963	0.3631	0.3164	1.2892	0.5302	0.3207	1.2863	0.4263	0.2353	0.8293	0.4138	0.2588	0.8219	0.5373	0.1883	0.4573	0.6577	0.1876	0.4627	0.2768	0.1986	0.0620	0.6977	0.1415	0.0797	0.2278	0.1989	0.4506	0.6014	0.1957	0.4504	0.3289	0.2164	0.0691	0.6606	0.1641	0.0779	0.2590	0.1629	0.0367	0.6393	0.1126	0.0487	0.2647	0.3386	0.0376	0.7003	0.2876	0.0362	0.2544	0.1827	0.9568	0.4869	0.2341	0.0762	0.6235	0.1867	0.0760	0.2902	0.2095	0.4440	0.5452	0.2037	0.4381	0.3811
447	4.47	0.3492	0.8843	0.5629	0.3114	0.8962	0.3643	0.2630	0.4505	0.6193	0.2526	0.4789	0.3092	0.2444	0.3878	0.6249	0.2284	0.3929	0.2946	0.2175	0.2053	0.7043	0.2448	0.1528	0.6850	0.2729	0.1562	0.7281	0.1827	0.2139	0.2236	0.2008	0.1523	0.2364	0.2277	0.1576	0.1926	0.3303	0.8902	0.4636	0.3303	0.8902	0.4636	0.2405	0.0371	0.6662	0.1899	0.0432	0.2602	0.2059	0.2961	0.6254	0.1828	0.2995	0.3007	0.0159	-0.0052	0.0383	0.0095	-0.0002	-0.0374	0.3184	1.2877	0.4782	0.2172	0.6569	0.3752	0.0076	0.0264	-0.0466	0.2315	0.6530	0.5665	0.0131	0.0335	0.0450	-0.0525	-0.0166	-0.0867	-0.0502	-0.0256	0.0756	0.1798	-0.0488	0.1553	0.0622	0.0000	0.0000	0.0000	0.0000	0.0000	0.0038	0.0514	0.0000	-0.0657	-0.0365	-0.0525	-0.0643	-0.0388	0.0422	0.2074	-0.0350	-0.1335	0.0655	0.0000	0.0000	0.0000	0.0000	0.0000	0.0061	0.0512	0.0000	0.2076	1.3353	0.4723	0.3494	0.8843	0.5641	0.3111	0.8962	0.3631	0.3162	1.2892	0.5301	0.3205	1.2863	0.4262	0.2352	0.8293	0.4139	0.2587	0.8219	0.5374	0.1883	0.4573	0.6577	0.1875	0.4627	0.2769	0.1986	0.0620	0.6977	0.1413	0.0797	0.2279	0.1989	0.4506	0.6015	0.1956	0.4504	0.3290	0.2163	0.0691	0.6606	0.1640	0.0778	0.2591	0.1629	0.0367	0.6393	0.1125	0.0487	0.2648	0.3385	0.0375	0.7003	0.2876	0.0361	0.2544	0.1826	0.9568	0.4870	0.2341	0.0763	0.6235	0.1867	0.0759	0.2902	0.2094	0.4440	0.5452	0.2036	0.4380	0.3811
448	4.48	0.3491	0.8843	0.5629	0.3113	0.8962	0.3643	0.2629	0.4505	0.6193	0.2525	0.4790	0.3092	0.2442	0.3878	0.6248	0.2283	0.3929	0.2946	0.2175	0.2053	0.7043	0.2448	0.1529	0.6850	0.2729	0.1562	0.7281	0.1826	0.2139	0.2236	0.2008	0.1523	0.2364	0.2277	0.1576	0.1926	0.3302	0.8903	0.4636	0.3302	0.8903	0.4636	0.2405	0.0371	0.6662	0.1899	0.0432	0.2602	0.2059	0.2961	0.6254	0.1828	0.2995	0.3007	0.0159	-0.0052	0.0383	0.0095	-0.0002	-0.0374	0.3182	1.2878	0.4781	0.2171	0.6569	0.3753	0.0076	0.0265	-0.0466	0.2314	0.6530	0.5666	0.0131	0.0335	0.0450	-0.0525	-0.0166	-0.0867	-0.0502	-0.0256	0.0756	0.1798	-0.0489	0.1553	0.0622	0.0000	0.0000	0.0000	0.0000	0.0000	0.0038	0.0514	0.0000	-0.0657	-0.0365	-0.0525	-0.0643	-0.0388	0.0422	0.2074	-0.0350	-0.1335	0.0655	0.0000	0.0000	0.0000	0.0000	0.0000	0.0061	0.0512	0.0000	0.2075	1.3354	0.4723	0.3493	0.8843	0.5642	0.3110	0.8963	0.3631	0.3161	1.2893	0.5300	0.3203	1.2863	0.4262	0.2351	0.8293	0.4139	0.2586	0.8219	0.5374	0.1882	0.4573	0.6577	0.1875	0.4627	0.2769	0.1986	0.0620	0.6977	0.1413	0.0797	0.2279	0.1988	0.4506	0.6015	0.1956	0.4504	0.3290	0.2163	0.0691	0.6606	0.1639	0.0778	0.2591	0.1628	0.0367	0.6393	0.1125	0.0487	0.2647	0.3385	0.0376	0.7003	0.2875	0.0362	0.2544	0.1825	0.9568	0.4870	0.2341	0.0763	0.6235	0.1866	0.0759	0.2903	0.2094	0.4440	0.5453	0.2036	0.4381	0.3811
449	4.49	0.3491	0.8844	0.5629	0.3112	0.8962	0.3643	0.2630	0.4506	0.6193	0.2525	0.4790	0.3092	0.2444	0.3879	0.6249	0.2283	0.3930	0.2946	0.2176	0.2054	0.7043	0.2448	0.1529	0.6850	0.2729	0.1562	0.7281	0.1826	0.2140	0.2236	0.2008	0.1524	0.2364	0.2277	0.1577	0.1926	0.3302	0.8903	0.4636	0.3302	0.8903	0.4636	0.2405	0.0371	0.6662	0.1899	0.0432	0.2602	0.2059	0.2962	0.6254	0.1828	0.2995	0.3007	0.0158	-0.0052	0.0383	0.0095	-0.0002	-0.0374	0.3181	1.2878	0.4780	0.2171	0.6569	0.3753	0.0077	0.0265	-0.0466	0.2314	0.6530	0.5666	0.0130	0.0335	0.0451	-0.0525	-0.0165	-0.0867	-0.0502	-0.0256	0.0756	0.1797	-0.0488	0.1553	0.0622	0.0000	0.0000	0.0000	0.0000	0.0000	0.0039	0.0514	0.0000	-0.0658	-0.0365	-0.0526	-0.0643	-0.0388	0.0422	0.2074	-0.0350	-0.1335	0.0655	0.0000	0.0000	0.0000	0.0000	0.0000	0.0061	0.0512	0.0000	0.2074	1.3354	0.4723	0.3493	0.8844	0.5641	0.3110	0.8963	0.3631	0.3160	1.2894	0.5300	0.3201	1.2863	0.4261	0.2351	0.8293	0.4139	0.2586	0.8220	0.5374	0.1883	0.4574	0.6578	0.1875	0.4627	0.2769	0.1986	0.0621	0.6977	0.1413	0.0797	0.2279	0.1989	0.4507	0.6015	0.1956	0.4504	0.3290	0.2164	0.0692	0.6605	0.1640	0.0779	0.2591	0.1629	0.0367	0.6392	0.1126	0.0488	0.2647	0.3386	0.0376	0.7002	0.2876	0.0362	0.2544	0.1825	0.9569	0.4870	0.2341	0.0763	0.6234	0.1867	0.0760	0.2902	0.2094	0.4440	0.5453	0.2037	0.4381	0.3811
450	4.50	0.3491	0.8845	0.5629	0.3112	0.8962	0.3643	0.2631	0.4507	0.6193	0.2525	0.4790	0.3092	0.2449	0.3881	0.6252	0.2283	0.3930	0.2946	0.2176	0.2055	0.7043	0.2449	0.1530	0.6849	0.2730	0.1563	0.7281	0.1826	0.2140	0.2236	0.2008	0.1524	0.2363	0.2277	0.1577	0.1926	0.3301	0.8904	0.4636	0.3301	0.8904	0.4636	0.2406	0.0372	0.6662	0.1899	0.0433	0.2601	0.2060	0.2962	0.6254	0.1829	0.2996	0.3007	0.0158	-0.0052	0.0383	0.0096	-0.0002	-0.0374	0.3180	1.2879	0.4780	0.2171	0.6569	0.3753	0.0077	0.0264	-0.0466	0.2314	0.6531	0.5666	0.0129	0.0335	0.0451	-0.0525	-0.0165	-0.0868	-0.0502	-0.0255	0.0755	0.1797	-0.0484	0.1555	0.0622	0.0000	0.0000	0.0000	0.0000	0.0000	0.0039	0.0514	0.0000	-0.0658	-0.0365	-0.0527	-0.0643	-0.0387	0.0421	0.2074	-0.0349	-0.1335	0.0655	0.0000	0.0000	0.0000	0.0000	0.0000	0.0061	0.0513	0.0000	0.2072	1.3355	0.4723	0.3493	0.8844	0.5641	0.3109	0.8963	0.3631	0.3160	1.2895	0.5299	0.3200	1.2864	0.4260	0.2350	0.8293	0.4140	0.2586	0.8221	0.5375	0.1883	0.4575	0.6578	0.1875	0.4627	0.2769	0.1987	0.0621	0.6976	0.1414	0.0798	0.2279	0.1989	0.4507	0.6015	0.1956	0.4504	0.3290	0.2164	0.0692	0.6605	0.1641	0.0780	0.2590	0.1629	0.0368	0.6392	0.1126	0.0488	0.2647	0.3386	0.0377	0.7002	0.2876	0.0363	0.2543	0.1825	0.9570	0.4870	0.2341	0.0763	0.6235	0.1868	0.0761	0.2902	0.2094	0.4440	0.5453	0.2038	0.4382	0.3811
451	4.51	0.3490	0.8845	0.5630	0.3111	0.8962	0.3643	0.2631	0.4508	0.6193	0.2525	0.4790	0.3092	0.2450	0.3882	0.6253	0.2283	0.3930	0.2946	0.2176	0.2055	0.7043	0.2448	0.1531	0.6849	0.2730	0.1564	0.7280	0.1826	0.2140	0.2236	0.2007	0.1524	0.2363	0.2276	0.1577	0.1926	0.3300	0.8904	0.4637	0.3300	0.8904	0.4637	0.2405	0.0373	0.6661	0.1899	0.0434	0.2601	0.2059	0.2963	0.6254	0.1828	0.2996	0.3007	0.0158	-0.0052	0.0383	0.0096	-0.0002	-0.0374	0.3178	1.2880	0.4779	0.2170	0.6570	0.3753	0.0077	0.0264	-0.0465	0.2313	0.6532	0.5667	0.0129	0.0335	0.0451	-0.0524	-0.0165	-0.0868	-0.0501	-0.0255	0.0755	0.1797	-0.0483	0.1556	0.0622	0.0000	0.0000	0.0000	0.0000	0.0000	0.0039	0.0514	0.0000	-0.0658	-0.0365	-0.0527	-0.0642	-0.0387	0.0420	0.2074	-0.0349	-0.1335	0.0655	0.0000	0.0000	0.0000	0.0000	0.0000	0.0061	0.0512	0.0000	0.2071	1.3355	0.4722	0.3492	0.8845	0.5642	0.3108	0.8963	0.3631	0.3158	1.2895	0.5298	0.3197	1.2864	0.4260	0.2349	0.8294	0.4140	0.2585	0.8221	0.5375	0.1883	0.4575	0.6578	0.1874	0.4627	0.2770	0.1986	0.0622	0.6976	0.1414	0.0799	0.2278	0.1988	0.4508	0.6015	0.1956	0.4505	0.3290	0.2163	0.0692	0.6605	0.1641	0.0780	0.2590	0.1629	0.0369	0.6392	0.1125	0.0489	0.2647	0.3386	0.0378	0.7002	0.2876	0.0364	0.2543	0.1824	0.9571	0.4870	0.2340	0.0763	0.6234	0.1868	0.0762	0.2902	0.2093	0.4440	0.5453	0.2038	0.4383	0.3811
452	4.52	0.3490	0.8845	0.5630	0.3110	0.8962	0.3644	0.2631	0.4508	0.6193	0.2524	0.4790	0.3093	0.2450	0.3882	0.6254	0.2282	0.3930	0.2947	0.2176	0.2055	0.7043	0.2449	0.1531	0.6849	0.2730	0.1564	0.7281	0.1826	0.2140	0.2236	0.2008	0.1524	0.2364	0.2276	0.1577	0.1926	0.3300	0.8904	0.4637	0.3300	0.8904	0.4637	0.2406	0.0373	0.6661	0.1899	0.0434	0.2601	0.2059	0.2962	0.6255	0.1828	0.2996	0.3007	0.0157	-0.0052	0.0382	0.0096	-0.0002	-0.0374	0.3176	1.2880	0.4779	0.2170	0.6570	0.3754	0.0077	0.0265	-0.0465	0.2313	0.6532	0.5667	0.0129	0.0335	0.0451	-0.0524	-0.0165	-0.0868	-0.0501	-0.0255	0.0755	0.1797	-0.0483	0.1556	0.0622	0.0000	0.0000	0.0000	0.0000	0.0000	0.0038	0.0514	0.0000	-0.0658	-0.0364	-0.0528	-0.0642	-0.0387	0.0421	0.2074	-0.0348	-0.1335	0.0655	0.0000	0.0000	0.0000	0.0000	0.0000	0.0061	0.0512	0.0000	0.2069	1.3356	0.4723	0.3492	0.8845	0.5642	0.3108	0.8963	0.3632	0.3157	1.2896	0.5298	0.3196	1.2864	0.4260	0.2349	0.8294	0.4141	0.2585	0.8221	0.5376	0.1883	0.4575	0.6578	0.1874	0.4627	0.2770	0.1986	0.0622	0.6976	0.1414	0.0799	0.2278	0.1988	0.4508	0.6016	0.1956	0.4505	0.3290	0.2163	0.0692	0.6606	0.1641	0.0780	0.2590	0.1629	0.0369	0.6392	0.1125	0.0490	0.2647	0.3386	0.0378	0.7002	0.2876	0.0364	0.2543	0.1823	0.9571	0.4870	0.2340	0.0762	0.6236	0.1868	0.0762	0.2902	0.2094	0.4440	0.5453	0.2038	0.4383	0.3811
453	4.53	0.3490	0.8845	0.5630	0.3110	0.8962	0.3644	0.2631	0.4507	0.6194	0.2525	0.4790	0.3093	0.2450	0.3881	0.6254	0.2283	0.3930	0.2947	0.2176	0.2055	0.7043	0.2449	0.1531	0.6850	0.2730	0.1563	0.7281	0.1826	0.2140	0.2236	0.2008	0.1524	0.2364	0.2276	0.1577	0.1926	0.3300	0.8904	0.4637	0.3300	0.8904	0.4637	0.2406	0.0372	0.6662	0.1899	0.0433	0.2601	0.2059	0.2962	0.6255	0.1829	0.2996	0.3007	0.0157	-0.0052	0.0382	0.0096	-0.0002	-0.0374	0.3175	1.2879	0.4779	0.2170	0.6569	0.3754	0.0077	0.0265	-0.0465	0.2313	0.6531	0.5667	0.0129	0.0335	0.0451	-0.0524	-0.0165	-0.0868	-0.0501	-0.0254	0.0755	0.1797	-0.0483	0.1556	0.0622	0.0000	0.0000	0.0000	0.0000	0.0000	0.0039	0.0514	0.0000	-0.0658	-0.0364	-0.0528	-0.0642	-0.0387	0.0421	0.2074	-0.0349	-0.1335	0.0654	0.0000	0.0000	0.0000	0.0000	0.0000	0.0061	0.0512	0.0000	0.2068	1.3355	0.4723	0.3492	0.8845	0.5642	0.3108	0.8963	0.3632	0.3156	1.2895	0.5298	0.3194	1.2863	0.4259	0.2348	0.8293	0.4141	0.2585	0.8221	0.5376	0.1883	0.4575	0.6578	0.1874	0.4626	0.2770	0.1987	0.0622	0.6977	0.1414	0.0798	0.2279	0.1988	0.4508	0.6016	0.1956	0.4504	0.3291	0.2163	0.0691	0.6607	0.1641	0.0780	0.2591	0.1629	0.0368	0.6392	0.1126	0.0489	0.2647	0.3386	0.0377	0.7002	0.2876	0.0363	0.2543	0.1823	0.9570	0.4871	0.2339	0.0761	0.6237	0.1868	0.0762	0.2902	0.2094	0.4440	0.5454	0.2038	0.4382	0.3811
454	4.54	0.3489	0.8845	0.5630	0.3109	0.8962	0.3644	0.2630	0.4507	0.6194	0.2524	0.4790	0.3093	0.2448	0.3880	0.6253	0.2282	0.3930	0.2947	0.2176	0.2054	0.7043	0.2448	0.1530	0.6850	0.2729	0.1563	0.7281	0.1826	0.2139	0.2237	0.2008	0.1524	0.2364	0.2276	0.1577	0.1926	0.3299	0.8903	0.4637	0.3299	0.8903	0.4637	0.2406	0.0372	0.6662	0.1899	0.0433	0.2602	0.2059	0.2962	0.6255	0.1828	0.2996	0.3007	0.0157	-0.0053	0.0382	0.0095	-0.0003	-0.0374	0.3173	1.2879	0.4779	0.2170	0.6569	0.3754	0.0077	0.0265	-0.0466	0.2313	0.6531	0.5667	0.0130	0.0335	0.0450	-0.0524	-0.0165	-0.0868	-0.0501	-0.0254	0.0755	0.1797	-0.0484	0.1555	0.0622	0.0000	0.0000	0.0000	0.0000	0.0000	0.0039	0.0514	0.0000	-0.0658	-0.0364	-0.0528	-0.0642	-0.0387	0.0421	0.2074	-0.0350	-0.1335	0.0654	0.0000	0.0000	0.0000	0.0000	0.0000	0.0061	0.0512	0.0000	0.2066	1.3355	0.4724	0.3491	0.8844	0.5642	0.3107	0.8963	0.3632	0.3154	1.2895	0.5298	0.3192	1.2863	0.4259	0.2348	0.8293	0.4141	0.2584	0.8220	0.5376	0.1883	0.4574	0.6579	0.1874	0.4627	0.2770	0.1987	0.0621	0.6977	0.1415	0.0798	0.2279	0.1988	0.4507	0.6016	0.1956	0.4504	0.3291	0.2163	0.0691	0.6607	0.1641	0.0779	0.2591	0.1629	0.0368	0.6393	0.1126	0.0488	0.2648	0.3386	0.0377	0.7002	0.2876	0.0363	0.2544	0.1822	0.9570	0.4871	0.2339	0.0761	0.6237	0.1868	0.0761	0.2903	0.2094	0.4440	0.5454	0.2038	0.4381	0.3812
455	4.55	0.3488	0.8845	0.5631	0.3109	0.8962	0.3645	0.2629	0.4506	0.6195	0.2524	0.4790	0.3094	0.2443	0.3879	0.6251	0.2282	0.3930	0.2948	0.2175	0.2053	0.7044	0.2448	0.1529	0.6850	0.2729	0.1562	0.7282	0.1825	0.2139	0.2237	0.2008	0.1523	0.2364	0.2276	0.1577	0.1927	0.3298	0.8903	0.4638	0.3298	0.8903	0.4638	0.2405	0.0372	0.6662	0.1899	0.0432	0.2602	0.2058	0.2962	0.6256	0.1828	0.2995	0.3008	0.0158	-0.0053	0.0381	0.0095	-0.0003	-0.0374	0.3171	1.2879	0.4779	0.2169	0.6569	0.3755	0.0077	0.0265	-0.0466	0.2312	0.6530	0.5668	0.0130	0.0334	0.0451	-0.0525	-0.0165	-0.0867	-0.0501	-0.0254	0.0755	0.1797	-0.0488	0.1553	0.0622	0.0000	0.0000	0.0000	0.0000	0.0000	0.0038	0.0514	0.0000	-0.0657	-0.0365	-0.0527	-0.0642	-0.0387	0.0422	0.2073	-0.0350	-0.1336	0.0655	0.0000	0.0000	0.0000	0.0000	0.0000	0.0061	0.0512	0.0000	0.2064	1.3354	0.4724	0.3490	0.8844	0.5643	0.3106	0.8963	0.3633	0.3152	1.2894	0.5298	0.3190	1.2863	0.4260	0.2347	0.8293	0.4141	0.2584	0.8220	0.5376	0.1882	0.4573	0.6579	0.1873	0.4627	0.2771	0.1986	0.0620	0.6977	0.1414	0.0798	0.2279	0.1988	0.4507	0.6017	0.1955	0.4504	0.3292	0.2163	0.0691	0.6607	0.1641	0.0779	0.2591	0.1629	0.0368	0.6393	0.1125	0.0488	0.2648	0.3386	0.0376	0.7002	0.2876	0.0362	0.2544	0.1822	0.9569	0.4872	0.2339	0.0762	0.6237	0.1867	0.0760	0.2903	0.2093	0.4441	0.5454	0.2036	0.4381	0.3813
456	4.56	0.3488	0.8844	0.5631	0.3108	0.8962	0.3645	0.2629	0.4505	0.6196	0.2524	0.4790	0.3094	0.2442	0.3878	0.6250	0.2282	0.3929	0.2948	0.2175	0.2053	0.7044	0.2447	0.1529	0.6851	0.2729	0.1562	0.7282	0.1825	0.2139	0.2237	0.2007	0.1523	0.2365	0.2276	0.1576	0.1927	0.3298	0.8903	0.4638	0.3298	0.8903	0.4638	0.2405	0.0371	0.6662	0.1899	0.0432	0.2602	0.2058	0.2961	0.6256	0.1827	0.2995	0.3009	0.0158	-0.0053	0.0382	0.0095	-0.0002	-0.0374	0.3169	1.2878	0.4779	0.2168	0.6568	0.3755	0.0077	0.0265	-0.0467	0.2312	0.6530	0.5668	0.0131	0.0334	0.0451	-0.0525	-0.0166	-0.0867	-0.0501	-0.0256	0.0756	0.1797	-0.0489	0.1553	0.0622	0.0000	0.0000	0.0000	0.0000	0.0000	0.0038	0.0514	0.0000	-0.0657	-0.0365	-0.0526	-0.0643	-0.0388	0.0422	0.2073	-0.0349	-0.1336	0.0655	0.0000	0.0000	0.0000	0.0000	0.0000	0.0060	0.0512	0.0000	0.2062	1.3353	0.4725	0.3490	0.8844	0.5643	0.3105	0.8962	0.3633	0.3150	1.2894	0.5298	0.3188	1.2862	0.4260	0.2347	0.8292	0.4142	0.2583	0.8219	0.5377	0.1882	0.4573	0.6579	0.1873	0.4627	0.2771	0.1986	0.0620	0.6977	0.1413	0.0797	0.2280	0.1987	0.4507	0.6017	0.1954	0.4503	0.3292	0.2163	0.0691	0.6607	0.1640	0.0778	0.2592	0.1629	0.0367	0.6393	0.1126	0.0487	0.2649	0.3385	0.0376	0.7003	0.2876	0.0362	0.2544	0.1821	0.9568	0.4872	0.2339	0.0763	0.6236	0.1867	0.0759	0.2903	0.2093	0.4440	0.5454	0.2036	0.4380	0.3814
457	4.57	0.3488	0.8845	0.5631	0.3107	0.8962	0.3645	0.2628	0.4505	0.6196	0.2523	0.4790	0.3094	0.2443	0.3879	0.6251	0.2282	0.3929	0.2948	0.2174	0.2053	0.7044	0.2447	0.1529	0.6851	0.2729	0.1562	0.7282	0.1825	0.2139	0.2237	0.2007	0.1523	0.2364	0.2276	0.1576	0.1927	0.3297	0.8903	0.4638	0.3297	0.8903	0.4638	0.2405	0.0371	0.6662	0.1899	0.0431	0.2603	0.2058	0.2961	0.6256	0.1827	0.2994	0.3009	0.0158	-0.0052	0.0382	0.0095	-0.0002	-0.0374	0.3168	1.2878	0.4779	0.2168	0.6568	0.3756	0.0076	0.0265	-0.0467	0.2312	0.6530	0.5668	0.0130	0.0334	0.0451	-0.0525	-0.0166	-0.0867	-0.0502	-0.0256	0.0756	0.1797	-0.0488	0.1554	0.0622	0.0000	0.0000	0.0000	0.0000	0.0000	0.0038	0.0514	0.0000	-0.0658	-0.0365	-0.0526	-0.0643	-0.0388	0.0422	0.2073	-0.0349	-0.1336	0.0655	0.0000	0.0000	0.0000	0.0000	0.0000	0.0061	0.0512	0.0000	0.2060	1.3353	0.4725	0.3490	0.8844	0.5643	0.3105	0.8962	0.3633	0.3149	1.2894	0.5298	0.3187	1.2862	0.4260	0.2347	0.8292	0.4142	0.2583	0.8219	0.5377	0.1881	0.4573	0.6579	0.1873	0.4626	0.2771	0.1986	0.0619	0.6977	0.1412	0.0796	0.2280	0.1987	0.4506	0.6017	0.1954	0.4503	0.3293	0.2163	0.0691	0.6607	0.1639	0.0778	0.2592	0.1628	0.0367	0.6393	0.1125	0.0486	0.2649	0.3385	0.0376	0.7002	0.2876	0.0362	0.2544	0.1821	0.9567	0.4873	0.2340	0.0762	0.6236	0.1867	0.0759	0.2903	0.2092	0.4440	0.5455	0.2036	0.4380	0.3814
458	4.58	0.3487	0.8845	0.5631	0.3106	0.8962	0.3645	0.2627	0.4506	0.6197	0.2523	0.4790	0.3094	0.2446	0.3880	0.6255	0.2281	0.3930	0.2948	0.2174	0.2053	0.7044	0.2447	0.1529	0.6851	0.2728	0.1562	0.7282	0.1825	0.2139	0.2237	0.2007	0.1523	0.2364	0.2275	0.1577	0.1927	0.3297	0.8904	0.4638	0.3297	0.8904	0.4638	0.2405	0.0371	0.6662	0.1899	0.0431	0.2602	0.2058	0.2961	0.6256	0.1827	0.2995	0.3009	0.0158	-0.0052	0.0382	0.0095	-0.0002	-0.0374	0.3166	1.2879	0.4779	0.2168	0.6568	0.3756	0.0077	0.0264	-0.0466	0.2312	0.6530	0.5669	0.0130	0.0334	0.0451	-0.0525	-0.0166	-0.0867	-0.0502	-0.0256	0.0756	0.1797	-0.0483	0.1556	0.0622	0.0000	0.0000	0.0000	0.0000	0.0000	0.0039	0.0514	0.0000	-0.0658	-0.0365	-0.0526	-0.0643	-0.0388	0.0422	0.2074	-0.0350	-0.1335	0.0655	0.0000	0.0000	0.0000	0.0000	0.0000	0.0061	0.0512	0.0000	0.2058	1.3353	0.4726	0.3489	0.8845	0.5643	0.3104	0.8963	0.3633	0.3147	1.2895	0.5298	0.3185	1.2863	0.4260	0.2346	0.8292	0.4142	0.2583	0.8220	0.5377	0.1881	0.4573	0.6580	0.1873	0.4626	0.2772	0.1986	0.0620	0.6977	0.1412	0.0796	0.2280	0.1986	0.4507	0.6017	0.1954	0.4503	0.3293	0.2163	0.0691	0.6607	0.1640	0.0778	0.2592	0.1628	0.0367	0.6393	0.1126	0.0486	0.2649	0.3385	0.0376	0.7002	0.2876	0.0362	0.2544	0.1820	0.9568	0.4873	0.2340	0.0762	0.6236	0.1867	0.0760	0.2903	0.2092	0.4440	0.5455	0.2036	0.4380	0.3813
459	4.59	0.3486	0.8846	0.5631	0.3105	0.8962	0.3645	0.2627	0.4507	0.6197	0.2522	0.4790	0.3094	0.2447	0.3880	0.6255	0.2281	0.3930	0.2948	0.2174	0.2054	0.7044	0.2447	0.1529	0.6851	0.2728	0.1563	0.7282	0.1825	0.2140	0.2237	0.2007	0.1524	0.2364	0.2275	0.1577	0.1927	0.3296	0.8904	0.4638	0.3296	0.8904	0.4638	0.2405	0.0371	0.6662	0.1899	0.0432	0.2602	0.2058	0.2962	0.6256	0.1827	0.2995	0.3009	0.0158	-0.0052	0.0382	0.0095	-0.0002	-0.0374	0.3164	1.2879	0.4779	0.2167	0.6568	0.3756	0.0077	0.0264	-0.0466	0.2311	0.6531	0.5669	0.0130	0.0334	0.0451	-0.0525	-0.0165	-0.0868	-0.0502	-0.0256	0.0756	0.1797	-0.0482	0.1556	0.0622	0.0000	0.0000	0.0000	0.0000	0.0000	0.0039	0.0514	0.0000	-0.0658	-0.0365	-0.0527	-0.0643	-0.0388	0.0422	0.2074	-0.0350	-0.1335	0.0655	0.0000	0.0000	0.0000	0.0000	0.0000	0.0061	0.0512	0.0000	0.2057	1.3353	0.4726	0.3489	0.8845	0.5643	0.3103	0.8963	0.3633	0.3146	1.2895	0.5298	0.3183	1.2863	0.4260	0.2345	0.8292	0.4143	0.2582	0.8220	0.5378	0.1881	0.4574	0.6580	0.1872	0.4626	0.2772	0.1986	0.0620	0.6977	0.1413	0.0797	0.2280	0.1986	0.4507	0.6018	0.1954	0.4504	0.3293	0.2163	0.0691	0.6607	0.1640	0.0778	0.2592	0.1629	0.0367	0.6393	0.1126	0.0486	0.2649	0.3385	0.0376	0.7002	0.2876	0.0363	0.2544	0.1819	0.9568	0.4874	0.2340	0.0762	0.6236	0.1867	0.0760	0.2903	0.2092	0.4440	0.5455	0.2036	0.4381	0.3813
460	4.60	0.3486	0.8846	0.5632	0.3104	0.8962	0.3646	0.2628	0.4507	0.6196	0.2522	0.4790	0.3094	0.2447	0.3881	0.6256	0.2281	0.3930	0.2948	0.2174	0.2054	0.7044	0.2447	0.1530	0.6851	0.2728	0.1563	0.7282	0.1824	0.2139	0.2237	0.2007	0.1524	0.2365	0.2275	0.1577	0.1927	0.3295	0.8904	0.4639	0.3295	0.8904	0.4639	0.2405	0.0372	0.6662	0.1899	0.0432	0.2602	0.2057	0.2962	0.6256	0.1827	0.2995	0.3009	0.0158	-0.0053	0.0382	0.0095	-0.0003	-0.0374	0.3163	1.2879	0.4779	0.2166	0.6569	0.3756	0.0077	0.0265	-0.0466	0.2310	0.6531	0.5669	0.0129	0.0334	0.0451	-0.0525	-0.0165	-0.0868	-0.0501	-0.0255	0.0755	0.1797	-0.0482	0.1556	0.0622	0.0000	0.0000	0.0000	0.0000	0.0000	0.0039	0.0514	0.0000	-0.0658	-0.0365	-0.0527	-0.0642	-0.0387	0.0421	0.2074	-0.0349	-0.1335	0.0655	0.0000	0.0000	0.0000	0.0000	0.0000	0.0061	0.0513	0.0000	0.2055	1.3353	0.4727	0.3488	0.8846	0.5643	0.3102	0.8963	0.3634	0.3145	1.2895	0.5298	0.3181	1.2863	0.4260	0.2344	0.8293	0.4143	0.2582	0.8221	0.5378	0.1880	0.4574	0.6580	0.1872	0.4626	0.2772	0.1986	0.0621	0.6977	0.1413	0.0797	0.2280	0.1986	0.4507	0.6018	0.1954	0.4504	0.3293	0.2162	0.0692	0.6606	0.1640	0.0779	0.2592	0.1629	0.0368	0.6393	0.1125	0.0487	0.2649	0.3385	0.0377	0.7002	0.2876	0.0363	0.2543	0.1819	0.9569	0.4874	0.2339	0.0763	0.6236	0.1868	0.0761	0.2903	0.2091	0.4440	0.5456	0.2036	0.4381	0.3813
461	4.61	0.3486	0.8846	0.5632	0.3104	0.8962	0.3646	0.2628	0.4508	0.6196	0.2522	0.4790	0.3094	0.2448	0.3881	0.6256	0.2280	0.3930	0.2948	0.2174	0.2055	0.7044	0.2447	0.1530	0.6850	0.2728	0.1563	0.7282	0.1824	0.2139	0.2238	0.2007	0.1524	0.2365	0.2275	0.1578	0.1927	0.3295	0.8904	0.4639	0.3295	0.8904	0.4639	0.2405	0.0372	0.6662	0.1899	0.0433	0.2602	0.2057	0.2962	0.6256	0.1827	0.2996	0.3009	0.0158	-0.0053	0.0382	0.0095	-0.0003	-0.0374	0.3161	1.2879	0.4779	0.2166	0.6569	0.3757	0.0077	0.0265	-0.0465	0.2310	0.6531	0.5670	0.0129	0.0334	0.0451	-0.0525	-0.0165	-0.0868	-0.0501	-0.0253	0.0754	0.1796	-0.0482	0.1556	0.0622	0.0000	0.0000	0.0000	0.0000	0.0000	0.0039	0.0514	0.0000	-0.0657	-0.0365	-0.0527	-0.0642	-0.0387	0.0421	0.2074	-0.0349	-0.1335	0.0654	0.0000	0.0000	0.0000	0.0000	0.0000	0.0061	0.0512	0.0000	0.2053	1.3354	0.4727	0.3488	0.8846	0.5644	0.3101	0.8963	0.3634	0.3143	1.2895	0.5298	0.3179	1.2863	0.4260	0.2343	0.8293	0.4144	0.2581	0.8221	0.5379	0.1880	0.4574	0.6580	0.1871	0.4626	0.2773	0.1986	0.0621	0.6977	0.1415	0.0798	0.2279	0.1986	0.4507	0.6018	0.1954	0.4504	0.3293	0.2162	0.0692	0.6606	0.1641	0.0780	0.2591	0.1629	0.0368	0.6393	0.1126	0.0488	0.2649	0.3385	0.0377	0.7002	0.2876	0.0363	0.2543	0.1818	0.9569	0.4874	0.2339	0.0763	0.6236	0.1868	0.0761	0.2903	0.2091	0.4440	0.5456	0.2037	0.4382	0.3813
462	4.62	0.3485	0.8846	0.5632	0.3103	0.8962	0.3646	0.2628	0.4509	0.6197	0.2522	0.4790	0.3095	0.2448	0.3881	0.6256	0.2281	0.3930	0.2949	0.2174	0.2054	0.7044	0.2448	0.1530	0.6851	0.2729	0.1563	0.7282	0.1824	0.2139	0.2238	0.2007	0.1524	0.2365	0.2275	0.1578	0.1927	0.3294	0.8904	0.4639	0.3294	0.8904	0.4639	0.2406	0.0372	0.6662	0.1900	0.0433	0.2602	0.2057	0.2962	0.6257	0.1828	0.2996	0.3009	0.0158	-0.0053	0.0382	0.0095	-0.0003	-0.0374	0.3160	1.2879	0.4779	0.2166	0.6569	0.3757	0.0077	0.0265	-0.0465	0.2310	0.6531	0.5670	0.0129	0.0334	0.0451	-0.0524	-0.0165	-0.0868	-0.0500	-0.0253	0.0754	0.1796	-0.0482	0.1557	0.0622	0.0000	0.0000	0.0000	0.0000	0.0000	0.0039	0.0514	0.0000	-0.0657	-0.0365	-0.0528	-0.0642	-0.0386	0.0421	0.2073	-0.0349	-0.1336	0.0654	0.0000	0.0000	0.0000	0.0000	0.0000	0.0061	0.0512	0.0000	0.2051	1.3354	0.4727	0.3487	0.8846	0.5644	0.3101	0.8963	0.3634	0.3142	1.2896	0.5298	0.3177	1.2863	0.4260	0.2343	0.8293	0.4144	0.2580	0.8221	0.5379	0.1881	0.4574	0.6581	0.1871	0.4626	0.2773	0.1986	0.0621	0.6977	0.1415	0.0798	0.2280	0.1986	0.4508	0.6019	0.1954	0.4504	0.3293	0.2162	0.0692	0.6606	0.1642	0.0780	0.2591	0.1629	0.0368	0.6393	0.1126	0.0488	0.2649	0.3386	0.0377	0.7002	0.2877	0.0363	0.2543	0.1818	0.9569	0.4875	0.2339	0.0764	0.6236	0.1869	0.0761	0.2903	0.2091	0.4441	0.5456	0.2037	0.4382	0.3813
463	4.63	0.3484	0.8846	0.5632	0.3102	0.8962	0.3647	0.2627	0.4508	0.6197	0.2521	0.4790	0.3095	0.2447	0.3881	0.6257	0.2280	0.3930	0.2949	0.2174	0.2054	0.7045	0.2448	0.1530	0.6851	0.2729	0.1563	0.7282	0.1824	0.2139	0.2238	0.2007	0.1524	0.2365	0.2275	0.1577	0.1927	0.3293	0.8904	0.4640	0.3293	0.8904	0.4640	0.2405	0.0372	0.6662	0.1900	0.0433	0.2602	0.2057	0.2962	0.6257	0.1827	0.2996	0.3009	0.0158	-0.0053	0.0382	0.0095	-0.0003	-0.0374	0.3158	1.2879	0.4779	0.2165	0.6569	0.3757	0.0077	0.0265	-0.0465	0.2309	0.6531	0.5671	0.0130	0.0334	0.0451	-0.0525	-0.0165	-0.0868	-0.0500	-0.0253	0.0754	0.1796	-0.0482	0.1556	0.0622	0.0000	0.0000	0.0000	0.0000	0.0000	0.0039	0.0514	0.0000	-0.0657	-0.0365	-0.0527	-0.0641	-0.0386	0.0421	0.2073	-0.0349	-0.1336	0.0654	0.0000	0.0000	0.0000	0.0000	0.0000	0.0060	0.0512	0.0000	0.2049	1.3354	0.4728	0.3486	0.8845	0.5645	0.3099	0.8963	0.3635	0.3140	1.2896	0.5298	0.3175	1.2862	0.4260	0.2342	0.8293	0.4145	0.2579	0.8221	0.5380	0.1880	0.4574	0.6581	0.1870	0.4627	0.2773	0.1987	0.0621	0.6977	0.1415	0.0799	0.2280	0.1985	0.4508	0.6019	0.1954	0.4504	0.3293	0.2163	0.0692	0.6607	0.1642	0.0780	0.2592	0.1629	0.0368	0.6393	0.1126	0.0488	0.2649	0.3386	0.0377	0.7002	0.2877	0.0363	0.2543	0.1817	0.9569	0.4875	0.2339	0.0763	0.6236	0.1869	0.0761	0.2904	0.2090	0.4441	0.5457	0.2037	0.4382	0.3814
464	4.64	0.3483	0.8846	0.5633	0.3100	0.8962	0.3647	0.2627	0.4508	0.6197	0.2521	0.4790	0.3095	0.2445	0.3881	0.6256	0.2279	0.3930	0.2950	0.2174	0.2054	0.7045	0.2447	0.1530	0.6851	0.2728	0.1563	0.7282	0.1823	0.2139	0.2238	0.2006	0.1524	0.2365	0.2274	0.1577	0.1928	0.3292	0.8904	0.4640	0.3292	0.8904	0.4640	0.2405	0.0372	0.6662	0.1899	0.0433	0.2602	0.2057	0.2962	0.6257	0.1826	0.2996	0.3010	0.0158	-0.0053	0.0381	0.0095	-0.0003	-0.0374	0.3156	1.2879	0.4779	0.2164	0.6569	0.3758	0.0077	0.0265	-0.0465	0.2308	0.6531	0.5671	0.0130	0.0334	0.0451	-0.0525	-0.0165	-0.0868	-0.0499	-0.0254	0.0755	0.1796	-0.0484	0.1556	0.0622	0.0000	0.0000	0.0000	0.0000	0.0000	0.0038	0.0514	0.0000	-0.0658	-0.0365	-0.0528	-0.0641	-0.0387	0.0421	0.2073	-0.0349	-0.1337	0.0655	0.0000	0.0000	0.0000	0.0000	0.0000	0.0060	0.0512	0.0000	0.2047	1.3353	0.4728	0.3486	0.8845	0.5645	0.3098	0.8963	0.3635	0.3138	1.2896	0.5298	0.3173	1.2862	0.4260	0.2341	0.8293	0.4145	0.2579	0.8221	0.5380	0.1880	0.4574	0.6582	0.1870	0.4627	0.2774	0.1986	0.0620	0.6977	0.1414	0.0799	0.2280	0.1985	0.4507	0.6019	0.1953	0.4504	0.3294	0.2162	0.0691	0.6607	0.1641	0.0780	0.2592	0.1628	0.0368	0.6393	0.1125	0.0488	0.2649	0.3385	0.0377	0.7002	0.2876	0.0363	0.2543	0.1816	0.9568	0.4876	0.2338	0.0762	0.6237	0.1868	0.0761	0.2904	0.2090	0.4441	0.5457	0.2036	0.4381	0.3814
465	4.65	0.3483	0.8846	0.5633	0.3100	0.8962	0.3648	0.2626	0.4507	0.6198	0.2521	0.4790	0.3096	0.2443	0.3880	0.6254	0.2280	0.3930	0.2950	0.2173	0.2054	0.7045	0.2447	0.1530	0.6852	0.2728	0.1563	0.7283	0.1824	0.2139	0.2239	0.2007	0.1524	0.2366	0.2274	0.1577	0.1928	0.3291	0.8904	0.4640	0.3291	0.8904	0.4640	0.2405	0.0372	0.6662	0.1900	0.0432	0.2603	0.2056	0.2962	0.6258	0.1826	0.2995	0.3010	0.0158	-0.0053	0.0381	0.0095	-0.0002	-0.0374	0.3154	1.2879	0.4779	0.2164	0.6568	0.3758	0.0077	0.0265	-0.0466	0.2308	0.6531	0.5671	0.0130	0.0334	0.0451	-0.0525	-0.0166	-0.0868	-0.0501	-0.0255	0.0756	0.1796	-0.0486	0.1555	0.0622	0.0000	0.0000	0.0000	0.0000	0.0000	0.0038	0.0514	0.0000	-0.0657	-0.0365	-0.0527	-0.0642	-0.0387	0.0422	0.2073	-0.0349	-0.1337	0.0654	0.0000	0.0000	0.0000	0.0000	0.0000	0.0061	0.0512	0.0000	0.2045	1.3352	0.4729	0.3485	0.8846	0.5645	0.3098	0.8963	0.3636	0.3137	1.2895	0.5298	0.3172	1.2862	0.4260	0.2341	0.8292	0.4146	0.2579	0.8220	0.5380	0.1879	0.4573	0.6582	0.1870	0.4627	0.2774	0.1986	0.0620	0.6978	0.1413	0.0797	0.2281	0.1985	0.4507	0.6020	0.1952	0.4504	0.3295	0.2162	0.0692	0.6607	0.1640	0.0779	0.2592	0.1628	0.0367	0.6393	0.1126	0.0487	0.2650	0.3386	0.0377	0.7002	0.2876	0.0363	0.2544	0.1815	0.9568	0.4876	0.2338	0.0763	0.6237	0.1868	0.0760	0.2904	0.2090	0.4441	0.5457	0.2035	0.4381	0.3815
466	4.66	0.3482	0.8846	0.5633	0.3099	0.8962	0.3648	0.2625	0.4507	0.6199	0.2520	0.4791	0.3096	0.2445	0.3880	0.6257	0.2279	0.3930	0.2950	0.2173	0.2053	0.7046	0.2446	0.1529	0.6852	0.2728	0.1562	0.7283	0.1824	0.2139	0.2239	0.2007	0.1524	0.2366	0.2274	0.1578	0.1928	0.3291	0.8904	0.4641	0.3291	0.8904	0.4641	0.2405	0.0371	0.6663	0.1900	0.0431	0.2604	0.2056	0.2962	0.6258	0.1826	0.2994	0.3011	0.0159	-0.0053	0.0382	0.0095	-0.0003	-0.0374	0.3153	1.2879	0.4779	0.2163	0.6568	0.3759	0.0076	0.0264	-0.0466	0.2308	0.6531	0.5672	0.0130	0.0334	0.0451	-0.0525	-0.0166	-0.0867	-0.0501	-0.0255	0.0756	0.1796	-0.0482	0.1557	0.0622	0.0000	0.0000	0.0000	0.0000	0.0000	0.0038	0.0514	0.0000	-0.0657	-0.0366	-0.0526	-0.0643	-0.0388	0.0423	0.2073	-0.0349	-0.1336	0.0655	0.0000	0.0000	0.0000	0.0000	0.0000	0.0061	0.0512	0.0000	0.2044	1.3352	0.4730	0.3485	0.8846	0.5645	0.3097	0.8963	0.3636	0.3135	1.2895	0.5299	0.3170	1.2862	0.4260	0.2340	0.8292	0.4146	0.2578	0.8220	0.5381	0.1879	0.4573	0.6583	0.1869	0.4627	0.2775	0.1986	0.0619	0.6978	0.1413	0.0797	0.2281	0.1984	0.4507	0.6020	0.1952	0.4503	0.3295	0.2162	0.0692	0.6607	0.1640	0.0778	0.2593	0.1628	0.0367	0.6394	0.1126	0.0486	0.2651	0.3385	0.0376	0.7002	0.2876	0.0362	0.2544	0.1815	0.9567	0.4877	0.2338	0.0764	0.6236	0.1867	0.0759	0.2904	0.2089	0.4441	0.5458	0.2035	0.4380	0.3816
467	4.67	0.3481	0.8846	0.5634	0.3098	0.8962	0.3649	0.2625	0.4507	0.6200	0.2519	0.4790	0.3096	0.2444	0.3880	0.6257	0.2279	0.3929	0.2950	0.2173	0.2053	0.7046	0.2446	0.1529	0.6852	0.2728	0.1562	0.7283	0.1823	0.2139	0.2239	0.2006	0.1523	0.2366	0.2274	0.1577	0.1928	0.3289	0.8904	0.4641	0.3289	0.8904	0.4641	0.2405	0.0371	0.6663	0.1899	0.0431	0.2604	0.2056	0.2962	0.6258	0.1825	0.2994	0.3011	0.0159	-0.0053	0.0382	0.0095	-0.0003	-0.0374	0.3150	1.2878	0.4780	0.2162	0.6568	0.3760	0.0076	0.0264	-0.0466	0.2307	0.6530	0.5672	0.0130	0.0334	0.0451	-0.0525	-0.0166	-0.0867	-0.0501	-0.0255	0.0756	0.1796	-0.0483	0.1556	0.0622	0.0000	0.0000	0.0000	0.0000	0.0000	0.0038	0.0514	0.0000	-0.0657	-0.0366	-0.0525	-0.0643	-0.0388	0.0422	0.2073	-0.0349	-0.1336	0.0655	0.0000	0.0000	0.0000	0.0000	0.0000	0.0061	0.0512	0.0000	0.2041	1.3351	0.4730	0.3484	0.8846	0.5646	0.3095	0.8962	0.3636	0.3133	1.2895	0.5299	0.3167	1.2862	0.4260	0.2339	0.8292	0.4147	0.2577	0.8220	0.5382	0.1879	0.4572	0.6583	0.1868	0.4626	0.2775	0.1986	0.0619	0.6978	0.1413	0.0797	0.2281	0.1984	0.4507	0.6021	0.1951	0.4503	0.3296	0.2162	0.0691	0.6607	0.1640	0.0778	0.2593	0.1628	0.0366	0.6394	0.1126	0.0485	0.2651	0.3385	0.0376	0.7002	0.2876	0.0362	0.2544	0.1814	0.9566	0.4878	0.2338	0.0764	0.6235	0.1867	0.0759	0.2904	0.2089	0.4441	0.5458	0.2034	0.4379	0.3817
468	4.68	0.3480	0.8846	0.5634	0.3096	0.8962	0.3649	0.2624	0.4507	0.6200	0.2519	0.4790	0.3096	0.2439	0.3879	0.6254	0.2278	0.3929	0.2951	0.2172	0.2053	0.7046	0.2446	0.1529	0.6852	0.2727	0.1562	0.7283	0.1823	0.2139	0.2239	0.2006	0.1523	0.2366	0.2273	0.1577	0.1928	0.3288	0.8904	0.4642	0.3288	0.8904	0.4642	0.2404	0.0370	0.6663	0.1899	0.0431	0.2603	0.2056	0.2961	0.6258	0.1824	0.2994	0.3012	0.0159	-0.0053	0.0382	0.0095	-0.0002	-0.0374	0.3148	1.2879	0.4779	0.2161	0.6568	0.3760	0.0076	0.0264	-0.0467	0.2306	0.6530	0.5673	0.0130	0.0334	0.0451	-0.0525	-0.0166	-0.0867	-0.0501	-0.0256	0.0756	0.1796	-0.0487	0.1555	0.0622	0.0000	0.0000	0.0000	0.0000	0.0000	0.0039	0.0514	0.0000	-0.0657	-0.0366	-0.0525	-0.0643	-0.0388	0.0423	0.2073	-0.0349	-0.1336	0.0655	0.0000	0.0000	0.0000	0.0000	0.0000	0.0061	0.0512	0.0000	0.2039	1.3351	0.4730	0.3483	0.8846	0.5646	0.3094	0.8962	0.3637	0.3131	1.2895	0.5299	0.3165	1.2862	0.4260	0.2338	0.8292	0.4147	0.2576	0.8220	0.5382	0.1878	0.4573	0.6583	0.1868	0.4626	0.2775	0.1985	0.0619	0.6978	0.1412	0.0796	0.2282	0.1983	0.4507	0.6021	0.1950	0.4503	0.3297	0.2162	0.0691	0.6607	0.1639	0.0777	0.2593	0.1628	0.0366	0.6394	0.1125	0.0485	0.2651	0.3385	0.0376	0.7002	0.2876	0.0362	0.2544	0.1813	0.9566	0.4878	0.2339	0.0764	0.6235	0.1867	0.0759	0.2904	0.2088	0.4441	0.5459	0.2033	0.4379	0.3818
469	4.69	0.3480	0.8847	0.5634	0.3096	0.8962	0.3649	0.2625	0.4506	0.6199	0.2518	0.4790	0.3097	0.2441	0.3879	0.6255	0.2278	0.3929	0.2951	0.2173	0.2053	0.7046	0.2446	0.1529	0.6852	0.2728	0.1562	0.7283	0.1823	0.2139	0.2239	0.2006	0.1523	0.2366	0.2273	0.1577	0.1928	0.3288	0.8904	0.4642	0.3288	0.8904	0.4642	0.2405	0.0371	0.6663	0.1900	0.0431	0.2604	0.2056	0.2962	0.6259	0.1825	0.2994	0.3012	0.0159	-0.0053	0.0382	0.0095	-0.0003	-0.0374	0.3146	1.2879	0.4779	0.2161	0.6568	0.3761	0.0077	0.0264	-0.0467	0.2306	0.6531	0.5673	0.0130	0.0334	0.0451	-0.0525	-0.0166	-0.0868	-0.0502	-0.0255	0.0756	0.1796	-0.0487	0.1555	0.0622	0.0000	0.0000	0.0000	0.0000	0.0000	0.0039	0.0514	0.0000	-0.0657	-0.0366	-0.0526	-0.0643	-0.0388	0.0422	0.2074	-0.0349	-0.1335	0.0655	0.0000	0.0000	0.0000	0.0000	0.0000	0.0061	0.0512	0.0000	0.2037	1.3351	0.4731	0.3482	0.8846	0.5647	0.3093	0.8962	0.3637	0.3130	1.2895	0.5299	0.3163	1.2863	0.4260	0.2337	0.8292	0.4148	0.2576	0.8220	0.5383	0.1878	0.4573	0.6584	0.1868	0.4626	0.2776	0.1986	0.0619	0.6978	0.1412	0.0796	0.2282	0.1983	0.4507	0.6021	0.1951	0.4503	0.3297	0.2162	0.0691	0.6607	0.1640	0.0778	0.2593	0.1628	0.0366	0.6394	0.1126	0.0485	0.2651	0.3385	0.0376	0.7002	0.2876	0.0362	0.2544	0.1812	0.9566	0.4879	0.2339	0.0764	0.6235	0.1867	0.0759	0.2904	0.2088	0.4441	0.5459	0.2034	0.4380	0.3818
470	4.70	0.3479	0.8848	0.5635	0.3095	0.8962	0.3650	0.2626	0.4507	0.6199	0.2518	0.4790	0.3097	0.2445	0.3881	0.6258	0.2278	0.3929	0.2951	0.2173	0.2053	0.7046	0.2446	0.1529	0.6852	0.2728	0.1563	0.7283	0.1823	0.2139	0.2239	0.2006	0.1523	0.2366	0.2273	0.1578	0.1928	0.3287	0.8905	0.4642	0.3287	0.8905	0.4642	0.2405	0.0371	0.6663	0.1900	0.0431	0.2604	0.2056	0.2962	0.6259	0.1825	0.2995	0.3012	0.0158	-0.0053	0.0382	0.0095	-0.0003	-0.0374	0.3145	1.2880	0.4779	0.2161	0.6568	0.3761	0.0077	0.0264	-0.0467	0.2306	0.6531	0.5674	0.0130	0.0334	0.0451	-0.0525	-0.0165	-0.0868	-0.0502	-0.0254	0.0755	0.1796	-0.0483	0.1557	0.0622	0.0000	0.0000	0.0000	0.0000	0.0000	0.0039	0.0514	0.0000	-0.0658	-0.0365	-0.0526	-0.0643	-0.0387	0.0421	0.2073	-0.0350	-0.1335	0.0655	0.0000	0.0000	0.0000	0.0000	0.0000	0.0061	0.0512	0.0000	0.2035	1.3351	0.4732	0.3482	0.8847	0.5647	0.3092	0.8963	0.3637	0.3129	1.2896	0.5299	0.3161	1.2863	0.4260	0.2336	0.8292	0.4149	0.2575	0.8221	0.5383	0.1879	0.4574	0.6584	0.1867	0.4626	0.2776	0.1986	0.0619	0.6978	0.1413	0.0797	0.2282	0.1983	0.4507	0.6022	0.1951	0.4503	0.3297	0.2162	0.0691	0.6607	0.1641	0.0778	0.2593	0.1628	0.0367	0.6394	0.1127	0.0486	0.2651	0.3385	0.0377	0.7002	0.2876	0.0363	0.2543	0.1812	0.9567	0.4880	0.2339	0.0763	0.6235	0.1868	0.0760	0.2905	0.2088	0.4441	0.5460	0.2034	0.4380	0.3819
471	4.71	0.3478	0.8848	0.5635	0.3093	0.8962	0.3650	0.2625	0.4508	0.6199	0.2517	0.4790	0.3097	0.2445	0.3881	0.6259	0.2277	0.3930	0.2951	0.2173	0.2054	0.7046	0.2446	0.1530	0.6852	0.2728	0.1563	0.7283	0.1822	0.2139	0.2240	0.2005	0.1524	0.2366	0.2273	0.1578	0.1928	0.3286	0.8905	0.4643	0.3286	0.8905	0.4643	0.2405	0.0372	0.6662	0.1900	0.0432	0.2603	0.2055	0.2962	0.6259	0.1825	0.2995	0.3012	0.0158	-0.0053	0.0382	0.0095	-0.0003	-0.0374	0.3142	1.2880	0.4779	0.2160	0.6569	0.3762	0.0078	0.0264	-0.0466	0.2305	0.6532	0.5674	0.0129	0.0334	0.0451	-0.0525	-0.0165	-0.0868	-0.0500	-0.0253	0.0754	0.1795	-0.0482	0.1557	0.0622	0.0000	0.0000	0.0000	0.0000	0.0000	0.0039	0.0514	0.0000	-0.0658	-0.0365	-0.0527	-0.0642	-0.0386	0.0421	0.2073	-0.0349	-0.1336	0.0654	0.0000	0.0000	0.0000	0.0000	0.0000	0.0061	0.0512	0.0000	0.2033	1.3352	0.4732	0.3481	0.8847	0.5647	0.3091	0.8963	0.3638	0.3127	1.2897	0.5299	0.3158	1.2863	0.4260	0.2335	0.8292	0.4149	0.2574	0.8221	0.5384	0.1878	0.4574	0.6585	0.1866	0.4626	0.2777	0.1986	0.0620	0.6978	0.1414	0.0798	0.2281	0.1983	0.4508	0.6022	0.1950	0.4504	0.3298	0.2162	0.0692	0.6607	0.1641	0.0779	0.2593	0.1628	0.0367	0.6393	0.1126	0.0487	0.2650	0.3385	0.0377	0.7001	0.2876	0.0364	0.2543	0.1810	0.9568	0.4880	0.2338	0.0764	0.6235	0.1868	0.0761	0.2904	0.2087	0.4441	0.5460	0.2033	0.4382	0.3819
472	4.72	0.3478	0.8848	0.5635	0.3092	0.8962	0.3651	0.2625	0.4508	0.6199	0.2517	0.4790	0.3098	0.2445	0.3882	0.6259	0.2277	0.3930	0.2952	0.2173	0.2054	0.7046	0.2446	0.1530	0.6852	0.2728	0.1563	0.7283	0.1822	0.2139	0.2240	0.2005	0.1524	0.2366	0.2272	0.1578	0.1928	0.3285	0.8905	0.4643	0.3285	0.8905	0.4643	0.2405	0.0372	0.6662	0.1899	0.0433	0.2603	0.2055	0.2963	0.6259	0.1824	0.2996	0.3012	0.0158	-0.0053	0.0382	0.0095	-0.0003	-0.0374	0.3140	1.2880	0.4779	0.2159	0.6569	0.3762	0.0078	0.0264	-0.0466	0.2304	0.6532	0.5675	0.0129	0.0335	0.0450	-0.0525	-0.0165	-0.0868	-0.0499	-0.0253	0.0755	0.1795	-0.0482	0.1557	0.0622	0.0000	0.0000	0.0000	0.0000	0.0000	0.0039	0.0514	0.0000	-0.0658	-0.0365	-0.0527	-0.0641	-0.0386	0.0421	0.2073	-0.0349	-0.1336	0.0654	0.0000	0.0000	0.0000	0.0000	0.0000	0.0061	0.0512	0.0000	0.2030	1.3352	0.4732	0.3480	0.8847	0.5648	0.3090	0.8963	0.3638	0.3125	1.2897	0.5299	0.3156	1.2864	0.4260	0.2333	0.8292	0.4150	0.2573	0.8222	0.5385	0.1878	0.4575	0.6585	0.1866	0.4626	0.2777	0.1986	0.0620	0.6978	0.1414	0.0799	0.2281	0.1983	0.4508	0.6023	0.1949	0.4504	0.3298	0.2162	0.0692	0.6607	0.1641	0.0780	0.2592	0.1628	0.0368	0.6393	0.1125	0.0488	0.2650	0.3385	0.0378	0.7001	0.2876	0.0364	0.2543	0.1808	0.9568	0.4880	0.2338	0.0764	0.6236	0.1868	0.0761	0.2904	0.2087	0.4441	0.5460	0.2032	0.4382	0.3819
473	4.73	0.3477	0.8848	0.5635	0.3091	0.8962	0.3651	0.2625	0.4508	0.6200	0.2517	0.4790	0.3098	0.2445	0.3881	0.6260	0.2277	0.3930	0.2952	0.2173	0.2054	0.7047	0.2446	0.1530	0.6852	0.2728	0.1563	0.7283	0.1822	0.2139	0.2240	0.2005	0.1524	0.2367	0.2273	0.1578	0.1929	0.3284	0.8905	0.4643	0.3284	0.8905	0.4643	0.2405	0.0372	0.6662	0.1900	0.0432	0.2604	0.2055	0.2962	0.6260	0.1824	0.2995	0.3013	0.0158	-0.0053	0.0381	0.0095	-0.0003	-0.0374	0.3138	1.2880	0.4780	0.2158	0.6568	0.3763	0.0077	0.0264	-0.0467	0.2305	0.6532	0.5675	0.0130	0.0334	0.0451	-0.0525	-0.0165	-0.0868	-0.0500	-0.0253	0.0755	0.1795	-0.0481	0.1557	0.0622	0.0000	0.0000	0.0000	0.0000	0.0000	0.0039	0.0514	0.0000	-0.0658	-0.0365	-0.0527	-0.0642	-0.0386	0.0421	0.2073	-0.0349	-0.1337	0.0654	0.0000	0.0000	0.0000	0.0000	0.0000	0.0060	0.0512	0.0000	0.2028	1.3351	0.4734	0.3480	0.8848	0.5648	0.3089	0.8963	0.3639	0.3123	1.2897	0.5299	0.3154	1.2864	0.4260	0.2333	0.8292	0.4151	0.2573	0.8221	0.5385	0.1878	0.4574	0.6585	0.1866	0.4626	0.2778	0.1986	0.0620	0.6978	0.1414	0.0798	0.2282	0.1983	0.4508	0.6023	0.1949	0.4504	0.3299	0.2162	0.0692	0.6608	0.1641	0.0779	0.2593	0.1628	0.0367	0.6394	0.1126	0.0487	0.2651	0.3385	0.0378	0.7001	0.2877	0.0364	0.2543	0.1808	0.9568	0.4881	0.2337	0.0764	0.6237	0.1869	0.0760	0.2905	0.2087	0.4441	0.5461	0.2032	0.4381	0.3820
474	4.74	0.3477	0.8848	0.5636	0.3090	0.8962	0.3651	0.2625	0.4507	0.6201	0.2517	0.4790	0.3098	0.2445	0.3881	0.6261	0.2277	0.3930	0.2952	0.2173	0.2053	0.7047	0.2446	0.1529	0.6853	0.2728	0.1562	0.7284	0.1822	0.2139	0.2241	0.2005	0.1524	0.2367	0.2272	0.1578	0.1929	0.3284	0.8905	0.4643	0.3284	0.8905	0.4643	0.2405	0.0371	0.6663	0.1900	0.0431	0.2604	0.2055	0.2962	0.6260	0.1824	0.2994	0.3014	0.0159	-0.0053	0.0382	0.0095	-0.0003	-0.0374	0.3136	1.2880	0.4780	0.2158	0.6568	0.3763	0.0077	0.0264	-0.0467	0.2304	0.6531	0.5676	0.0130	0.0334	0.0451	-0.0525	-0.0166	-0.0868	-0.0501	-0.0254	0.0755	0.1795	-0.0480	0.1558	0.0622	0.0000	0.0000	0.0000	0.0000	0.0000	0.0038	0.0514	0.0000	-0.0657	-0.0365	-0.0527	-0.0642	-0.0387	0.0421	0.2073	-0.0349	-0.1336	0.0654	0.0000	0.0000	0.0000	0.0000	0.0000	0.0061	0.0512	0.0000	0.2026	1.3350	0.4735	0.3479	0.8847	0.5648	0.3088	0.8963	0.3639	0.3121	1.2896	0.5300	0.3151	1.2864	0.4260	0.2333	0.8292	0.4151	0.2573	0.8221	0.5385	0.1878	0.4573	0.6586	0.1865	0.4626	0.2778	0.1986	0.0619	0.6979	0.1414	0.0797	0.2283	0.1982	0.4507	0.6024	0.1949	0.4503	0.3299	0.2162	0.0691	0.6608	0.1641	0.0778	0.2594	0.1628	0.0367	0.6395	0.1127	0.0485	0.2653	0.3385	0.0377	0.7002	0.2877	0.0363	0.2544	0.1808	0.9567	0.4883	0.2337	0.0764	0.6237	0.1868	0.0759	0.2905	0.2087	0.4441	0.5461	0.2032	0.4380	0.3820
475	4.75	0.3476	0.8848	0.5636	0.3089	0.8962	0.3652	0.2624	0.4507	0.6202	0.2516	0.4790	0.3099	0.2443	0.3880	0.6260	0.2276	0.3929	0.2953	0.2172	0.2052	0.7048	0.2445	0.1529	0.6853	0.2727	0.1562	0.7284	0.1821	0.2139	0.2241	0.2005	0.1523	0.2367	0.2272	0.1578	0.1929	0.3282	0.8905	0.4644	0.3282	0.8905	0.4644	0.2404	0.0371	0.6663	0.1900	0.0431	0.2604	0.2055	0.2962	0.6260	0.1823	0.2994	0.3014	0.0159	-0.0053	0.0382	0.0095	-0.0003	-0.0374	0.3133	1.2880	0.4780	0.2157	0.6567	0.3764	0.0077	0.0264	-0.0467	0.2303	0.6531	0.5676	0.0130	0.0334	0.0451	-0.0525	-0.0166	-0.0867	-0.0501	-0.0255	0.0756	0.1795	-0.0481	0.1557	0.0622	0.0000	0.0000	0.0000	0.0000	0.0000	0.0038	0.0514	0.0000	-0.0657	-0.0366	-0.0526	-0.0642	-0.0388	0.0422	0.2073	-0.0349	-0.1336	0.0654	0.0000	0.0000	0.0000	0.0000	0.0000	0.0060	0.0512	0.0000	0.2023	1.3350	0.4736	0.3478	0.8847	0.5648	0.3087	0.8962	0.3639	0.3119	1.2896	0.5300	0.3148	1.2864	0.4261	0.2331	0.8291	0.4151	0.2572	0.8220	0.5386	0.1877	0.4573	0.6587	0.1864	0.4626	0.2779	0.1986	0.0618	0.6979	0.1412	0.0796	0.2283	0.1982	0.4507	0.6024	0.1948	0.4502	0.3300	0.2162	0.0691	0.6608	0.1640	0.0777	0.2594	0.1628	0.0367	0.6395	0.1126	0.0485	0.2653	0.3385	0.0377	0.7002	0.2876	0.0363	0.2544	0.1806	0.9566	0.4883	0.2338	0.0764	0.6236	0.1868	0.0759	0.2905	0.2086	0.4441	0.5462	0.2031	0.4379	0.3821
476	4.76	0.3475	0.8848	0.5636	0.3088	0.8962	0.3652	0.2623	0.4507	0.6202	0.2515	0.4790	0.3099	0.2438	0.3879	0.6257	0.2275	0.3929	0.2953	0.2172	0.2052	0.7048	0.2445	0.1529	0.6853	0.2727	0.1562	0.7284	0.1821	0.2138	0.2242	0.2005	0.1523	0.2368	0.2272	0.1578	0.1929	0.3282	0.8905	0.4644	0.3282	0.8905	0.4644	0.2404	0.0371	0.6663	0.1899	0.0431	0.2604	0.2054	0.2962	0.6261	0.1822	0.2994	0.3014	0.0159	-0.0053	0.0382	0.0095	-0.0002	-0.0374	0.3131	1.2880	0.4781	0.2156	0.6567	0.3765	0.0077	0.0264	-0.0467	0.2303	0.6531	0.5677	0.0130	0.0334	0.0450	-0.0525	-0.0166	-0.0867	-0.0500	-0.0255	0.0757	0.1795	-0.0486	0.1555	0.0622	0.0000	0.0000	0.0000	0.0000	0.0000	0.0038	0.0514	0.0000	-0.0658	-0.0366	-0.0526	-0.0642	-0.0388	0.0423	0.2073	-0.0349	-0.1336	0.0654	0.0000	0.0000	0.0000	0.0000	0.0000	0.0060	0.0512	0.0000	0.2021	1.3350	0.4736	0.3478	0.8847	0.5649	0.3085	0.8962	0.3640	0.3116	1.2896	0.5300	0.3146	1.2864	0.4261	0.2330	0.8291	0.4152	0.2571	0.8220	0.5387	0.1877	0.4573	0.6587	0.1864	0.4626	0.2779	0.1986	0.0618	0.6979	0.1412	0.0796	0.2283	0.1981	0.4507	0.6025	0.1947	0.4502	0.3300	0.2161	0.0691	0.6608	0.1640	0.0777	0.2594	0.1628	0.0366	0.6394	0.1126	0.0486	0.2652	0.3385	0.0377	0.7001	0.2876	0.0363	0.2543	0.1805	0.9566	0.4883	0.2337	0.0764	0.6237	0.1868	0.0758	0.2905	0.2086	0.4441	0.5462	0.2030	0.4379	0.3822
477	4.77	0.3475	0.8848	0.5637	0.3087	0.8962	0.3653	0.2623	0.4507	0.6202	0.2515	0.4790	0.3099	0.2439	0.3879	0.6258	0.2275	0.3929	0.2953	0.2172	0.2052	0.7048	0.2445	0.1529	0.6853	0.2727	0.1562	0.7284	0.1821	0.2139	0.2242	0.2005	0.1523	0.2368	0.2272	0.1578	0.1929	0.3281	0.8905	0.4645	0.3281	0.8905	0.4645	0.2404	0.0371	0.6663	0.1900	0.0431	0.2604	0.2054	0.2962	0.6261	0.1822	0.2994	0.3015	0.0159	-0.0053	0.0382	0.0095	-0.0002	-0.0374	0.3129	1.2880	0.4781	0.2155	0.6567	0.3765	0.0077	0.0264	-0.0467	0.2303	0.6531	0.5677	0.0130	0.0334	0.0450	-0.0526	-0.0166	-0.0867	-0.0501	-0.0255	0.0756	0.1795	-0.0485	0.1556	0.0622	0.0000	0.0000	0.0000	0.0000	0.0000	0.0038	0.0514	0.0000	-0.0658	-0.0366	-0.0526	-0.0642	-0.0388	0.0422	0.2073	-0.0349	-0.1335	0.0654	0.0000	0.0000	0.0000	0.0000	0.0000	0.0061	0.0512	0.0000	0.2018	1.3349	0.4737	0.3477	0.8847	0.5649	0.3084	0.8962	0.3640	0.3114	1.2896	0.5300	0.3143	1.2864	0.4261	0.2330	0.8291	0.4153	0.2571	0.8220	0.5387	0.1877	0.4573	0.6588	0.1863	0.4625	0.2780	0.1986	0.0618	0.6979	0.1412	0.0796	0.2283	0.1981	0.4507	0.6025	0.1947	0.4502	0.3301	0.2162	0.0691	0.6608	0.1640	0.0777	0.2594	0.1628	0.0366	0.6395	0.1126	0.0485	0.2653	0.3385	0.0377	0.7001	0.2876	0.0363	0.2543	0.1804	0.9566	0.4884	0.2338	0.0764	0.6236	0.1868	0.0758	0.2905	0.2086	0.4441	0.5463	0.2030	0.4379	0.3822
478	4.78	0.3474	0.8848	0.5637	0.3086	0.8962	0.3653	0.2623	0.4507	0.6202	0.2514	0.4790	0.3099	0.2443	0.3880	0.6261	0.2275	0.3929	0.2953	0.2172	0.2052	0.7048	0.2445	0.1529	0.6854	0.2727	0.1562	0.7284	0.1821	0.2139	0.2242	0.2005	0.1523	0.2368	0.2271	0.1578	0.1929	0.3280	0.8905	0.4645	0.3280	0.8905	0.4645	0.2404	0.0371	0.6663	0.1900	0.0431	0.2605	0.2054	0.2961	0.6262	0.1822	0.2993	0.3015	0.0159	-0.0053	0.0382	0.0095	-0.0003	-0.0374	0.3126	1.2880	0.4781	0.2155	0.6567	0.3766	0.0077	0.0264	-0.0467	0.2302	0.6531	0.5678	0.0130	0.0334	0.0451	-0.0525	-0.0166	-0.0868	-0.0501	-0.0255	0.0756	0.1795	-0.0481	0.1558	0.0622	0.0000	0.0000	0.0000	0.0000	0.0000	0.0039	0.0514	0.0000	-0.0658	-0.0366	-0.0526	-0.0643	-0.0388	0.0422	0.2074	-0.0349	-0.1335	0.0655	0.0000	0.0000	0.0000	0.0000	0.0000	0.0061	0.0512	0.0000	0.2016	1.3349	0.4738	0.3476	0.8848	0.5649	0.3083	0.8962	0.3641	0.3113	1.2896	0.5301	0.3140	1.2864	0.4262	0.2329	0.8291	0.4153	0.2570	0.8220	0.5387	0.1877	0.4573	0.6588	0.1863	0.4625	0.2780	0.1986	0.0618	0.6979	0.1412	0.0796	0.2284	0.1981	0.4507	0.6026	0.1947	0.4502	0.3301	0.2161	0.0691	0.6608	0.1640	0.0777	0.2595	0.1628	0.0366	0.6395	0.1127	0.0484	0.2653	0.3385	0.0377	0.7001	0.2876	0.0363	0.2543	0.1803	0.9566	0.4885	0.2337	0.0763	0.6237	0.1868	0.0758	0.2906	0.2085	0.4441	0.5463	0.2030	0.4379	0.3823
479	4.79	0.3473	0.8849	0.5637	0.3084	0.8961	0.3653	0.2623	0.4507	0.6203	0.2514	0.4790	0.3100	0.2441	0.3880	0.6261	0.2274	0.3929	0.2954	0.2172	0.2052	0.7048	0.2445	0.1529	0.6854	0.2727	0.1562	0.7284	0.1820	0.2139	0.2242	0.2004	0.1523	0.2368	0.2271	0.1578	0.1930	0.3279	0.8905	0.4645	0.3279	0.8905	0.4645	0.2404	0.0371	0.6663	0.1900	0.0431	0.2605	0.2054	0.2961	0.6262	0.1822	0.2994	0.3015	0.0159	-0.0053	0.0382	0.0095	-0.0003	-0.0374	0.3124	1.2880	0.4781	0.2154	0.6567	0.3766	0.0077	0.0264	-0.0467	0.2302	0.6531	0.5678	0.0130	0.0334	0.0451	-0.0526	-0.0166	-0.0868	-0.0501	-0.0255	0.0756	0.1795	-0.0482	0.1557	0.0622	0.0000	0.0000	0.0000	0.0000	0.0000	0.0039	0.0514	0.0000	-0.0658	-0.0366	-0.0526	-0.0642	-0.0387	0.0422	0.2073	-0.0349	-0.1335	0.0655	0.0000	0.0000	0.0000	0.0000	0.0000	0.0061	0.0512	0.0000	0.2014	1.3348	0.4739	0.3476	0.8848	0.5650	0.3082	0.8962	0.3641	0.3110	1.2896	0.5301	0.3138	1.2864	0.4262	0.2328	0.8291	0.4154	0.2570	0.8221	0.5388	0.1877	0.4573	0.6589	0.1862	0.4625	0.2780	0.1986	0.0618	0.6979	0.1412	0.0796	0.2284	0.1981	0.4507	0.6026	0.1946	0.4502	0.3302	0.2162	0.0691	0.6608	0.1640	0.0777	0.2595	0.1628	0.0366	0.6395	0.1126	0.0484	0.2653	0.3385	0.0377	0.7001	0.2876	0.0363	0.2543	0.1802	0.9566	0.4886	0.2338	0.0763	0.6236	0.1868	0.0759	0.2906	0.2085	0.4441	0.5464	0.2030	0.4379	0.3823
480	4.80	0.3473	0.8849	0.5637	0.3083	0.8961	0.3654	0.2622	0.4507	0.6203	0.2513	0.4790	0.3100	0.2437	0.3879	0.6258	0.2274	0.3929	0.2954	0.2171	0.2053	0.7049	0.2445	0.1529	0.6854	0.2727	0.1562	0.7284	0.1820	0.2139	0.2243	0.2004	0.1523	0.2368	0.2271	0.1578	0.1930	0.3278	0.8905	0.4646	0.3278	0.8905	0.4646	0.2404	0.0371	0.6663	0.1900	0.0431	0.2605	0.2054	0.2962	0.6262	0.1821	0.2994	0.3016	0.0159	-0.0053	0.0382	0.0095	-0.0002	-0.0374	0.3121	1.2880	0.4782	0.2153	0.6567	0.3767	0.0078	0.0264	-0.0467	0.2301	0.6531	0.5679	0.0130	0.0335	0.0451	-0.0526	-0.0166	-0.0867	-0.0501	-0.0255	0.0756	0.1795	-0.0486	0.1555	0.0622	0.0000	0.0000	0.0000	0.0000	0.0000	0.0039	0.0514	0.0000	-0.0658	-0.0366	-0.0526	-0.0642	-0.0388	0.0422	0.2073	-0.0348	-0.1335	0.0654	0.0000	0.0000	0.0000	0.0000	0.0000	0.0060	0.0512	0.0000	0.2011	1.3348	0.4739	0.3475	0.8848	0.5650	0.3080	0.8962	0.3641	0.3108	1.2896	0.5301	0.3135	1.2864	0.4262	0.2326	0.8291	0.4155	0.2569	0.8221	0.5389	0.1876	0.4574	0.6589	0.1861	0.4625	0.2781	0.1985	0.0618	0.6979	0.1412	0.0796	0.2284	0.1980	0.4507	0.6027	0.1945	0.4502	0.3302	0.2161	0.0691	0.6608	0.1640	0.0777	0.2595	0.1627	0.0366	0.6395	0.1126	0.0485	0.2653	0.3384	0.0377	0.7001	0.2876	0.0363	0.2543	0.1801	0.9566	0.4886	0.2337	0.0764	0.6236	0.1868	0.0759	0.2906	0.2084	0.4441	0.5464	0.2029	0.4380	0.3824
481	4.81	0.3472	0.8849	0.5637	0.3082	0.8962	0.3654	0.2622	0.4507	0.6203	0.2513	0.4791	0.3101	0.2438	0.3879	0.6259	0.2273	0.3929	0.2954	0.2171	0.2053	0.7049	0.2445	0.1529	0.6854	0.2727	0.1562	0.7284	0.1820	0.2139	0.2243	0.2004	0.1524	0.2368	0.2270	0.1578	0.1930	0.3277	0.8906	0.4646	0.3277	0.8906	0.4646	0.2404	0.0371	0.6663	0.1900	0.0431	0.2605	0.2053	0.2962	0.6262	0.1821	0.2994	0.3016	0.0159	-0.0053	0.0382	0.0095	-0.0002	-0.0374	0.3119	1.2880	0.4782	0.2152	0.6567	0.3768	0.0078	0.0264	-0.0468	0.2301	0.6531	0.5680	0.0130	0.0335	0.0450	-0.0525	-0.0166	-0.0868	-0.0501	-0.0255	0.0756	0.1795	-0.0485	0.1556	0.0622	0.0000	0.0000	0.0000	0.0000	0.0000	0.0039	0.0514	0.0000	-0.0658	-0.0366	-0.0526	-0.0642	-0.0388	0.0422	0.2074	-0.0349	-0.1335	0.0654	0.0000	0.0000	0.0000	0.0000	0.0000	0.0061	0.0512	0.0000	0.2008	1.3348	0.4740	0.3475	0.8849	0.5650	0.3079	0.8962	0.3642	0.3106	1.2896	0.5302	0.3133	1.2865	0.4262	0.2325	0.8291	0.4156	0.2569	0.8221	0.5389	0.1876	0.4574	0.6590	0.1861	0.4625	0.2781	0.1985	0.0618	0.6979	0.1412	0.0796	0.2284	0.1980	0.4507	0.6027	0.1945	0.4502	0.3303	0.2161	0.0691	0.6608	0.1640	0.0777	0.2595	0.1627	0.0366	0.6395	0.1126	0.0484	0.2654	0.3384	0.0377	0.7001	0.2876	0.0363	0.2543	0.1800	0.9566	0.4887	0.2337	0.0764	0.6236	0.1868	0.0759	0.2906	0.2084	0.4441	0.5465	0.2028	0.4379	0.3824
482	4.82	0.3472	0.8850	0.5638	0.3081	0.8962	0.3654	0.2623	0.4507	0.6204	0.2513	0.4791	0.3101	0.2442	0.3881	0.6263	0.2273	0.3929	0.2954	0.2171	0.2052	0.7049	0.2445	0.1529	0.6854	0.2727	0.1562	0.7284	0.1820	0.2139	0.2243	0.2004	0.1524	0.2368	0.2270	0.1579	0.1930	0.3276	0.8906	0.4646	0.3276	0.8906	0.4646	0.2404	0.0371	0.6663	0.1900	0.0431	0.2605	0.2054	0.2962	0.6263	0.1821	0.2993	0.3017	0.0159	-0.0053	0.0382	0.0095	-0.0003	-0.0374	0.3117	1.2881	0.4782	0.2152	0.6567	0.3768	0.0077	0.0264	-0.0468	0.2301	0.6531	0.5680	0.0130	0.0335	0.0450	-0.0525	-0.0166	-0.0868	-0.0502	-0.0255	0.0756	0.1795	-0.0481	0.1558	0.0622	0.0000	0.0000	0.0000	0.0000	0.0000	0.0038	0.0514	0.0000	-0.0658	-0.0366	-0.0526	-0.0643	-0.0388	0.0422	0.2074	-0.0349	-0.1335	0.0654	0.0000	0.0000	0.0000	0.0000	0.0000	0.0060	0.0512	0.0000	0.2006	1.3348	0.4742	0.3474	0.8849	0.5650	0.3078	0.8963	0.3642	0.3104	1.2896	0.5302	0.3130	1.2865	0.4262	0.2325	0.8291	0.4156	0.2568	0.8221	0.5390	0.1877	0.4573	0.6591	0.1861	0.4625	0.2782	0.1986	0.0618	0.6979	0.1412	0.0796	0.2285	0.1980	0.4507	0.6028	0.1945	0.4502	0.3303	0.2161	0.0691	0.6608	0.1640	0.0777	0.2595	0.1627	0.0366	0.6395	0.1127	0.0484	0.2654	0.3385	0.0377	0.7001	0.2877	0.0363	0.2543	0.1799	0.9566	0.4888	0.2337	0.0764	0.6237	0.1868	0.0759	0.2906	0.2084	0.4442	0.5465	0.2029	0.4379	0.3825
483	4.83	0.3471	0.8850	0.5638	0.3079	0.8962	0.3655	0.2623	0.4507	0.6204	0.2513	0.4791	0.3102	0.2441	0.3880	0.6263	0.2273	0.3929	0.2955	0.2172	0.2052	0.7049	0.2445	0.1529	0.6854	0.2727	0.1562	0.7284	0.1819	0.2138	0.2243	0.2004	0.1524	0.2368	0.2270	0.1579	0.1930	0.3275	0.8906	0.4646	0.3275	0.8906	0.4646	0.2404	0.0371	0.6663	0.1900	0.0431	0.2605	0.2053	0.2962	0.6263	0.1821	0.2993	0.3017	0.0159	-0.0053	0.0382	0.0095	-0.0002	-0.0374	0.3115	1.2881	0.4783	0.2151	0.6567	0.3769	0.0077	0.0264	-0.0468	0.2300	0.6532	0.5681	0.0130	0.0335	0.0451	-0.0526	-0.0166	-0.0867	-0.0501	-0.0255	0.0756	0.1795	-0.0481	0.1558	0.0622	0.0000	0.0000	0.0000	0.0000	0.0000	0.0038	0.0514	0.0000	-0.0658	-0.0366	-0.0526	-0.0642	-0.0388	0.0422	0.2073	-0.0348	-0.1336	0.0654	0.0000	0.0000	0.0000	0.0000	0.0000	0.0060	0.0512	0.0000	0.2004	1.3348	0.4742	0.3474	0.8849	0.5650	0.3077	0.8963	0.3642	0.3102	1.2896	0.5303	0.3127	1.2865	0.4263	0.2323	0.8291	0.4157	0.2567	0.8221	0.5390	0.1877	0.4573	0.6591	0.1860	0.4625	0.2782	0.1986	0.0618	0.6979	0.1412	0.0796	0.2285	0.1980	0.4508	0.6028	0.1944	0.4502	0.3304	0.2161	0.0691	0.6608	0.1640	0.0777	0.2596	0.1628	0.0366	0.6395	0.1127	0.0484	0.2655	0.3385	0.0378	0.7001	0.2877	0.0363	0.2543	0.1799	0.9566	0.4889	0.2336	0.0764	0.6237	0.1869	0.0759	0.2906	0.2084	0.4442	0.5466	0.2028	0.4379	0.3825
484	4.84	0.3470	0.8850	0.5638	0.3077	0.8962	0.3655	0.2622	0.4508	0.6204	0.2512	0.4791	0.3103	0.2437	0.3879	0.6260	0.2272	0.3929	0.2956	0.2171	0.2053	0.7050	0.2445	0.1529	0.6854	0.2727	0.1562	0.7284	0.1819	0.2138	0.2244	0.2004	0.1524	0.2369	0.2270	0.1579	0.1930	0.3274	0.8906	0.4647	0.3274	0.8906	0.4647	0.2404	0.0371	0.6663	0.1900	0.0432	0.2605	0.2053	0.2962	0.6264	0.1821	0.2994	0.3017	0.0159	-0.0053	0.0382	0.0095	-0.0002	-0.0374	0.3112	1.2881	0.4783	0.2150	0.6567	0.3769	0.0077	0.0264	-0.0467	0.2299	0.6532	0.5681	0.0130	0.0335	0.0450	-0.0526	-0.0166	-0.0867	-0.0500	-0.0254	0.0756	0.1794	-0.0485	0.1555	0.0622	0.0000	0.0000	0.0000	0.0000	0.0000	0.0038	0.0514	0.0000	-0.0658	-0.0366	-0.0526	-0.0642	-0.0387	0.0422	0.2073	-0.0348	-0.1336	0.0654	0.0000	0.0000	0.0000	0.0000	0.0000	0.0060	0.0512	0.0000	0.2000	1.3348	0.4743	0.3473	0.8849	0.5651	0.3075	0.8963	0.3643	0.3099	1.2896	0.5303	0.3124	1.2865	0.4263	0.2322	0.8291	0.4157	0.2566	0.8222	0.5391	0.1876	0.4574	0.6592	0.1859	0.4625	0.2783	0.1986	0.0618	0.6979	0.1412	0.0797	0.2285	0.1980	0.4508	0.6029	0.1943	0.4502	0.3304	0.2161	0.0691	0.6608	0.1640	0.0778	0.2596	0.1627	0.0366	0.6395	0.1126	0.0485	0.2654	0.3385	0.0378	0.7001	0.2877	0.0364	0.2543	0.1797	0.9567	0.4889	0.2336	0.0764	0.6237	0.1869	0.0759	0.2906	0.2083	0.4442	0.5466	0.2028	0.4379	0.3825
485	4.85	0.3470	0.8850	0.5638	0.3076	0.8962	0.3655	0.2622	0.4508	0.6205	0.2512	0.4791	0.3103	0.2438	0.3879	0.6262	0.2272	0.3929	0.2956	0.2172	0.2052	0.7050	0.2445	0.1529	0.6854	0.2728	0.1562	0.7284	0.1819	0.2138	0.2244	0.2004	0.1523	0.2369	0.2270	0.1579	0.1931	0.3273	0.8906	0.4647	0.3273	0.8906	0.4647	0.2404	0.0371	0.6663	0.1900	0.0432	0.2605	0.2053	0.2962	0.6264	0.1821	0.2994	0.3017	0.0159	-0.0053	0.0382	0.0095	-0.0003	-0.0374	0.3110	1.2881	0.4783	0.2149	0.6567	0.3769	0.0077	0.0264	-0.0467	0.2299	0.6532	0.5682	0.0130	0.0335	0.0450	-0.0526	-0.0167	-0.0867	-0.0500	-0.0254	0.0755	0.1795	-0.0484	0.1556	0.0622	0.0000	0.0000	0.0000	0.0000	0.0000	0.0038	0.0514	0.0000	-0.0658	-0.0366	-0.0526	-0.0642	-0.0387	0.0422	0.2074	-0.0349	-0.1335	0.0654	0.0000	0.0000	0.0000	0.0000	0.0000	0.0060	0.0512	0.0000	0.1998	1.3348	0.4743	0.3472	0.8849	0.5651	0.3074	0.8963	0.3643	0.3097	1.2896	0.5303	0.3122	1.2865	0.4263	0.2321	0.8291	0.4158	0.2566	0.8221	0.5392	0.1876	0.4574	0.6592	0.1859	0.4625	0.2783	0.1986	0.0618	0.6979	0.1413	0.0797	0.2285	0.1980	0.4508	0.6029	0.1943	0.4502	0.3304	0.2161	0.0691	0.6608	0.1641	0.0778	0.2595	0.1627	0.0366	0.6395	0.1126	0.0486	0.2654	0.3385	0.0378	0.7000	0.2877	0.0364	0.2543	0.1796	0.9567	0.4890	0.2337	0.0764	0.6237	0.1869	0.0759	0.2906	0.2083	0.4442	0.5467	0.2028	0.4379	0.3825
486	4.86	0.3469	0.8850	0.5639	0.3075	0.8962	0.3656	0.2622	0.4508	0.6206	0.2511	0.4791	0.3104	0.2442	0.3880	0.6265	0.2272	0.3929	0.2956	0.2172	0.2052	0.7050	0.2445	0.1529	0.6855	0.2728	0.1561	0.7285	0.1819	0.2138	0.2244	0.2004	0.1523	0.2369	0.2270	0.1579	0.1931	0.3272	0.8906	0.4647	0.3272	0.8906	0.4647	0.2404	0.0371	0.6663	0.1901	0.0431	0.2606	0.2053	0.2962	0.6264	0.1821	0.2993	0.3018	0.0159	-0.0053	0.0382	0.0095	-0.0002	-0.0374	0.3108	1.2881	0.4783	0.2149	0.6567	0.3770	0.0077	0.0264	-0.0467	0.2299	0.6532	0.5683	0.0130	0.0335	0.0450	-0.0526	-0.0167	-0.0867	-0.0501	-0.0255	0.0756	0.1795	-0.0479	0.1558	0.0622	0.0000	0.0000	0.0000	0.0000	0.0000	0.0038	0.0514	0.0000	-0.0658	-0.0366	-0.0526	-0.0642	-0.0387	0.0422	0.2073	-0.0349	-0.1335	0.0654	0.0000	0.0000	0.0000	0.0000	0.0000	0.0061	0.0512	0.0000	0.1996	1.3347	0.4745	0.3472	0.8849	0.5651	0.3073	0.8963	0.3643	0.3095	1.2896	0.5303	0.3120	1.2865	0.4263	0.2320	0.8291	0.4159	0.2565	0.8221	0.5392	0.1876	0.4573	0.6593	0.1859	0.4625	0.2784	0.1986	0.0617	0.6980	0.1412	0.0796	0.2286	0.1980	0.4507	0.6030	0.1943	0.4502	0.3305	0.2161	0.0691	0.6609	0.1641	0.0777	0.2596	0.1628	0.0365	0.6396	0.1127	0.0485	0.2655	0.3385	0.0378	0.7001	0.2877	0.0363	0.2543	0.1796	0.9566	0.4891	0.2336	0.0764	0.6237	0.1869	0.0758	0.2907	0.2083	0.4442	0.5467	0.2028	0.4378	0.3826
487	4.87	0.3468	0.8850	0.5639	0.3073	0.8962	0.3656	0.2621	0.4507	0.6206	0.2510	0.4791	0.3104	0.2442	0.3880	0.6267	0.2271	0.3928	0.2957	0.2171	0.2051	0.7051	0.2444	0.1528	0.6855	0.2728	0.1561	0.7285	0.1818	0.2138	0.2245	0.2003	0.1523	0.2370	0.2269	0.1578	0.1931	0.3271	0.8906	0.4648	0.3271	0.8906	0.4648	0.2404	0.0370	0.6663	0.1900	0.0430	0.2606	0.2053	0.2961	0.6265	0.1820	0.2993	0.3019	0.0159	-0.0053	0.0382	0.0095	-0.0002	-0.0374	0.3105	1.2880	0.4784	0.2147	0.6566	0.3771	0.0077	0.0264	-0.0467	0.2298	0.6531	0.5683	0.0130	0.0335	0.0451	-0.0526	-0.0167	-0.0867	-0.0501	-0.0255	0.0755	0.1795	-0.0477	0.1558	0.0622	0.0000	0.0000	0.0000	0.0000	0.0000	0.0038	0.0514	0.0000	-0.0658	-0.0367	-0.0525	-0.0642	-0.0388	0.0422	0.2074	-0.0349	-0.1334	0.0654	0.0000	0.0000	0.0000	0.0000	0.0000	0.0061	0.0512	0.0000	0.1993	1.3346	0.4746	0.3470	0.8849	0.5652	0.3071	0.8962	0.3644	0.3093	1.2895	0.5304	0.3117	1.2865	0.4264	0.2319	0.8291	0.4160	0.2564	0.8221	0.5393	0.1876	0.4573	0.6594	0.1858	0.4625	0.2784	0.1986	0.0617	0.6980	0.1412	0.0796	0.2286	0.1979	0.4507	0.6031	0.1942	0.4501	0.3306	0.2161	0.0690	0.6608	0.1640	0.0777	0.2597	0.1627	0.0365	0.6396	0.1127	0.0484	0.2656	0.3384	0.0377	0.7001	0.2877	0.0363	0.2544	0.1795	0.9565	0.4892	0.2337	0.0764	0.6237	0.1869	0.0758	0.2907	0.2082	0.4441	0.5468	0.2027	0.4378	0.3827
488	4.88	0.3467	0.8850	0.5640	0.3072	0.8961	0.3657	0.2621	0.4507	0.6207	0.2509	0.4791	0.3105	0.2442	0.3880	0.6267	0.2270	0.3928	0.2958	0.2171	0.2051	0.7051	0.2444	0.1528	0.6855	0.2727	0.1561	0.7285	0.1818	0.2138	0.2246	0.2003	0.1523	0.2370	0.2269	0.1578	0.1931	0.3270	0.8906	0.4648	0.3270	0.8906	0.4648	0.2403	0.0370	0.6663	0.1900	0.0430	0.2606	0.2052	0.2961	0.6265	0.1819	0.2992	0.3019	0.0159	-0.0053	0.0383	0.0095	-0.0002	-0.0374	0.3102	1.2880	0.4784	0.2146	0.6566	0.3772	0.0077	0.0264	-0.0467	0.2297	0.6531	0.5684	0.0130	0.0335	0.0450	-0.0526	-0.0167	-0.0867	-0.0501	-0.0255	0.0756	0.1795	-0.0476	0.1559	0.0622	0.0000	0.0000	0.0000	0.0000	0.0000	0.0038	0.0514	0.0000	-0.0659	-0.0367	-0.0525	-0.0642	-0.0388	0.0422	0.2074	-0.0349	-0.1334	0.0654	0.0000	0.0000	0.0000	0.0000	0.0000	0.0061	0.0512	0.0000	0.1990	1.3346	0.4746	0.3470	0.8849	0.5652	0.3070	0.8962	0.3645	0.3090	1.2895	0.5304	0.3114	1.2865	0.4264	0.2318	0.8290	0.4160	0.2563	0.8221	0.5394	0.1875	0.4573	0.6595	0.1857	0.4625	0.2785	0.1985	0.0616	0.6980	0.1411	0.0795	0.2286	0.1979	0.4507	0.6032	0.1941	0.4501	0.3306	0.2161	0.0690	0.6608	0.1640	0.0776	0.2597	0.1627	0.0365	0.6396	0.1126	0.0484	0.2656	0.3384	0.0377	0.7001	0.2876	0.0363	0.2543	0.1793	0.9565	0.4892	0.2337	0.0764	0.6237	0.1868	0.0757	0.2907	0.2082	0.4442	0.5469	0.2026	0.4377	0.3827
489	4.89	0.3467	0.8851	0.5640	0.3071	0.8962	0.3657	0.2620	0.4507	0.6207	0.2509	0.4791	0.3105	0.2442	0.3880	0.6267	0.2270	0.3928	0.2958	0.2171	0.2051	0.7051	0.2444	0.1528	0.6855	0.2727	0.1561	0.7285	0.1818	0.2138	0.2246	0.2003	0.1523	0.2370	0.2269	0.1579	0.1931	0.3269	0.8906	0.4649	0.3269	0.8906	0.4649	0.2403	0.0370	0.6663	0.1900	0.0430	0.2606	0.2052	0.2961	0.6265	0.1819	0.2992	0.3019	0.0159	-0.0053	0.0382	0.0095	-0.0002	-0.0374	0.3100	1.2880	0.4784	0.2146	0.6566	0.3772	0.0076	0.0264	-0.0467	0.2297	0.6531	0.5685	0.0130	0.0335	0.0450	-0.0526	-0.0167	-0.0867	-0.0501	-0.0256	0.0756	0.1795	-0.0476	0.1559	0.0622	0.0000	0.0000	0.0000	0.0000	0.0000	0.0038	0.0514	0.0000	-0.0659	-0.0366	-0.0525	-0.0642	-0.0388	0.0422	0.2074	-0.0348	-0.1334	0.0654	0.0000	0.0000	0.0000	0.0000	0.0000	0.0060	0.0512	0.0000	0.1988	1.3345	0.4747	0.3469	0.8850	0.5652	0.3068	0.8962	0.3645	0.3088	1.2895	0.5304	0.3112	1.2866	0.4265	0.2317	0.8290	0.4161	0.2563	0.8221	0.5394	0.1875	0.4573	0.6595	0.1856	0.4624	0.2786	0.1985	0.0616	0.6980	0.1411	0.0795	0.2287	0.1978	0.4507	0.6032	0.1941	0.4500	0.3306	0.2161	0.0690	0.6608	0.1640	0.0776	0.2597	0.1627	0.0364	0.6396	0.1126	0.0483	0.2656	0.3384	0.0377	0.7000	0.2877	0.0363	0.2543	0.1792	0.9565	0.4893	0.2336	0.0763	0.6237	0.1868	0.0757	0.2907	0.2082	0.4441	0.5469	0.2025	0.4377	0.3827
490	4.90	0.3466	0.8852	0.5640	0.3070	0.8962	0.3658	0.2620	0.4507	0.6208	0.2508	0.4792	0.3105	0.2441	0.3880	0.6268	0.2270	0.3929	0.2958	0.2170	0.2051	0.7051	0.2444	0.1528	0.6855	0.2727	0.1561	0.7285	0.1818	0.2138	0.2246	0.2003	0.1523	0.2370	0.2268	0.1579	0.1931	0.3268	0.8907	0.4649	0.3268	0.8907	0.4649	0.2403	0.0370	0.6663	0.1900	0.0430	0.2607	0.2052	0.2961	0.6266	0.1819	0.2992	0.3020	0.0159	-0.0053	0.0382	0.0095	-0.0003	-0.0374	0.3097	1.2881	0.4785	0.2145	0.6566	0.3773	0.0076	0.0264	-0.0467	0.2297	0.6532	0.5685	0.0130	0.0335	0.0450	-0.0526	-0.0167	-0.0867	-0.0502	-0.0256	0.0756	0.1795	-0.0476	0.1559	0.0622	0.0000	0.0000	0.0000	0.0000	0.0000	0.0038	0.0514	0.0000	-0.0658	-0.0366	-0.0525	-0.0643	-0.0388	0.0422	0.2074	-0.0348	-0.1334	0.0654	0.0000	0.0000	0.0000	0.0000	0.0000	0.0060	0.0512	0.0000	0.1985	1.3345	0.4748	0.3468	0.8851	0.5653	0.3067	0.8963	0.3645	0.3086	1.2895	0.5305	0.3109	1.2866	0.4265	0.2316	0.8290	0.4162	0.2562	0.8222	0.5395	0.1875	0.4573	0.6596	0.1856	0.4624	0.2786	0.1985	0.0616	0.6980	0.1411	0.0795	0.2287	0.1978	0.4507	0.6033	0.1940	0.4500	0.3307	0.2161	0.0690	0.6609	0.1640	0.0776	0.2597	0.1627	0.0364	0.6396	0.1127	0.0482	0.2657	0.3384	0.0377	0.7000	0.2877	0.0363	0.2543	0.1791	0.9565	0.4894	0.2336	0.0763	0.6237	0.1868	0.0757	0.2908	0.2082	0.4442	0.5470	0.2025	0.4376	0.3828
491	4.91	0.3465	0.8852	0.5641	0.3068	0.8962	0.3658	0.2620	0.4507	0.6208	0.2508	0.4792	0.3106	0.2441	0.3881	0.6269	0.2269	0.3929	0.2958	0.2170	0.2051	0.7052	0.2444	0.1528	0.6856	0.2727	0.1561	0.7285	0.1817	0.2138	0.2246	0.2003	0.1524	0.2370	0.2268	0.1579	0.1931	0.3266	0.8907	0.4649	0.3266	0.8907	0.4649	0.2403	0.0370	0.6663	0.1900	0.0430	0.2607	0.2052	0.2962	0.6266	0.1818	0.2992	0.3020	0.0159	-0.0053	0.0382	0.0095	-0.0003	-0.0374	0.3095	1.2881	0.4786	0.2144	0.6566	0.3773	0.0076	0.0264	-0.0467	0.2296	0.6532	0.5686	0.0130	0.0335	0.0450	-0.0526	-0.0167	-0.0867	-0.0502	-0.0256	0.0756	0.1795	-0.0476	0.1559	0.0622	0.0000	0.0000	0.0000	0.0000	0.0000	0.0038	0.0514	0.0000	-0.0659	-0.0366	-0.0525	-0.0643	-0.0388	0.0422	0.2074	-0.0348	-0.1334	0.0654	0.0000	0.0000	0.0000	0.0000	0.0000	0.0060	0.0512	0.0000	0.1983	1.3345	0.4749	0.3467	0.8851	0.5653	0.3066	0.8963	0.3646	0.3083	1.2896	0.5305	0.3106	1.2867	0.4266	0.2315	0.8291	0.4162	0.2561	0.8222	0.5396	0.1874	0.4573	0.6596	0.1855	0.4624	0.2787	0.1985	0.0616	0.6980	0.1411	0.0795	0.2287	0.1978	0.4508	0.6033	0.1940	0.4500	0.3307	0.2161	0.0690	0.6609	0.1640	0.0776	0.2597	0.1627	0.0364	0.6396	0.1127	0.0483	0.2657	0.3384	0.0378	0.7000	0.2877	0.0363	0.2543	0.1790	0.9565	0.4895	0.2336	0.0764	0.6237	0.1868	0.0758	0.2908	0.2081	0.4442	0.5470	0.2025	0.4377	0.3828
492	4.92	0.3464	0.8852	0.5642	0.3067	0.8962	0.3659	0.2619	0.4508	0.6209	0.2507	0.4792	0.3107	0.2441	0.3881	0.6269	0.2269	0.3929	0.2959	0.2170	0.2052	0.7052	0.2443	0.1529	0.6856	0.2727	0.1561	0.7285	0.1817	0.2138	0.2247	0.2003	0.1524	0.2371	0.2268	0.1580	0.1932	0.3265	0.8907	0.4650	0.3265	0.8907	0.4650	0.2403	0.0370	0.6663	0.1900	0.0430	0.2607	0.2052	0.2962	0.6267	0.1818	0.2992	0.3020	0.0159	-0.0053	0.0382	0.0095	-0.0002	-0.0374	0.3092	1.2881	0.4786	0.2143	0.6566	0.3774	0.0076	0.0265	-0.0466	0.2295	0.6532	0.5687	0.0130	0.0336	0.0450	-0.0527	-0.0167	-0.0867	-0.0501	-0.0255	0.0756	0.1795	-0.0476	0.1559	0.0622	0.0000	0.0000	0.0000	0.0000	0.0000	0.0038	0.0514	0.0000	-0.0659	-0.0366	-0.0525	-0.0642	-0.0388	0.0422	0.2073	-0.0348	-0.1335	0.0654	0.0000	0.0000	0.0000	0.0000	0.0000	0.0060	0.0512	0.0000	0.1980	1.3345	0.4750	0.3466	0.8851	0.5654	0.3064	0.8963	0.3647	0.3081	1.2896	0.5306	0.3104	1.2867	0.4266	0.2313	0.8291	0.4163	0.2560	0.8222	0.5397	0.1874	0.4574	0.6597	0.1854	0.4624	0.2787	0.1985	0.0617	0.6980	0.1411	0.0795	0.2287	0.1977	0.4508	0.6034	0.1940	0.4500	0.3308	0.2160	0.0690	0.6609	0.1640	0.0777	0.2597	0.1627	0.0365	0.6396	0.1127	0.0483	0.2657	0.3384	0.0378	0.7000	0.2877	0.0364	0.2543	0.1788	0.9566	0.4895	0.2335	0.0764	0.6238	0.1869	0.0758	0.2908	0.2081	0.4442	0.5471	0.2025	0.4376	0.3828
493	4.93	0.3463	0.8852	0.5642	0.3066	0.8962	0.3659	0.2619	0.4508	0.6209	0.2506	0.4791	0.3108	0.2441	0.3881	0.6270	0.2269	0.3929	0.2959	0.2170	0.2052	0.7052	0.2443	0.1529	0.6856	0.2727	0.1561	0.7285	0.1817	0.2138	0.2247	0.2003	0.1523	0.2371	0.2268	0.1579	0.1932	0.3264	0.8907	0.4651	0.3264	0.8907	0.4651	0.2404	0.0371	0.6663	0.1900	0.0431	0.2606	0.2051	0.2962	0.6267	0.1818	0.2992	0.3020	0.0159	-0.0053	0.0382	0.0095	-0.0003	-0.0374	0.3090	1.2881	0.4786	0.2143	0.6566	0.3774	0.0076	0.0265	-0.0466	0.2294	0.6533	0.5687	0.0130	0.0336	0.0450	-0.0527	-0.0167	-0.0867	-0.0500	-0.0255	0.0756	0.1795	-0.0476	0.1559	0.0622	0.0000	0.0000	0.0000	0.0000	0.0000	0.0038	0.0514	0.0000	-0.0659	-0.0366	-0.0525	-0.0642	-0.0388	0.0422	0.2074	-0.0348	-0.1335	0.0654	0.0000	0.0000	0.0000	0.0000	0.0000	0.0060	0.0512	0.0000	0.1977	1.3345	0.4750	0.3465	0.8851	0.5654	0.3063	0.8962	0.3647	0.3079	1.2896	0.5306	0.3101	1.2867	0.4267	0.2312	0.8291	0.4164	0.2559	0.8223	0.5397	0.1873	0.4574	0.6598	0.1854	0.4624	0.2788	0.1986	0.0617	0.6980	0.1412	0.0796	0.2287	0.1977	0.4508	0.6035	0.1940	0.4500	0.3308	0.2160	0.0690	0.6609	0.1640	0.0777	0.2597	0.1627	0.0365	0.6396	0.1127	0.0484	0.2657	0.3384	0.0378	0.7000	0.2877	0.0364	0.2543	0.1787	0.9566	0.4896	0.2335	0.0764	0.6238	0.1869	0.0758	0.2908	0.2081	0.4442	0.5472	0.2025	0.4376	0.3828
494	4.94	0.3462	0.8852	0.5642	0.3065	0.8962	0.3660	0.2619	0.4509	0.6210	0.2506	0.4791	0.3108	0.2441	0.3881	0.6270	0.2268	0.3929	0.2960	0.2170	0.2052	0.7052	0.2443	0.1529	0.6856	0.2727	0.1561	0.7285	0.1817	0.2138	0.2247	0.2003	0.1523	0.2371	0.2268	0.1580	0.1932	0.3263	0.8907	0.4651	0.3263	0.8907	0.4651	0.2404	0.0371	0.6663	0.1901	0.0431	0.2607	0.2051	0.2962	0.6268	0.1819	0.2992	0.3020	0.0159	-0.0053	0.0382	0.0095	-0.0003	-0.0374	0.3088	1.2882	0.4787	0.2142	0.6566	0.3775	0.0076	0.0265	-0.0466	0.2293	0.6533	0.5688	0.0130	0.0336	0.0450	-0.0527	-0.0167	-0.0867	-0.0500	-0.0254	0.0755	0.1795	-0.0475	0.1559	0.0622	0.0000	0.0000	0.0000	0.0000	0.0000	0.0038	0.0514	0.0000	-0.0659	-0.0366	-0.0525	-0.0642	-0.0387	0.0421	0.2074	-0.0348	-0.1334	0.0654	0.0000	0.0000	0.0000	0.0000	0.0000	0.0060	0.0512	0.0000	0.1975	1.3345	0.4751	0.3464	0.8852	0.5655	0.3062	0.8962	0.3648	0.3078	1.2896	0.5306	0.3099	1.2867	0.4267	0.2311	0.8291	0.4165	0.2558	0.8223	0.5398	0.1873	0.4574	0.6599	0.1854	0.4624	0.2788	0.1986	0.0617	0.6980	0.1413	0.0796	0.2287	0.1977	0.4508	0.6036	0.1939	0.4500	0.3308	0.2161	0.0690	0.6609	0.1641	0.0777	0.2597	0.1627	0.0365	0.6396	0.1127	0.0484	0.2657	0.3384	0.0379	0.7000	0.2877	0.0364	0.2543	0.1786	0.9567	0.4897	0.2336	0.0764	0.6237	0.1869	0.0758	0.2908	0.2081	0.4442	0.5473	0.2025	0.4376	0.3828
495	4.95	0.3460	0.8852	0.5643	0.3062	0.8961	0.3662	0.2619	0.4509	0.6211	0.2505	0.4791	0.3109	0.2440	0.3881	0.6271	0.2268	0.3929	0.2961	0.2170	0.2052	0.7053	0.2443	0.1529	0.6856	0.2727	0.1561	0.7286	0.1817	0.2138	0.2248	0.2002	0.1523	0.2371	0.2268	0.1579	0.1932	0.3261	0.8907	0.4653	0.3261	0.8907	0.4653	0.2403	0.0371	0.6663	0.1901	0.0431	0.2607	0.2051	0.2962	0.6269	0.1818	0.2992	0.3021	0.0159	-0.0053	0.0382	0.0095	-0.0002	-0.0374	0.3086	1.2882	0.4788	0.2140	0.6566	0.3777	0.0077	0.0265	-0.0466	0.2292	0.6533	0.5690	0.0130	0.0336	0.0450	-0.0527	-0.0168	-0.0867	-0.0500	-0.0255	0.0755	0.1795	-0.0475	0.1559	0.0622	0.0000	0.0000	0.0000	0.0000	0.0000	0.0038	0.0514	0.0000	-0.0659	-0.0366	-0.0525	-0.0642	-0.0387	0.0421	0.2074	-0.0348	-0.1334	0.0654	0.0000	0.0000	0.0000	0.0000	0.0000	0.0060	0.0512	0.0000	0.1973	1.3345	0.4752	0.3463	0.8852	0.5656	0.3060	0.8961	0.3649	0.3075	1.2896	0.5307	0.3097	1.2867	0.4268	0.2308	0.8290	0.4167	0.2556	0.8223	0.5400	0.1872	0.4574	0.6600	0.1853	0.4624	0.2789	0.1985	0.0616	0.6981	0.1412	0.0796	0.2287	0.1976	0.4508	0.6037	0.1939	0.4500	0.3309	0.2161	0.0690	0.6609	0.1641	0.0777	0.2598	0.1627	0.0364	0.6397	0.1127	0.0484	0.2657	0.3384	0.0379	0.7000	0.2877	0.0364	0.2543	0.1785	0.9566	0.4898	0.2336	0.0764	0.6238	0.1869	0.0758	0.2908	0.2080	0.4442	0.5474	0.2025	0.4376	0.3829
496	4.96	0.3459	0.8852	0.5644	0.3057	0.8959	0.3666	0.2618	0.4509	0.6212	0.2505	0.4791	0.3110	0.2440	0.3881	0.6272	0.2267	0.3928	0.2961	0.2170	0.2051	0.7053	0.2443	0.1529	0.6857	0.2727	0.1561	0.7286	0.1816	0.2138	0.2248	0.2002	0.1523	0.2372	0.2267	0.1579	0.1933	0.3258	0.8906	0.4655	0.3258	0.8906	0.4655	0.2403	0.0370	0.6663	0.1900	0.0431	0.2607	0.2051	0.2962	0.6269	0.1818	0.2992	0.3021	0.0159	-0.0053	0.0382	0.0095	-0.0002	-0.0374	0.3084	1.2882	0.4789	0.2138	0.6565	0.3779	0.0077	0.0265	-0.0466	0.2291	0.6533	0.5693	0.0129	0.0336	0.0450	-0.0527	-0.0168	-0.0867	-0.0500	-0.0255	0.0755	0.1795	-0.0474	0.1559	0.0622	0.0000	0.0000	0.0000	0.0000	0.0000	0.0038	0.0514	0.0000	-0.0660	-0.0366	-0.0524	-0.0642	-0.0388	0.0421	0.2074	-0.0348	-0.1334	0.0654	0.0000	0.0000	0.0000	0.0000	0.0000	0.0060	0.0512	0.0000	0.1971	1.3344	0.4753	0.3462	0.8852	0.5658	0.3055	0.8960	0.3652	0.3073	1.2896	0.5308	0.3094	1.2867	0.4269	0.2304	0.8290	0.4172	0.2554	0.8223	0.5404	0.1872	0.4574	0.6601	0.1852	0.4624	0.2789	0.1985	0.0616	0.6981	0.1411	0.0796	0.2288	0.1976	0.4508	0.6038	0.1938	0.4500	0.3309	0.2160	0.0690	0.6609	0.1640	0.0777	0.2598	0.1627	0.0364	0.6397	0.1127	0.0484	0.2657	0.3384	0.0378	0.7000	0.2877	0.0364	0.2543	0.1783	0.9566	0.4898	0.2336	0.0764	0.6238	0.1869	0.0758	0.2908	0.2080	0.4442	0.5475	0.2025	0.4376	0.3829
497	4.97	0.3458	0.8853	0.5645	0.3056	0.8959	0.3667	0.2617	0.4508	0.6213	0.2504	0.4791	0.3110	0.2439	0.3881	0.6273	0.2267	0.3928	0.2961	0.2169	0.2051	0.7054	0.2442	0.1528	0.6857	0.2726	0.1561	0.7286	0.1816	0.2138	0.2248	0.2002	0.1523	0.2372	0.2267	0.1580	0.1933	0.3257	0.8906	0.4656	0.3257	0.8906	0.4656	0.2403	0.0370	0.6663	0.1900	0.0430	0.2607	0.2050	0.2962	0.6270	0.1818	0.2991	0.3021	0.0159	-0.0052	0.0382	0.0095	-0.0002	-0.0374	0.3082	1.2882	0.4789	0.2137	0.6565	0.3780	0.0077	0.0265	-0.0465	0.2290	0.6533	0.5694	0.0129	0.0336	0.0450	-0.0527	-0.0168	-0.0867	-0.0501	-0.0255	0.0755	0.1795	-0.0474	0.1560	0.0622	0.0000	0.0000	0.0000	0.0000	0.0000	0.0038	0.0514	0.0000	-0.0659	-0.0366	-0.0525	-0.0642	-0.0388	0.0421	0.2074	-0.0348	-0.1333	0.0654	0.0000	0.0000	0.0000	0.0000	0.0000	0.0060	0.0512	0.0000	0.1968	1.3344	0.4754	0.3461	0.8852	0.5659	0.3053	0.8959	0.3653	0.3071	1.2896	0.5309	0.3092	1.2868	0.4269	0.2302	0.8289	0.4173	0.2553	0.8223	0.5406	0.1871	0.4574	0.6602	0.1852	0.4623	0.2790	0.1985	0.0616	0.6981	0.1411	0.0795	0.2288	0.1975	0.4508	0.6039	0.1939	0.4499	0.3309	0.2160	0.0690	0.6610	0.1640	0.0776	0.2598	0.1626	0.0364	0.6397	0.1127	0.0483	0.2658	0.3383	0.0378	0.7000	0.2877	0.0363	0.2543	0.1782	0.9566	0.4899	0.2335	0.0764	0.6239	0.1869	0.0757	0.2908	0.2079	0.4442	0.5476	0.2025	0.4375	0.3829
498	4.98	0.3457	0.8853	0.5645	0.3056	0.8959	0.3666	0.2617	0.4508	0.6214	0.2504	0.4791	0.3110	0.2439	0.3881	0.6274	0.2266	0.3928	0.2962	0.2169	0.2051	0.7054	0.2442	0.1528	0.6857	0.2726	0.1560	0.7286	0.1816	0.2138	0.2248	0.2002	0.1523	0.2372	0.2267	0.1580	0.1933	0.3256	0.8906	0.4656	0.3256	0.8906	0.4656	0.2403	0.0370	0.6664	0.1900	0.0430	0.2607	0.2050	0.2961	0.6271	0.1817	0.2991	0.3022	0.0159	-0.0052	0.0382	0.0095	-0.0002	-0.0374	0.3080	1.2882	0.4789	0.2137	0.6565	0.3780	0.0076	0.0265	-0.0466	0.2289	0.6533	0.5694	0.0129	0.0336	0.0450	-0.0527	-0.0167	-0.0867	-0.0501	-0.0255	0.0755	0.1794	-0.0475	0.1560	0.0622	0.0000	0.0000	0.0000	0.0000	0.0000	0.0038	0.0514	0.0000	-0.0659	-0.0365	-0.0525	-0.0643	-0.0388	0.0421	0.2075	-0.0349	-0.1333	0.0654	0.0000	0.0000	0.0000	0.0000	0.0000	0.0061	0.0512	0.0000	0.1966	1.3343	0.4755	0.3459	0.8852	0.5659	0.3053	0.8960	0.3653	0.3069	1.2896	0.5309	0.3090	1.2868	0.4270	0.2303	0.8289	0.4173	0.2552	0.8223	0.5405	0.1870	0.4574	0.6603	0.1851	0.4623	0.2790	0.1985	0.0615	0.6981	0.1411	0.0795	0.2288	0.1974	0.4508	0.6040	0.1938	0.4499	0.3310	0.2160	0.0690	0.6610	0.1640	0.0776	0.2598	0.1626	0.0363	0.6398	0.1127	0.0482	0.2658	0.3383	0.0378	0.7000	0.2877	0.0363	0.2544	0.1781	0.9565	0.4900	0.2335	0.0764	0.6239	0.1869	0.0757	0.2908	0.2079	0.4442	0.5477	0.2025	0.4374	0.3830
499	4.99	0.3455	0.8853	0.5646	0.3057	0.8960	0.3664	0.2616	0.4508	0.6215	0.2502	0.4791	0.3111	0.2437	0.3881	0.6275	0.2266	0.3928	0.2962	0.2168	0.2050	0.7055	0.2441	0.1528	0.6858	0.2725	0.1560	0.7287	0.1816	0.2138	0.2249	0.2002	0.1523	0.2372	0.2267	0.1580	0.1933	0.3256	0.8907	0.4655	0.3256	0.8907	0.4655	0.2402	0.0369	0.6664	0.1900	0.0429	0.2608	0.2049	0.2961	0.6272	0.1816	0.2991	0.3022	0.0159	-0.0053	0.0382	0.0095	-0.0002	-0.0374	0.3078	1.2882	0.4790	0.2137	0.6565	0.3779	0.0076	0.0266	-0.0466	0.2289	0.6533	0.5693	0.0130	0.0336	0.0450	-0.0527	-0.0166	-0.0867	-0.0501	-0.0256	0.0756	0.1794	-0.0476	0.1559	0.0622	0.0000	0.0000	0.0000	0.0000	0.0000	0.0038	0.0514	0.0000	-0.0659	-0.0365	-0.0525	-0.0643	-0.0388	0.0422	0.2074	-0.0348	-0.1334	0.0654	0.0000	0.0000	0.0000	0.0000	0.0000	0.0061	0.0512	0.0000	0.1964	1.3342	0.4756	0.3457	0.8853	0.5659	0.3055	0.8961	0.3652	0.3067	1.2896	0.5310	0.3088	1.2868	0.4270	0.2304	0.8289	0.4170	0.2551	0.8223	0.5403	0.1869	0.4574	0.6604	0.1850	0.4624	0.2790	0.1984	0.0615	0.6982	0.1411	0.0794	0.2288	0.1974	0.4508	0.6041	0.1937	0.4499	0.3310	0.2160	0.0690	0.6611	0.1639	0.0776	0.2599	0.1626	0.0363	0.6398	0.1127	0.0482	0.2658	0.3383	0.0378	0.7000	0.2876	0.0363	0.2544	0.1780	0.9565	0.4900	0.2335	0.0764	0.6240	0.1868	0.0757	0.2909	0.2078	0.4442	0.5478	0.2023	0.4374	0.3831
500	5.00	0.3453	0.8853	0.5647	0.3057	0.8960	0.3664	0.2615	0.4508	0.6216	0.2502	0.4791	0.3111	0.2437	0.3880	0.6276	0.2265	0.3928	0.2963	0.2167	0.2050	0.7055	0.2440	0.1528	0.6858	0.2724	0.1559	0.7287	0.1815	0.2138	0.2249	0.2001	0.1523	0.2372	0.2267	0.1580	0.1934	0.3255	0.8907	0.4656	0.3255	0.8907	0.4656	0.2402	0.0369	0.6664	0.1900	0.0429	0.2608	0.2048	0.2962	0.6272	0.1815	0.2991	0.3023	0.0160	-0.0053	0.0382	0.0095	-0.0002	-0.0374	0.3075	1.2882	0.4791	0.2136	0.6565	0.3779	0.0076	0.0265	-0.0466	0.2287	0.6533	0.5694	0.0130	0.0336	0.0450	-0.0527	-0.0165	-0.0867	-0.0501	-0.0256	0.0756	0.1793	-0.0476	0.1559	0.0622	0.0000	0.0000	0.0000	0.0000	0.0000	0.0038	0.0514	0.0000	-0.0659	-0.0364	-0.0525	-0.0643	-0.0389	0.0422	0.2074	-0.0348	-0.1334	0.0654	0.0000	0.0000	0.0000	0.0000	0.0000	0.0060	0.0512	0.0000	0.1962	1.3342	0.4756	0.3456	0.8853	0.5659	0.3054	0.8961	0.3652	0.3064	1.2895	0.5311	0.3086	1.2868	0.4271	0.2303	0.8289	0.4169	0.2550	0.8223	0.5403	0.1868	0.4574	0.6605	0.1850	0.4624	0.2791	0.1984	0.0615	0.6982	0.1410	0.0794	0.2289	0.1973	0.4508	0.6042	0.1935	0.4499	0.3311	0.2159	0.0690	0.6611	0.1639	0.0775	0.2599	0.1625	0.0362	0.6399	0.1126	0.0482	0.2658	0.3382	0.0378	0.7000	0.2876	0.0363	0.2544	0.1778	0.9565	0.4900	0.2334	0.0765	0.6240	0.1868	0.0756	0.2909	0.2077	0.4442	0.5479	0.2021	0.4374	0.3832
501	5.01	0.3452	0.8854	0.5648	0.3057	0.8960	0.3665	0.2614	0.4508	0.6217	0.2502	0.4791	0.3112	0.2436	0.3880	0.6276	0.2265	0.3929	0.2963	0.2167	0.2050	0.7056	0.2440	0.1528	0.6858	0.2724	0.1559	0.7288	0.1816	0.2138	0.2249	0.2002	0.1523	0.2372	0.2267	0.1580	0.1934	0.3254	0.8907	0.4656	0.3254	0.8907	0.4656	0.2402	0.0369	0.6665	0.1900	0.0429	0.2608	0.2048	0.2961	0.6273	0.1815	0.2991	0.3023	0.0159	-0.0052	0.0382	0.0094	-0.0003	-0.0374	0.3074	1.2882	0.4792	0.2136	0.6565	0.3779	0.0076	0.0265	-0.0466	0.2287	0.6533	0.5694	0.0130	0.0336	0.0450	-0.0526	-0.0164	-0.0868	-0.0501	-0.0256	0.0755	0.1792	-0.0478	0.1560	0.0622	0.0000	0.0000	0.0000	0.0000	0.0000	0.0038	0.0514	0.0000	-0.0659	-0.0364	-0.0526	-0.0643	-0.0389	0.0422	0.2075	-0.0348	-0.1333	0.0654	0.0000	0.0000	0.0000	0.0000	0.0000	0.0060	0.0512	0.0000	0.1960	1.3342	0.4757	0.3454	0.8853	0.5660	0.3054	0.8961	0.3652	0.3063	1.2895	0.5312	0.3085	1.2869	0.4272	0.2303	0.8289	0.4170	0.2549	0.8223	0.5403	0.1867	0.4574	0.6605	0.1850	0.4624	0.2791	0.1984	0.0615	0.6982	0.1411	0.0794	0.2289	0.1972	0.4508	0.6043	0.1935	0.4499	0.3312	0.2160	0.0690	0.6611	0.1639	0.0775	0.2599	0.1625	0.0362	0.6399	0.1127	0.0482	0.2658	0.3382	0.0378	0.7000	0.2876	0.0363	0.2544	0.1777	0.9565	0.4901	0.2335	0.0764	0.6240	0.1868	0.0756	0.2909	0.2077	0.4442	0.5480	0.2020	0.4374	0.3832
502	5.02	0.3451	0.8854	0.5648	0.3056	0.8960	0.3665	0.2614	0.4508	0.6218	0.2501	0.4792	0.3112	0.2436	0.3881	0.6277	0.2265	0.3929	0.2963	0.2167	0.2050	0.7056	0.2440	0.1528	0.6858	0.2724	0.1559	0.7288	0.1816	0.2138	0.2249	0.2002	0.1524	0.2372	0.2267	0.1580	0.1934	0.3254	0.8907	0.4657	0.3254	0.8907	0.4657	0.2402	0.0369	0.6665	0.1900	0.0429	0.2608	0.2048	0.2962	0.6273	0.1815	0.2991	0.3023	0.0159	-0.0053	0.0382	0.0094	-0.0003	-0.0374	0.3072	1.2882	0.4792	0.2135	0.6565	0.3780	0.0076	0.0265	-0.0467	0.2286	0.6533	0.5695	0.0130	0.0336	0.0450	-0.0526	-0.0163	-0.0868	-0.0501	-0.0255	0.0755	0.1792	-0.0479	0.1560	0.0622	0.0000	0.0000	0.0000	0.0000	0.0000	0.0038	0.0514	0.0000	-0.0659	-0.0363	-0.0526	-0.0642	-0.0388	0.0422	0.2074	-0.0348	-0.1335	0.0654	0.0000	0.0000	0.0000	0.0000	0.0000	0.0060	0.0512	0.0000	0.1958	1.3342	0.4757	0.3453	0.8853	0.5661	0.3054	0.8961	0.3653	0.3061	1.2895	0.5312	0.3083	1.2869	0.4273	0.2302	0.8289	0.4170	0.2548	0.8223	0.5404	0.1867	0.4574	0.6606	0.1849	0.4624	0.2791	0.1985	0.0615	0.6983	0.1412	0.0795	0.2288	0.1972	0.4508	0.6043	0.1935	0.4499	0.3312	0.2160	0.0690	0.6612	0.1640	0.0776	0.2598	0.1626	0.0362	0.6399	0.1127	0.0482	0.2658	0.3382	0.0379	0.7000	0.2877	0.0363	0.2544	0.1776	0.9565	0.4901	0.2335	0.0764	0.6240	0.1868	0.0757	0.2909	0.2077	0.4443	0.5480	0.2020	0.4374	0.3832
503	5.03	0.3449	0.8854	0.5649	0.3055	0.8960	0.3666	0.2613	0.4509	0.6219	0.2501	0.4791	0.3112	0.2435	0.3881	0.6277	0.2264	0.3929	0.2964	0.2166	0.2050	0.7057	0.2440	0.1528	0.6859	0.2723	0.1559	0.7288	0.1815	0.2138	0.2249	0.2002	0.1524	0.2372	0.2267	0.1580	0.1934	0.3252	0.8907	0.4658	0.3252	0.8907	0.4658	0.2402	0.0370	0.6665	0.1900	0.0430	0.2607	0.2047	0.2962	0.6274	0.1815	0.2991	0.3023	0.0159	-0.0053	0.0382	0.0095	-0.0002	-0.0374	0.3070	1.2882	0.4793	0.2134	0.6565	0.3780	0.0076	0.0265	-0.0466	0.2284	0.6533	0.5695	0.0130	0.0336	0.0450	-0.0526	-0.0163	-0.0868	-0.0501	-0.0256	0.0756	0.1792	-0.0480	0.1560	0.0621	0.0000	0.0000	0.0000	0.0000	0.0000	0.0038	0.0514	0.0000	-0.0659	-0.0362	-0.0526	-0.0642	-0.0388	0.0422	0.2074	-0.0348	-0.1334	0.0654	0.0000	0.0000	0.0000	0.0000	0.0000	0.0060	0.0512	0.0000	0.1956	1.3342	0.4758	0.3452	0.8853	0.5662	0.3052	0.8961	0.3654	0.3059	1.2895	0.5313	0.3081	1.2869	0.4273	0.2301	0.8290	0.4171	0.2546	0.8224	0.5404	0.1866	0.4574	0.6607	0.1849	0.4624	0.2791	0.1985	0.0615	0.6983	0.1411	0.0795	0.2288	0.1971	0.4508	0.6044	0.1934	0.4499	0.3312	0.2160	0.0690	0.6612	0.1640	0.0776	0.2598	0.1625	0.0362	0.6399	0.1127	0.0482	0.2658	0.3382	0.0379	0.7000	0.2877	0.0363	0.2544	0.1775	0.9566	0.4901	0.2334	0.0765	0.6240	0.1868	0.0757	0.2909	0.2076	0.4442	0.5481	0.2019	0.4375	0.3832
504	5.04	0.3448	0.8854	0.5650	0.3054	0.8960	0.3667	0.2612	0.4511	0.6220	0.2500	0.4791	0.3113	0.2435	0.3882	0.6278	0.2264	0.3928	0.2964	0.2166	0.2050	0.7057	0.2440	0.1529	0.6859	0.2723	0.1559	0.7288	0.1815	0.2138	0.2249	0.2001	0.1524	0.2372	0.2267	0.1580	0.1934	0.3251	0.8907	0.4658	0.3251	0.8907	0.4658	0.2402	0.0370	0.6665	0.1900	0.0430	0.2607	0.2047	0.2962	0.6274	0.1815	0.2992	0.3023	0.0159	-0.0053	0.0382	0.0095	-0.0002	-0.0374	0.3069	1.2882	0.4794	0.2133	0.6565	0.3780	0.0076	0.0266	-0.0466	0.2283	0.6533	0.5696	0.0130	0.0336	0.0450	-0.0526	-0.0163	-0.0868	-0.0501	-0.0255	0.0755	0.1792	-0.0481	0.1560	0.0621	0.0000	0.0000	0.0000	0.0000	0.0000	0.0038	0.0514	0.0000	-0.0659	-0.0362	-0.0527	-0.0642	-0.0388	0.0421	0.2074	-0.0348	-0.1334	0.0654	0.0000	0.0000	0.0000	0.0000	0.0000	0.0060	0.0512	0.0000	0.1955	1.3343	0.4759	0.3450	0.8853	0.5662	0.3052	0.8960	0.3654	0.3058	1.2896	0.5313	0.3079	1.2869	0.4274	0.2299	0.8290	0.4171	0.2544	0.8224	0.5405	0.1866	0.4575	0.6607	0.1849	0.4624	0.2792	0.1985	0.0615	0.6983	0.1411	0.0795	0.2288	0.1970	0.4508	0.6044	0.1934	0.4500	0.3312	0.2160	0.0690	0.6612	0.1640	0.0776	0.2598	0.1626	0.0363	0.6399	0.1127	0.0483	0.2657	0.3382	0.0379	0.7000	0.2877	0.0364	0.2544	0.1774	0.9567	0.4901	0.2335	0.0765	0.6241	0.1869	0.0757	0.2908	0.2075	0.4442	0.5482	0.2020	0.4375	0.3832
505	5.05	0.3447	0.8854	0.5651	0.3054	0.8960	0.3667	0.2612	0.4512	0.6220	0.2500	0.4791	0.3113	0.2435	0.3883	0.6278	0.2264	0.3929	0.2964	0.2166	0.2051	0.7057	0.2440	0.1529	0.6859	0.2723	0.1560	0.7289	0.1815	0.2138	0.2249	0.2001	0.1524	0.2372	0.2267	0.1581	0.1934	0.3250	0.8907	0.4659	0.3250	0.8907	0.4659	0.2402	0.0371	0.6664	0.1900	0.0431	0.2607	0.2047	0.2962	0.6275	0.1815	0.2992	0.3023	0.0159	-0.0053	0.0382	0.0095	-0.0002	-0.0374	0.3067	1.2883	0.4794	0.2133	0.6565	0.3781	0.0077	0.0266	-0.0466	0.2282	0.6534	0.5697	0.0129	0.0336	0.0450	-0.0526	-0.0162	-0.0869	-0.0500	-0.0255	0.0755	0.1791	-0.0481	0.1561	0.0621	0.0000	0.0000	0.0000	0.0000	0.0000	0.0038	0.0514	0.0000	-0.0659	-0.0362	-0.0528	-0.0642	-0.0388	0.0421	0.2075	-0.0347	-0.1333	0.0654	0.0000	0.0000	0.0000	0.0000	0.0000	0.0060	0.0512	0.0000	0.1953	1.3343	0.4759	0.3449	0.8854	0.5663	0.3051	0.8960	0.3655	0.3056	1.2896	0.5313	0.3078	1.2869	0.4275	0.2299	0.8290	0.4172	0.2543	0.8224	0.5406	0.1865	0.4575	0.6608	0.1849	0.4624	0.2792	0.1985	0.0616	0.6983	0.1412	0.0796	0.2287	0.1970	0.4509	0.6045	0.1934	0.4500	0.3312	0.2160	0.0690	0.6612	0.1640	0.0777	0.2598	0.1626	0.0363	0.6399	0.1127	0.0484	0.2657	0.3382	0.0380	0.6999	0.2877	0.0364	0.2544	0.1773	0.9567	0.4901	0.2335	0.0765	0.6241	0.1869	0.0758	0.2908	0.2075	0.4442	0.5482	0.2020	0.4376	0.3832
506	5.06	0.3446	0.8855	0.5651	0.3053	0.8960	0.3668	0.2611	0.4512	0.6220	0.2500	0.4791	0.3113	0.2434	0.3883	0.6278	0.2263	0.3929	0.2964	0.2166	0.2051	0.7057	0.2440	0.1530	0.6859	0.2723	0.1560	0.7289	0.1815	0.2138	0.2249	0.2001	0.1524	0.2372	0.2267	0.1581	0.1934	0.3249	0.8907	0.4660	0.3249	0.8907	0.4660	0.2402	0.0371	0.6664	0.1900	0.0431	0.2606	0.2046	0.2962	0.6275	0.1815	0.2992	0.3023	0.0159	-0.0053	0.0382	0.0095	-0.0002	-0.0374	0.3066	1.2883	0.4794	0.2132	0.6565	0.3781	0.0077	0.0265	-0.0466	0.2281	0.6534	0.5697	0.0129	0.0336	0.0450	-0.0526	-0.0162	-0.0869	-0.0501	-0.0255	0.0754	0.1791	-0.0481	0.1561	0.0621	0.0000	0.0000	0.0000	0.0000	0.0000	0.0038	0.0514	0.0000	-0.0659	-0.0362	-0.0528	-0.0642	-0.0388	0.0420	0.2075	-0.0347	-0.1332	0.0654	0.0000	0.0000	0.0000	0.0000	0.0000	0.0061	0.0512	0.0000	0.1951	1.3343	0.4759	0.3448	0.8854	0.5664	0.3051	0.8960	0.3656	0.3055	1.2896	0.5314	0.3076	1.2870	0.4275	0.2298	0.8290	0.4172	0.2542	0.8225	0.5406	0.1864	0.4575	0.6608	0.1848	0.4623	0.2792	0.1984	0.0616	0.6983	0.1412	0.0796	0.2287	0.1969	0.4509	0.6045	0.1934	0.4500	0.3312	0.2159	0.0690	0.6612	0.1640	0.0777	0.2597	0.1626	0.0363	0.6399	0.1127	0.0484	0.2656	0.3382	0.0380	0.6999	0.2877	0.0364	0.2543	0.1772	0.9567	0.4901	0.2335	0.0765	0.6241	0.1869	0.0758	0.2908	0.2074	0.4442	0.5482	0.2020	0.4376	0.3832
507	5.07	0.3444	0.8855	0.5652	0.3052	0.8959	0.3669	0.2609	0.4512	0.6221	0.2500	0.4791	0.3113	0.2433	0.3883	0.6279	0.2263	0.3928	0.2964	0.2165	0.2051	0.7057	0.2439	0.1530	0.6859	0.2722	0.1560	0.7289	0.1815	0.2138	0.2249	0.2001	0.1524	0.2372	0.2267	0.1581	0.1934	0.3248	0.8907	0.4661	0.3248	0.8907	0.4661	0.2402	0.0371	0.6665	0.1900	0.0431	0.2607	0.2045	0.2962	0.6275	0.1815	0.2992	0.3023	0.0159	-0.0053	0.0382	0.0095	-0.0002	-0.0374	0.3064	1.2883	0.4795	0.2132	0.6565	0.3781	0.0077	0.0266	-0.0466	0.2280	0.6534	0.5697	0.0129	0.0336	0.0450	-0.0527	-0.0163	-0.0868	-0.0501	-0.0255	0.0754	0.1792	-0.0480	0.1560	0.0621	0.0000	0.0000	0.0000	0.0000	0.0000	0.0038	0.0514	0.0000	-0.0660	-0.0362	-0.0527	-0.0642	-0.0388	0.0420	0.2075	-0.0348	-0.1332	0.0654	0.0000	0.0000	0.0000	0.0000	0.0000	0.0061	0.0512	0.0000	0.1950	1.3342	0.4760	0.3446	0.8854	0.5665	0.3050	0.8960	0.3656	0.3053	1.2896	0.5315	0.3075	1.2870	0.4276	0.2297	0.8290	0.4173	0.2541	0.8225	0.5407	0.1863	0.4575	0.6608	0.1848	0.4624	0.2792	0.1984	0.0615	0.6983	0.1411	0.0796	0.2287	0.1968	0.4508	0.6045	0.1933	0.4500	0.3312	0.2159	0.0690	0.6612	0.1640	0.0777	0.2598	0.1625	0.0363	0.6399	0.1127	0.0483	0.2656	0.3382	0.0380	0.7000	0.2877	0.0364	0.2544	0.1771	0.9567	0.4901	0.2335	0.0765	0.6241	0.1869	0.0758	0.2908	0.2073	0.4442	0.5482	0.2019	0.4376	0.3832
508	5.08	0.3442	0.8855	0.5654	0.3052	0.8959	0.3670	0.2608	0.4511	0.6222	0.2499	0.4791	0.3114	0.2432	0.3882	0.6280	0.2262	0.3928	0.2965	0.2164	0.2050	0.7058	0.2438	0.1529	0.6860	0.2721	0.1560	0.7290	0.1815	0.2138	0.2249	0.2001	0.1523	0.2372	0.2267	0.1580	0.1934	0.3247	0.8907	0.4662	0.3247	0.8907	0.4662	0.2401	0.0370	0.6665	0.1900	0.0430	0.2607	0.2045	0.2962	0.6275	0.1814	0.2991	0.3023	0.0159	-0.0053	0.0383	0.0095	-0.0002	-0.0374	0.3062	1.2882	0.4796	0.2131	0.6565	0.3782	0.0076	0.0266	-0.0466	0.2279	0.6533	0.5698	0.0130	0.0336	0.0450	-0.0527	-0.0163	-0.0868	-0.0501	-0.0256	0.0755	0.1792	-0.0479	0.1560	0.0621	0.0000	0.0000	0.0000	0.0000	0.0000	0.0038	0.0514	0.0000	-0.0660	-0.0362	-0.0526	-0.0642	-0.0388	0.0421	0.2075	-0.0348	-0.1333	0.0654	0.0000	0.0000	0.0000	0.0000	0.0000	0.0060	0.0512	0.0000	0.1948	1.3341	0.4760	0.3444	0.8854	0.5666	0.3049	0.8960	0.3657	0.3050	1.2895	0.5316	0.3073	1.2870	0.4277	0.2296	0.8289	0.4173	0.2539	0.8224	0.5408	0.1861	0.4574	0.6608	0.1848	0.4624	0.2792	0.1984	0.0614	0.6983	0.1411	0.0795	0.2287	0.1967	0.4508	0.6045	0.1933	0.4499	0.3313	0.2160	0.0690	0.6612	0.1639	0.0776	0.2598	0.1625	0.0362	0.6399	0.1126	0.0482	0.2657	0.3381	0.0379	0.7000	0.2876	0.0363	0.2544	0.1770	0.9566	0.4902	0.2336	0.0765	0.6240	0.1868	0.0757	0.2908	0.2072	0.4442	0.5483	0.2018	0.4375	0.3833
509	5.09	0.3441	0.8855	0.5655	0.3051	0.8959	0.3671	0.2606	0.4510	0.6223	0.2499	0.4791	0.3114	0.2430	0.3881	0.6280	0.2262	0.3928	0.2965	0.2163	0.2049	0.7058	0.2437	0.1528	0.6860	0.2720	0.1559	0.7290	0.1815	0.2138	0.2250	0.2001	0.1523	0.2373	0.2267	0.1580	0.1935	0.3246	0.8907	0.4663	0.3246	0.8907	0.4663	0.2401	0.0369	0.6665	0.1900	0.0429	0.2607	0.2044	0.2961	0.6275	0.1813	0.2991	0.3023	0.0160	-0.0053	0.0383	0.0095	-0.0002	-0.0374	0.3060	1.2882	0.4797	0.2130	0.6564	0.3782	0.0076	0.0265	-0.0467	0.2278	0.6533	0.5698	0.0130	0.0336	0.0450	-0.0527	-0.0162	-0.0868	-0.0501	-0.0257	0.0756	0.1792	-0.0479	0.1559	0.0621	0.0000	0.0000	0.0000	0.0000	0.0000	0.0038	0.0514	0.0000	-0.0660	-0.0362	-0.0525	-0.0642	-0.0389	0.0422	0.2074	-0.0348	-0.1333	0.0654	0.0000	0.0000	0.0000	0.0000	0.0000	0.0060	0.0512	0.0000	0.1946	1.3341	0.4760	0.3443	0.8854	0.5667	0.3049	0.8960	0.3658	0.3048	1.2894	0.5317	0.3072	1.2870	0.4277	0.2296	0.8289	0.4174	0.2538	0.8224	0.5408	0.1860	0.4573	0.6608	0.1848	0.4624	0.2792	0.1983	0.0614	0.6983	0.1410	0.0794	0.2287	0.1966	0.4508	0.6045	0.1932	0.4499	0.3313	0.2160	0.0689	0.6612	0.1639	0.0775	0.2598	0.1625	0.0362	0.6399	0.1126	0.0481	0.2656	0.3381	0.0379	0.7000	0.2876	0.0363	0.2544	0.1769	0.9565	0.4902	0.2336	0.0765	0.6240	0.1867	0.0756	0.2909	0.2072	0.4442	0.5483	0.2016	0.4374	0.3833
510	5.10	0.3440	0.8855	0.5656	0.3051	0.8959	0.3671	0.2606	0.4510	0.6223	0.2499	0.4791	0.3114	0.2430	0.3880	0.6281	0.2262	0.3928	0.2965	0.2162	0.2049	0.7058	0.2437	0.1528	0.6860	0.2719	0.1559	0.7291	0.1816	0.2138	0.2249	0.2002	0.1523	0.2373	0.2268	0.1580	0.1935	0.3245	0.8907	0.4663	0.3245	0.8907	0.4663	0.2401	0.0369	0.6665	0.1900	0.0429	0.2607	0.2044	0.2961	0.6275	0.1813	0.2990	0.3024	0.0160	-0.0053	0.0383	0.0095	-0.0002	-0.0374	0.3059	1.2882	0.4797	0.2130	0.6564	0.3782	0.0076	0.0265	-0.0467	0.2277	0.6533	0.5698	0.0131	0.0336	0.0450	-0.0527	-0.0162	-0.0868	-0.0502	-0.0257	0.0756	0.1792	-0.0479	0.1559	0.0621	0.0000	0.0000	0.0000	0.0000	0.0000	0.0038	0.0515	0.0000	-0.0659	-0.0362	-0.0525	-0.0643	-0.0389	0.0422	0.2075	-0.0348	-0.1333	0.0654	0.0000	0.0000	0.0000	0.0000	0.0000	0.0060	0.0512	0.0000	0.1945	1.3340	0.4761	0.3442	0.8854	0.5668	0.3049	0.8960	0.3659	0.3047	1.2894	0.5317	0.3071	1.2870	0.4278	0.2296	0.8288	0.4174	0.2538	0.8224	0.5409	0.1858	0.4572	0.6608	0.1848	0.4624	0.2793	0.1983	0.0613	0.6983	0.1410	0.0794	0.2288	0.1965	0.4507	0.6046	0.1931	0.4498	0.3313	0.2159	0.0689	0.6612	0.1638	0.0775	0.2598	0.1625	0.0361	0.6400	0.1126	0.0481	0.2657	0.3381	0.0379	0.7001	0.2876	0.0363	0.2544	0.1767	0.9565	0.4902	0.2336	0.0765	0.6241	0.1867	0.0756	0.2908	0.2072	0.4442	0.5483	0.2015	0.4373	0.3834
511	5.11	0.3438	0.8855	0.5657	0.3051	0.8959	0.3672	0.2605	0.4509	0.6223	0.2499	0.4791	0.3115	0.2429	0.3880	0.6281	0.2262	0.3928	0.2966	0.2161	0.2049	0.7058	0.2436	0.1528	0.6860	0.2718	0.1558	0.7291	0.1815	0.2138	0.2249	0.2001	0.1523	0.2373	0.2268	0.1581	0.1935	0.3244	0.8907	0.4664	0.3244	0.8907	0.4664	0.2401	0.0369	0.6665	0.1900	0.0429	0.2607	0.2044	0.2961	0.6275	0.1813	0.2990	0.3024	0.0160	-0.0053	0.0383	0.0095	-0.0002	-0.0374	0.3058	1.2882	0.4798	0.2130	0.6564	0.3783	0.0076	0.0265	-0.0467	0.2276	0.6533	0.5699	0.0131	0.0336	0.0450	-0.0526	-0.0161	-0.0868	-0.0502	-0.0257	0.0756	0.1791	-0.0481	0.1559	0.0621	0.0000	0.0000	0.0000	0.0000	0.0000	0.0038	0.0515	0.0000	-0.0659	-0.0361	-0.0526	-0.0643	-0.0389	0.0422	0.2074	-0.0348	-0.1333	0.0654	0.0000	0.0000	0.0000	0.0000	0.0000	0.0060	0.0512	0.0000	0.1944	1.3340	0.4761	0.3440	0.8855	0.5669	0.3048	0.8960	0.3660	0.3045	1.2894	0.5318	0.3070	1.2870	0.4278	0.2295	0.8289	0.4175	0.2536	0.8224	0.5409	0.1857	0.4572	0.6609	0.1847	0.4624	0.2793	0.1983	0.0614	0.6984	0.1410	0.0794	0.2288	0.1965	0.4507	0.6046	0.1931	0.4498	0.3313	0.2160	0.0690	0.6612	0.1638	0.0775	0.2598	0.1625	0.0361	0.6400	0.1126	0.0481	0.2657	0.3381	0.0379	0.7001	0.2876	0.0363	0.2545	0.1767	0.9565	0.4902	0.2336	0.0765	0.6240	0.1867	0.0756	0.2909	0.2072	0.4442	0.5483	0.2015	0.4373	0.3834
512	5.12	0.3436	0.8856	0.5658	0.3050	0.8959	0.3673	0.2605	0.4509	0.6223	0.2499	0.4791	0.3115	0.2428	0.3881	0.6281	0.2262	0.3928	0.2966	0.2161	0.2049	0.7058	0.2436	0.1529	0.6860	0.2717	0.1559	0.7291	0.1815	0.2138	0.2249	0.2001	0.1524	0.2373	0.2267	0.1581	0.1935	0.3243	0.8907	0.4665	0.3243	0.8907	0.4665	0.2401	0.0369	0.6665	0.1900	0.0429	0.2607	0.2043	0.2962	0.6275	0.1813	0.2991	0.3023	0.0160	-0.0053	0.0383	0.0095	-0.0002	-0.0374	0.3056	1.2882	0.4799	0.2129	0.6564	0.3783	0.0076	0.0265	-0.0467	0.2275	0.6533	0.5699	0.0130	0.0337	0.0450	-0.0526	-0.0159	-0.0868	-0.0501	-0.0257	0.0756	0.1790	-0.0483	0.1559	0.0621	0.0000	0.0000	0.0000	0.0000	0.0000	0.0038	0.0514	0.0000	-0.0659	-0.0360	-0.0526	-0.0642	-0.0389	0.0422	0.2074	-0.0348	-0.1334	0.0654	0.0000	0.0000	0.0000	0.0000	0.0000	0.0060	0.0512	0.0000	0.1942	1.3341	0.4761	0.3439	0.8855	0.5670	0.3048	0.8960	0.3660	0.3043	1.2894	0.5319	0.3069	1.2871	0.4279	0.2294	0.8289	0.4175	0.2534	0.8225	0.5410	0.1856	0.4573	0.6609	0.1847	0.4623	0.2793	0.1983	0.0614	0.6984	0.1410	0.0794	0.2287	0.1964	0.4508	0.6046	0.1931	0.4499	0.3313	0.2160	0.0690	0.6612	0.1639	0.0775	0.2598	0.1625	0.0361	0.6399	0.1126	0.0481	0.2656	0.3381	0.0379	0.7001	0.2876	0.0363	0.2544	0.1766	0.9565	0.4902	0.2336	0.0766	0.6240	0.1867	0.0756	0.2908	0.2071	0.4442	0.5483	0.2015	0.4374	0.3834
513	5.13	0.3435	0.8856	0.5658	0.3050	0.8959	0.3673	0.2605	0.4510	0.6223	0.2499	0.4791	0.3115	0.2428	0.3882	0.6281	0.2262	0.3928	0.2966	0.2160	0.2049	0.7058	0.2436	0.1529	0.6860	0.2717	0.1559	0.7292	0.1815	0.2138	0.2249	0.2001	0.1524	0.2373	0.2268	0.1581	0.1935	0.3243	0.8907	0.4666	0.3243	0.8907	0.4666	0.2401	0.0369	0.6664	0.1900	0.0430	0.2606	0.2043	0.2962	0.6275	0.1813	0.2991	0.3023	0.0160	-0.0053	0.0383	0.0095	-0.0002	-0.0374	0.3055	1.2883	0.4799	0.2129	0.6564	0.3783	0.0076	0.0265	-0.0466	0.2274	0.6534	0.5700	0.0130	0.0337	0.0449	-0.0525	-0.0158	-0.0869	-0.0501	-0.0256	0.0756	0.1789	-0.0486	0.1560	0.0621	0.0000	0.0000	0.0000	0.0000	0.0000	0.0038	0.0515	0.0000	-0.0659	-0.0358	-0.0528	-0.0642	-0.0388	0.0422	0.2075	-0.0348	-0.1333	0.0654	0.0000	0.0000	0.0000	0.0000	0.0000	0.0060	0.0512	0.0000	0.1941	1.3341	0.4761	0.3438	0.8855	0.5671	0.3047	0.8960	0.3661	0.3042	1.2894	0.5319	0.3068	1.2871	0.4280	0.2294	0.8289	0.4176	0.2533	0.8225	0.5410	0.1856	0.4574	0.6608	0.1848	0.4623	0.2793	0.1983	0.0615	0.6983	0.1411	0.0795	0.2287	0.1963	0.4508	0.6046	0.1932	0.4499	0.3313	0.2160	0.0690	0.6612	0.1639	0.0776	0.2597	0.1626	0.0361	0.6398	0.1126	0.0482	0.2656	0.3381	0.0380	0.7000	0.2876	0.0364	0.2544	0.1764	0.9566	0.4901	0.2337	0.0766	0.6240	0.1867	0.0757	0.2908	0.2071	0.4442	0.5484	0.2016	0.4374	0.3834
514	5.14	0.3434	0.8856	0.5659	0.3050	0.8959	0.3674	0.2605	0.4511	0.6223	0.2499	0.4791	0.3115	0.2429	0.3883	0.6281	0.2262	0.3928	0.2966	0.2160	0.2050	0.7058	0.2436	0.1530	0.6860	0.2717	0.1559	0.7292	0.1816	0.2138	0.2249	0.2001	0.1524	0.2373	0.2268	0.1581	0.1935	0.3242	0.8908	0.4666	0.3242	0.8908	0.4666	0.2402	0.0369	0.6664	0.1900	0.0430	0.2606	0.2043	0.2962	0.6276	0.1814	0.2991	0.3023	0.0160	-0.0053	0.0383	0.0095	-0.0002	-0.0374	0.3055	1.2883	0.4800	0.2129	0.6565	0.3783	0.0077	0.0265	-0.0466	0.2273	0.6534	0.5700	0.0130	0.0336	0.0450	-0.0525	-0.0156	-0.0870	-0.0501	-0.0255	0.0755	0.1788	-0.0488	0.1561	0.0621	0.0000	0.0000	0.0000	0.0000	0.0000	0.0038	0.0515	0.0000	-0.0659	-0.0358	-0.0529	-0.0642	-0.0388	0.0421	0.2075	-0.0349	-0.1333	0.0654	0.0000	0.0000	0.0000	0.0000	0.0000	0.0061	0.0512	0.0000	0.1940	1.3342	0.4762	0.3437	0.8856	0.5671	0.3047	0.8960	0.3661	0.3042	1.2894	0.5320	0.3068	1.2871	0.4281	0.2293	0.8289	0.4176	0.2532	0.8225	0.5411	0.1856	0.4574	0.6609	0.1848	0.4623	0.2793	0.1983	0.0615	0.6984	0.1412	0.0795	0.2286	0.1963	0.4508	0.6046	0.1932	0.4499	0.3313	0.2161	0.0691	0.6612	0.1640	0.0776	0.2597	0.1626	0.0360	0.6397	0.1126	0.0483	0.2656	0.3381	0.0381	0.7001	0.2877	0.0364	0.2544	0.1764	0.9567	0.4902	0.2338	0.0767	0.6241	0.1868	0.0758	0.2908	0.2071	0.4442	0.5484	0.2016	0.4375	0.3834
515	5.15	0.3433	0.8856	0.5660	0.3049	0.8959	0.3674	0.2604	0.4511	0.6224	0.2499	0.4791	0.3116	0.2428	0.3883	0.6282	0.2261	0.3928	0.2966	0.2160	0.2050	0.7059	0.2436	0.1530	0.6860	0.2716	0.1559	0.7293	0.1815	0.2138	0.2249	0.2001	0.1524	0.2373	0.2268	0.1581	0.1935	0.3241	0.8908	0.4667	0.3241	0.8908	0.4667	0.2402	0.0370	0.6664	0.1900	0.0431	0.2606	0.2043	0.2962	0.6276	0.1814	0.2992	0.3023	0.0160	-0.0053	0.0383	0.0095	-0.0002	-0.0374	0.3053	1.2883	0.4801	0.2128	0.6565	0.3784	0.0077	0.0265	-0.0466	0.2272	0.6534	0.5700	0.0130	0.0336	0.0450	-0.0525	-0.0155	-0.0870	-0.0500	-0.0255	0.0755	0.1788	-0.0489	0.1561	0.0621	0.0000	0.0000	0.0000	0.0000	0.0000	0.0038	0.0514	0.0000	-0.0659	-0.0357	-0.0529	-0.0642	-0.0388	0.0421	0.2074	-0.0348	-0.1333	0.0654	0.0000	0.0000	0.0000	0.0000	0.0000	0.0060	0.0512	0.0000	0.1939	1.3342	0.4762	0.3435	0.8856	0.5672	0.3046	0.8960	0.3662	0.3040	1.2894	0.5321	0.3067	1.2871	0.4282	0.2292	0.8290	0.4176	0.2531	0.8226	0.5411	0.1855	0.4574	0.6609	0.1847	0.4623	0.2793	0.1984	0.0615	0.6984	0.1412	0.0796	0.2286	0.1963	0.4508	0.6047	0.1932	0.4499	0.3313	0.2160	0.0691	0.6613	0.1640	0.0777	0.2597	0.1626	0.0361	0.6398	0.1126	0.0483	0.2655	0.3381	0.0381	0.7001	0.2877	0.0364	0.2544	0.1763	0.9567	0.4901	0.2337	0.0767	0.6242	0.1868	0.0758	0.2908	0.2070	0.4442	0.5484	0.2016	0.4375	0.3834
516	5.16	0.3431	0.8856	0.5660	0.3048	0.8959	0.3675	0.2603	0.4511	0.6224	0.2499	0.4791	0.3116	0.2427	0.3883	0.6282	0.2261	0.3928	0.2967	0.2159	0.2049	0.7059	0.2435	0.1530	0.6861	0.2715	0.1559	0.7293	0.1815	0.2138	0.2249	0.2001	0.1523	0.2373	0.2268	0.1580	0.1935	0.3240	0.8907	0.4668	0.3240	0.8907	0.4668	0.2402	0.0369	0.6663	0.1899	0.0431	0.2606	0.2042	0.2962	0.6276	0.1813	0.2991	0.3023	0.0160	-0.0053	0.0383	0.0095	-0.0002	-0.0374	0.3052	1.2882	0.4802	0.2127	0.6565	0.3784	0.0077	0.0265	-0.0466	0.2271	0.6534	0.5701	0.0130	0.0336	0.0450	-0.0525	-0.0154	-0.0870	-0.0500	-0.0255	0.0755	0.1787	-0.0490	0.1561	0.0621	0.0000	0.0000	0.0000	0.0000	0.0000	0.0038	0.0515	0.0000	-0.0659	-0.0356	-0.0530	-0.0641	-0.0388	0.0421	0.2074	-0.0348	-0.1333	0.0654	0.0000	0.0000	0.0000	0.0000	0.0000	0.0060	0.0512	0.0000	0.1937	1.3342	0.4762	0.3434	0.8855	0.5673	0.3046	0.8959	0.3663	0.3039	1.2894	0.5321	0.3066	1.2871	0.4283	0.2291	0.8289	0.4177	0.2529	0.8225	0.5412	0.1854	0.4574	0.6609	0.1847	0.4623	0.2793	0.1983	0.0615	0.6984	0.1411	0.0796	0.2286	0.1962	0.4508	0.6047	0.1931	0.4499	0.3313	0.2160	0.0691	0.6613	0.1639	0.0777	0.2597	0.1626	0.0359	0.6396	0.1126	0.0483	0.2655	0.3380	0.0381	0.7001	0.2876	0.0364	0.2544	0.1761	0.9567	0.4901	0.2337	0.0767	0.6242	0.1868	0.0757	0.2908	0.2070	0.4442	0.5484	0.2015	0.4375	0.3834
517	5.17	0.3430	0.8856	0.5661	0.3048	0.8959	0.3676	0.2602	0.4511	0.6225	0.2499	0.4791	0.3116	0.2426	0.3883	0.6283	0.2261	0.3928	0.2967	0.2158	0.2049	0.7059	0.2435	0.1530	0.6861	0.2714	0.1558	0.7294	0.1816	0.2138	0.2249	0.2001	0.1523	0.2373	0.2268	0.1580	0.1935	0.3239	0.8907	0.4668	0.3239	0.8907	0.4668	0.2402	0.0368	0.6664	0.1900	0.0430	0.2606	0.2042	0.2962	0.6277	0.1813	0.2991	0.3023	0.0160	-0.0053	0.0383	0.0095	-0.0002	-0.0374	0.3051	1.2882	0.4803	0.2127	0.6564	0.3784	0.0076	0.0265	-0.0466	0.2271	0.6534	0.5701	0.0130	0.0336	0.0450	-0.0525	-0.0154	-0.0871	-0.0500	-0.0255	0.0755	0.1787	-0.0491	0.1561	0.0621	0.0000	0.0000	0.0000	0.0000	0.0000	0.0038	0.0515	0.0000	-0.0658	-0.0355	-0.0530	-0.0642	-0.0388	0.0421	0.2074	-0.0349	-0.1333	0.0654	0.0000	0.0000	0.0000	0.0000	0.0000	0.0060	0.0512	0.0000	0.1937	1.3342	0.4763	0.3433	0.8855	0.5673	0.3045	0.8959	0.3663	0.3038	1.2893	0.5322	0.3065	1.2871	0.4283	0.2291	0.8289	0.4177	0.2529	0.8225	0.5412	0.1853	0.4573	0.6609	0.1847	0.4624	0.2793	0.1983	0.0614	0.6985	0.1411	0.0795	0.2286	0.1961	0.4508	0.6047	0.1931	0.4499	0.3313	0.2160	0.0691	0.6614	0.1639	0.0776	0.2597	0.1626	0.0358	0.6396	0.1126	0.0483	0.2655	0.3380	0.0381	0.7001	0.2876	0.0363	0.2544	0.1760	0.9566	0.4901	0.2338	0.0767	0.6243	0.1867	0.0757	0.2908	0.2069	0.4442	0.5485	0.2014	0.4374	0.3834
518	5.18	0.3429	0.8856	0.5661	0.3047	0.8959	0.3676	0.2602	0.4510	0.6226	0.2499	0.4791	0.3116	0.2426	0.3882	0.6283	0.2261	0.3928	0.2966	0.2158	0.2049	0.7060	0.2434	0.1529	0.6862	0.2714	0.1558	0.7295	0.1816	0.2138	0.2249	0.2002	0.1524	0.2373	0.2268	0.1581	0.1935	0.3238	0.8908	0.4669	0.3238	0.8908	0.4669	0.2401	0.0368	0.6665	0.1900	0.0429	0.2606	0.2042	0.2962	0.6277	0.1813	0.2991	0.3023	0.0160	-0.0053	0.0383	0.0095	-0.0002	-0.0374	0.3051	1.2882	0.4804	0.2127	0.6564	0.3784	0.0076	0.0265	-0.0466	0.2270	0.6534	0.5701	0.0130	0.0336	0.0450	-0.0525	-0.0154	-0.0870	-0.0501	-0.0256	0.0755	0.1787	-0.0491	0.1561	0.0621	0.0000	0.0000	0.0000	0.0000	0.0000	0.0038	0.0515	0.0000	-0.0658	-0.0356	-0.0529	-0.0642	-0.0388	0.0421	0.2074	-0.0349	-0.1333	0.0654	0.0000	0.0000	0.0000	0.0000	0.0000	0.0061	0.0512	0.0000	0.1936	1.3341	0.4764	0.3432	0.8856	0.5674	0.3045	0.8960	0.3663	0.3037	1.2893	0.5323	0.3064	1.2871	0.4284	0.2291	0.8289	0.4177	0.2528	0.8225	0.5412	0.1853	0.4573	0.6610	0.1847	0.4624	0.2793	0.1983	0.0614	0.6985	0.1411	0.0795	0.2286	0.1961	0.4508	0.6047	0.1931	0.4499	0.3313	0.2160	0.0691	0.6614	0.1639	0.0776	0.2597	0.1626	0.0358	0.6397	0.1126	0.0482	0.2655	0.3380	0.0380	0.7002	0.2876	0.0363	0.2545	0.1760	0.9565	0.4901	0.2337	0.0767	0.6243	0.1867	0.0757	0.2908	0.2069	0.4442	0.5485	0.2014	0.4374	0.3834
519	5.19	0.3428	0.8857	0.5662	0.3047	0.8959	0.3676	0.2601	0.4510	0.6226	0.2498	0.4791	0.3116	0.2425	0.3882	0.6284	0.2261	0.3928	0.2966	0.2157	0.2048	0.7060	0.2434	0.1529	0.6862	0.2713	0.1558	0.7295	0.1816	0.2138	0.2249	0.2001	0.1524	0.2372	0.2269	0.1581	0.1935	0.3237	0.8908	0.4669	0.3237	0.8908	0.4669	0.2401	0.0369	0.6666	0.1900	0.0429	0.2606	0.2041	0.2962	0.6277	0.1812	0.2991	0.3023	0.0160	-0.0053	0.0383	0.0095	-0.0002	-0.0374	0.3049	1.2882	0.4804	0.2126	0.6564	0.3784	0.0076	0.0265	-0.0467	0.2269	0.6534	0.5701	0.0130	0.0336	0.0450	-0.0525	-0.0153	-0.0870	-0.0501	-0.0256	0.0755	0.1787	-0.0491	0.1561	0.0621	0.0000	0.0000	0.0000	0.0000	0.0000	0.0038	0.0515	0.0000	-0.0658	-0.0356	-0.0529	-0.0642	-0.0389	0.0421	0.2074	-0.0349	-0.1333	0.0654	0.0000	0.0000	0.0000	0.0000	0.0000	0.0061	0.0512	0.0000	0.1935	1.3341	0.4764	0.3430	0.8856	0.5675	0.3044	0.8960	0.3664	0.3035	1.2892	0.5324	0.3063	1.2871	0.4285	0.2290	0.8289	0.4177	0.2527	0.8225	0.5412	0.1852	0.4573	0.6610	0.1847	0.4624	0.2792	0.1983	0.0614	0.6985	0.1411	0.0795	0.2286	0.1961	0.4508	0.6048	0.1930	0.4499	0.3313	0.2160	0.0691	0.6614	0.1639	0.0776	0.2597	0.1625	0.0359	0.6399	0.1126	0.0482	0.2655	0.3380	0.0380	0.7002	0.2876	0.0363	0.2545	0.1759	0.9565	0.4901	0.2337	0.0767	0.6243	0.1867	0.0757	0.2908	0.2069	0.4442	0.5485	0.2014	0.4374	0.3834
520	5.20	0.3427	0.8856	0.5662	0.3046	0.8959	0.3677	0.2600	0.4510	0.6226	0.2498	0.4791	0.3116	0.2425	0.3882	0.6284	0.2261	0.3928	0.2966	0.2156	0.2048	0.7060	0.2433	0.1529	0.6862	0.2712	0.1558	0.7295	0.1816	0.2138	0.2249	0.2002	0.1524	0.2372	0.2269	0.1581	0.1935	0.3237	0.8908	0.4670	0.3237	0.8908	0.4670	0.2401	0.0368	0.6664	0.1899	0.0430	0.2606	0.2041	0.2962	0.6277	0.1812	0.2991	0.3023	0.0160	-0.0053	0.0383	0.0095	-0.0002	-0.0374	0.3048	1.2881	0.4805	0.2126	0.6564	0.3784	0.0076	0.0265	-0.0467	0.2268	0.6533	0.5701	0.0130	0.0336	0.0450	-0.0524	-0.0153	-0.0870	-0.0501	-0.0256	0.0756	0.1787	-0.0491	0.1561	0.0621	0.0000	0.0000	0.0000	0.0000	0.0000	0.0037	0.0515	0.0000	-0.0658	-0.0355	-0.0529	-0.0642	-0.0389	0.0422	0.2074	-0.0349	-0.1334	0.0654	0.0000	0.0000	0.0000	0.0000	0.0000	0.0060	0.0512	0.0000	0.1933	1.3341	0.4764	0.3429	0.8856	0.5675	0.3044	0.8960	0.3664	0.3034	1.2892	0.5325	0.3062	1.2871	0.4286	0.2289	0.8289	0.4177	0.2526	0.8225	0.5412	0.1851	0.4573	0.6610	0.1847	0.4624	0.2792	0.1982	0.0614	0.6985	0.1411	0.0795	0.2286	0.1960	0.4508	0.6047	0.1930	0.4499	0.3313	0.2160	0.0691	0.6614	0.1638	0.0776	0.2597	0.1626	0.0358	0.6397	0.1125	0.0482	0.2654	0.3379	0.0380	0.7002	0.2876	0.0363	0.2545	0.1757	0.9566	0.4901	0.2337	0.0767	0.6243	0.1866	0.0756	0.2908	0.2069	0.4442	0.5485	0.2013	0.4374	0.3834
521	5.21	0.3426	0.8857	0.5663	0.3046	0.8959	0.3677	0.2600	0.4510	0.6226	0.2498	0.4791	0.3116	0.2424	0.3882	0.6284	0.2261	0.3928	0.2966	0.2156	0.2048	0.7060	0.2433	0.1529	0.6862	0.2712	0.1558	0.7295	0.1816	0.2138	0.2249	0.2002	0.1524	0.2372	0.2269	0.1581	0.1935	0.3236	0.8908	0.4670	0.3236	0.8908	0.4670	0.2401	0.0367	0.6664	0.1899	0.0429	0.2606	0.2041	0.2962	0.6277	0.1812	0.2991	0.3023	0.0160	-0.0053	0.0383	0.0095	-0.0002	-0.0374	0.3047	1.2881	0.4806	0.2126	0.6564	0.3784	0.0076	0.0265	-0.0467	0.2268	0.6533	0.5701	0.0130	0.0337	0.0449	-0.0524	-0.0153	-0.0870	-0.0501	-0.0256	0.0756	0.1787	-0.0491	0.1561	0.0621	0.0000	0.0000	0.0000	0.0000	0.0000	0.0037	0.0515	0.0000	-0.0658	-0.0355	-0.0529	-0.0642	-0.0388	0.0422	0.2074	-0.0349	-0.1334	0.0654	0.0000	0.0000	0.0000	0.0000	0.0000	0.0061	0.0512	0.0000	0.1933	1.3341	0.4765	0.3428	0.8856	0.5675	0.3044	0.8960	0.3664	0.3033	1.2892	0.5325	0.3062	1.2871	0.4287	0.2289	0.8289	0.4177	0.2525	0.8225	0.5413	0.1850	0.4573	0.6610	0.1848	0.4623	0.2792	0.1982	0.0614	0.6985	0.1411	0.0795	0.2285	0.1960	0.4507	0.6047	0.1930	0.4499	0.3313	0.2160	0.0691	0.6614	0.1639	0.0776	0.2596	0.1626	0.0357	0.6396	0.1126	0.0482	0.2654	0.3379	0.0380	0.7002	0.2876	0.0363	0.2545	0.1757	0.9565	0.4901	0.2337	0.0767	0.6243	0.1866	0.0756	0.2908	0.2069	0.4442	0.5485	0.2013	0.4374	0.3833
522	5.22	0.3426	0.8857	0.5663	0.3046	0.8960	0.3677	0.2600	0.4511	0.6227	0.2498	0.4792	0.3116	0.2424	0.3882	0.6284	0.2261	0.3929	0.2966	0.2156	0.2048	0.7060	0.2433	0.1529	0.6862	0.2712	0.1558	0.7295	0.1816	0.2138	0.2248	0.2002	0.1524	0.2372	0.2269	0.1581	0.1935	0.3236	0.8908	0.4670	0.3236	0.8908	0.4670	0.2401	0.0367	0.6664	0.1900	0.0429	0.2606	0.2041	0.2962	0.6277	0.1813	0.2991	0.3023	0.0160	-0.0053	0.0383	0.0095	-0.0003	-0.0374	0.3046	1.2881	0.4807	0.2126	0.6564	0.3784	0.0076	0.0265	-0.0467	0.2268	0.6534	0.5701	0.0130	0.0337	0.0450	-0.0524	-0.0153	-0.0870	-0.0501	-0.0256	0.0755	0.1787	-0.0491	0.1561	0.0621	0.0000	0.0000	0.0000	0.0000	0.0000	0.0037	0.0515	0.0000	-0.0658	-0.0355	-0.0529	-0.0643	-0.0388	0.0421	0.2074	-0.0348	-0.1334	0.0654	0.0000	0.0000	0.0000	0.0000	0.0000	0.0061	0.0512	0.0000	0.1932	1.3341	0.4766	0.3428	0.8856	0.5675	0.3043	0.8960	0.3664	0.3032	1.2892	0.5327	0.3061	1.2871	0.4287	0.2289	0.8289	0.4177	0.2525	0.8225	0.5413	0.1850	0.4573	0.6610	0.1848	0.4623	0.2792	0.1982	0.0614	0.6985	0.1412	0.0795	0.2285	0.1960	0.4508	0.6047	0.1930	0.4499	0.3313	0.2160	0.0691	0.6614	0.1640	0.0776	0.2597	0.1626	0.0357	0.6396	0.1126	0.0482	0.2654	0.3379	0.0381	0.7002	0.2876	0.0363	0.2545	0.1756	0.9565	0.4901	0.2337	0.0767	0.6243	0.1867	0.0757	0.2908	0.2069	0.4442	0.5485	0.2013	0.4374	0.3834
523	5.23	0.3425	0.8857	0.5663	0.3045	0.8960	0.3677	0.2599	0.4511	0.6226	0.2498	0.4792	0.3116	0.2424	0.3882	0.6284	0.2261	0.3929	0.2966	0.2155	0.2049	0.7060	0.2433	0.1530	0.6862	0.2712	0.1558	0.7295	0.1816	0.2138	0.2248	0.2002	0.1524	0.2372	0.2269	0.1581	0.1935	0.3235	0.8908	0.4670	0.3235	0.8908	0.4670	0.2401	0.0368	0.6664	0.1900	0.0430	0.2606	0.2040	0.2962	0.6277	0.1812	0.2991	0.3023	0.0160	-0.0053	0.0383	0.0095	-0.0002	-0.0374	0.3045	1.2881	0.4808	0.2125	0.6565	0.3784	0.0076	0.0265	-0.0466	0.2267	0.6534	0.5701	0.0130	0.0337	0.0450	-0.0524	-0.0153	-0.0871	-0.0501	-0.0256	0.0755	0.1786	-0.0491	0.1561	0.0621	0.0000	0.0000	0.0000	0.0000	0.0000	0.0037	0.0515	0.0000	-0.0658	-0.0355	-0.0530	-0.0643	-0.0388	0.0421	0.2074	-0.0349	-0.1333	0.0654	0.0000	0.0000	0.0000	0.0000	0.0000	0.0061	0.0512	0.0000	0.1931	1.3342	0.4766	0.3427	0.8856	0.5676	0.3043	0.8961	0.3665	0.3031	1.2892	0.5327	0.3060	1.2871	0.4288	0.2288	0.8289	0.4177	0.2524	0.8225	0.5412	0.1849	0.4573	0.6609	0.1847	0.4623	0.2792	0.1982	0.0615	0.6985	0.1412	0.0795	0.2285	0.1959	0.4508	0.6047	0.1930	0.4499	0.3313	0.2160	0.0691	0.6614	0.1639	0.0776	0.2596	0.1626	0.0357	0.6396	0.1126	0.0482	0.2654	0.3379	0.0381	0.7002	0.2876	0.0363	0.2545	0.1755	0.9566	0.4901	0.2337	0.0767	0.6243	0.1867	0.0757	0.2908	0.2069	0.4442	0.5485	0.2013	0.4374	0.3833
524	5.24	0.3424	0.8857	0.5663	0.3045	0.8960	0.3677	0.2598	0.4511	0.6226	0.2498	0.4792	0.3116	0.2423	0.3883	0.6283	0.2260	0.3928	0.2966	0.2155	0.2049	0.7059	0.2432	0.1530	0.6862	0.2711	0.1558	0.7295	0.1816	0.2138	0.2248	0.2001	0.1524	0.2372	0.2269	0.1581	0.1935	0.3234	0.8908	0.4670	0.3234	0.8908	0.4670	0.2400	0.0369	0.6664	0.1899	0.0430	0.2605	0.2040	0.2962	0.6277	0.1812	0.2991	0.3022	0.0160	-0.0053	0.0383	0.0095	-0.0002	-0.0374	0.3044	1.2881	0.4809	0.2125	0.6565	0.3784	0.0076	0.0265	-0.0466	0.2266	0.6534	0.5701	0.0130	0.0337	0.0449	-0.0524	-0.0153	-0.0870	-0.0501	-0.0256	0.0756	0.1787	-0.0491	0.1561	0.0621	0.0000	0.0000	0.0000	0.0000	0.0000	0.0037	0.0515	0.0000	-0.0658	-0.0355	-0.0530	-0.0642	-0.0388	0.0422	0.2074	-0.0349	-0.1333	0.0654	0.0000	0.0000	0.0000	0.0000	0.0000	0.0061	0.0512	0.0000	0.1929	1.3342	0.4767	0.3426	0.8856	0.5676	0.3042	0.8961	0.3665	0.3029	1.2892	0.5328	0.3058	1.2871	0.4289	0.2287	0.8289	0.4177	0.2523	0.8225	0.5413	0.1849	0.4573	0.6609	0.1847	0.4624	0.2792	0.1982	0.0615	0.6985	0.1411	0.0795	0.2285	0.1958	0.4508	0.6047	0.1930	0.4499	0.3313	0.2160	0.0691	0.6614	0.1639	0.0776	0.2596	0.1625	0.0359	0.6397	0.1125	0.0483	0.2654	0.3379	0.0381	0.7002	0.2876	0.0363	0.2545	0.1754	0.9566	0.4900	0.2337	0.0767	0.6243	0.1866	0.0757	0.2908	0.2068	0.4442	0.5485	0.2012	0.4375	0.3833
525	5.25	0.3423	0.8857	0.5663	0.3044	0.8960	0.3677	0.2598	0.4511	0.6226	0.2498	0.4792	0.3116	0.2423	0.3883	0.6283	0.2260	0.3928	0.2966	0.2155	0.2049	0.7059	0.2432	0.1530	0.6862	0.2711	0.1558	0.7295	0.1816	0.2138	0.2248	0.2001	0.1524	0.2372	0.2269	0.1581	0.1935	0.3234	0.8909	0.4670	0.3234	0.8909	0.4670	0.2400	0.0369	0.6665	0.1899	0.0430	0.2605	0.2040	0.2962	0.6277	0.1812	0.2991	0.3022	0.0160	-0.0053	0.0383	0.0095	-0.0002	-0.0374	0.3043	1.2881	0.4810	0.2124	0.6565	0.3784	0.0077	0.0265	-0.0467	0.2266	0.6534	0.5701	0.0130	0.0337	0.0450	-0.0524	-0.0153	-0.0870	-0.0501	-0.0256	0.0756	0.1787	-0.0490	0.1561	0.0621	0.0000	0.0000	0.0000	0.0000	0.0000	0.0037	0.0515	0.0000	-0.0658	-0.0355	-0.0529	-0.0642	-0.0388	0.0422	0.2074	-0.0349	-0.1333	0.0654	0.0000	0.0000	0.0000	0.0000	0.0000	0.0061	0.0512	0.0000	0.1929	1.3342	0.4768	0.3425	0.8857	0.5676	0.3042	0.8961	0.3665	0.3029	1.2892	0.5329	0.3057	1.2871	0.4290	0.2287	0.8289	0.4177	0.2523	0.8225	0.5413	0.1848	0.4573	0.6609	0.1847	0.4624	0.2792	0.1982	0.0614	0.6985	0.1411	0.0795	0.2285	0.1958	0.4508	0.6047	0.1930	0.4499	0.3313	0.2159	0.0691	0.6614	0.1639	0.0776	0.2596	0.1625	0.0359	0.6398	0.1126	0.0482	0.2654	0.3379	0.0381	0.7002	0.2876	0.0363	0.2545	0.1754	0.9566	0.4900	0.2337	0.0768	0.6243	0.1866	0.0757	0.2908	0.2068	0.4442	0.5485	0.2012	0.4375	0.3833
526	5.26	0.3423	0.8857	0.5663	0.3044	0.8961	0.3677	0.2598	0.4511	0.6226	0.2498	0.4792	0.3116	0.2424	0.3883	0.6284	0.2260	0.3928	0.2966	0.2155	0.2049	0.7060	0.2433	0.1530	0.6862	0.2711	0.1559	0.7295	0.1816	0.2139	0.2248	0.2001	0.1524	0.2372	0.2269	0.1581	0.1935	0.3233	0.8909	0.4670	0.3233	0.8909	0.4670	0.2401	0.0368	0.6665	0.1900	0.0430	0.2606	0.2040	0.2962	0.6277	0.1812	0.2991	0.3023	0.0160	-0.0053	0.0383	0.0095	-0.0002	-0.0374	0.3042	1.2882	0.4811	0.2124	0.6565	0.3784	0.0076	0.0265	-0.0466	0.2266	0.6534	0.5701	0.0130	0.0336	0.0450	-0.0524	-0.0153	-0.0870	-0.0501	-0.0256	0.0755	0.1787	-0.0490	0.1561	0.0621	0.0000	0.0000	0.0000	0.0000	0.0000	0.0037	0.0514	0.0000	-0.0658	-0.0356	-0.0529	-0.0643	-0.0388	0.0421	0.2075	-0.0350	-0.1332	0.0654	0.0000	0.0000	0.0000	0.0000	0.0000	0.0061	0.0512	0.0000	0.1928	1.3342	0.4769	0.3425	0.8857	0.5676	0.3041	0.8961	0.3665	0.3028	1.2892	0.5330	0.3057	1.2871	0.4291	0.2287	0.8289	0.4177	0.2523	0.8225	0.5412	0.1849	0.4573	0.6609	0.1847	0.4624	0.2792	0.1982	0.0614	0.6985	0.1412	0.0795	0.2285	0.1958	0.4508	0.6047	0.1930	0.4499	0.3313	0.2160	0.0691	0.6614	0.1639	0.0776	0.2597	0.1626	0.0358	0.6397	0.1126	0.0482	0.2654	0.3379	0.0381	0.7002	0.2876	0.0363	0.2545	0.1753	0.9565	0.4901	0.2337	0.0768	0.6243	0.1867	0.0757	0.2908	0.2068	0.4442	0.5485	0.2013	0.4375	0.3833
527	5.27	0.3422	0.8857	0.5664	0.3043	0.8961	0.3677	0.2598	0.4511	0.6226	0.2497	0.4792	0.3116	0.2423	0.3883	0.6284	0.2260	0.3928	0.2966	0.2155	0.2049	0.7059	0.2433	0.1530	0.6862	0.2712	0.1559	0.7295	0.1816	0.2138	0.2249	0.2001	0.1524	0.2372	0.2269	0.1581	0.1935	0.3233	0.8909	0.4670	0.3233	0.8909	0.4670	0.2401	0.0368	0.6664	0.1900	0.0430	0.2606	0.2040	0.2962	0.6277	0.1812	0.2991	0.3023	0.0160	-0.0053	0.0382	0.0095	-0.0002	-0.0374	0.3041	1.2881	0.4812	0.2124	0.6565	0.3783	0.0076	0.0265	-0.0466	0.2265	0.6534	0.5701	0.0130	0.0336	0.0450	-0.0525	-0.0154	-0.0870	-0.0501	-0.0256	0.0755	0.1787	-0.0489	0.1562	0.0621	0.0000	0.0000	0.0000	0.0000	0.0000	0.0037	0.0515	0.0000	-0.0658	-0.0356	-0.0529	-0.0642	-0.0388	0.0421	0.2075	-0.0349	-0.1333	0.0654	0.0000	0.0000	0.0000	0.0000	0.0000	0.0061	0.0512	0.0000	0.1927	1.3342	0.4770	0.3424	0.8856	0.5676	0.3041	0.8961	0.3665	0.3027	1.2892	0.5331	0.3055	1.2871	0.4292	0.2286	0.8290	0.4177	0.2522	0.8225	0.5412	0.1848	0.4573	0.6609	0.1846	0.4624	0.2792	0.1982	0.0614	0.6985	0.1411	0.0795	0.2285	0.1958	0.4508	0.6047	0.1930	0.4499	0.3313	0.2160	0.0691	0.6614	0.1639	0.0776	0.2597	0.1626	0.0358	0.6396	0.1126	0.0483	0.2654	0.3379	0.0381	0.7002	0.2876	0.0364	0.2545	0.1752	0.9566	0.4901	0.2337	0.0768	0.6244	0.1867	0.0757	0.2908	0.2068	0.4442	0.5484	0.2013	0.4375	0.3833
528	5.28	0.3421	0.8857	0.5664	0.3043	0.8960	0.3677	0.2598	0.4511	0.6226	0.2497	0.4791	0.3116	0.2423	0.3883	0.6283	0.2260	0.3928	0.2966	0.2155	0.2049	0.7059	0.2433	0.1530	0.6862	0.2711	0.1559	0.7295	0.1816	0.2138	0.2249	0.2001	0.1523	0.2372	0.2269	0.1580	0.1935	0.3232	0.8909	0.4671	0.3232	0.8909	0.4671	0.2401	0.0368	0.6664	0.1899	0.0430	0.2605	0.2040	0.2962	0.6277	0.1812	0.2991	0.3022	0.0160	-0.0053	0.0382	0.0095	-0.0002	-0.0375	0.3040	1.2881	0.4812	0.2123	0.6565	0.3784	0.0076	0.0265	-0.0466	0.2265	0.6534	0.5701	0.0130	0.0337	0.0450	-0.0525	-0.0154	-0.0870	-0.0500	-0.0255	0.0756	0.1787	-0.0489	0.1562	0.0621	0.0000	0.0000	0.0000	0.0000	0.0000	0.0037	0.0515	0.0000	-0.0658	-0.0356	-0.0529	-0.0642	-0.0388	0.0421	0.2074	-0.0349	-0.1333	0.0654	0.0000	0.0000	0.0000	0.0000	0.0000	0.0060	0.0512	0.0000	0.1925	1.3342	0.4770	0.3424	0.8856	0.5676	0.3040	0.8961	0.3665	0.3026	1.2891	0.5332	0.3054	1.2871	0.4293	0.2285	0.8290	0.4177	0.2521	0.8225	0.5412	0.1848	0.4573	0.6609	0.1846	0.4624	0.2792	0.1982	0.0614	0.6985	0.1411	0.0795	0.2285	0.1958	0.4508	0.6047	0.1929	0.4499	0.3312	0.2160	0.0691	0.6614	0.1639	0.0776	0.2596	0.1626	0.0358	0.6396	0.1125	0.0483	0.2653	0.3379	0.0381	0.7002	0.2876	0.0364	0.2545	0.1751	0.9566	0.4900	0.2337	0.0767	0.6244	0.1867	0.0757	0.2907	0.2068	0.4442	0.5484	0.2012	0.4375	0.3833
529	5.29	0.3421	0.8857	0.5663	0.3042	0.8961	0.3677	0.2598	0.4511	0.6226	0.2497	0.4791	0.3116	0.2423	0.3883	0.6283	0.2260	0.3928	0.2966	0.2155	0.2049	0.7059	0.2433	0.1530	0.6862	0.2712	0.1559	0.7295	0.1816	0.2138	0.2248	0.2001	0.1523	0.2372	0.2269	0.1580	0.1935	0.3232	0.8909	0.4670	0.3232	0.8909	0.4670	0.2401	0.0369	0.6664	0.1899	0.0430	0.2605	0.2040	0.2962	0.6276	0.1812	0.2991	0.3022	0.0160	-0.0053	0.0383	0.0095	-0.0002	-0.0374	0.3039	1.2881	0.4813	0.2123	0.6565	0.3783	0.0076	0.0265	-0.0466	0.2265	0.6533	0.5701	0.0130	0.0337	0.0450	-0.0525	-0.0154	-0.0870	-0.0500	-0.0255	0.0756	0.1787	-0.0488	0.1561	0.0621	0.0000	0.0000	0.0000	0.0000	0.0000	0.0037	0.0515	0.0000	-0.0658	-0.0356	-0.0529	-0.0642	-0.0388	0.0421	0.2074	-0.0350	-0.1333	0.0654	0.0000	0.0000	0.0000	0.0000	0.0000	0.0061	0.0512	0.0000	0.1925	1.3342	0.4771	0.3424	0.8856	0.5676	0.3040	0.8961	0.3665	0.3025	1.2891	0.5332	0.3054	1.2871	0.4294	0.2285	0.8290	0.4177	0.2521	0.8225	0.5412	0.1848	0.4573	0.6609	0.1846	0.4623	0.2792	0.1982	0.0614	0.6985	0.1411	0.0795	0.2285	0.1958	0.4507	0.6046	0.1929	0.4499	0.3312	0.2160	0.0690	0.6614	0.1639	0.0776	0.2596	0.1626	0.0359	0.6397	0.1126	0.0483	0.2653	0.3379	0.0381	0.7002	0.2876	0.0363	0.2545	0.1751	0.9566	0.4900	0.2337	0.0766	0.6244	0.1867	0.0757	0.2907	0.2068	0.4442	0.5484	0.2012	0.4375	0.3833
530	5.30	0.3421	0.8857	0.5663	0.3042	0.8961	0.3677	0.2598	0.4511	0.6226	0.2497	0.4792	0.3115	0.2423	0.3883	0.6283	0.2260	0.3928	0.2966	0.2155	0.2049	0.7059	0.2433	0.1530	0.6862	0.2712	0.1559	0.7295	0.1816	0.2138	0.2248	0.2001	0.1524	0.2372	0.2269	0.1581	0.1935	0.3231	0.8909	0.4670	0.3231	0.8909	0.4670	0.2401	0.0369	0.6665	0.1900	0.0430	0.2606	0.2039	0.2962	0.6276	0.1812	0.2991	0.3022	0.0160	-0.0053	0.0383	0.0095	-0.0002	-0.0374	0.3039	1.2881	0.4814	0.2123	0.6565	0.3783	0.0076	0.0265	-0.0466	0.2265	0.6534	0.5701	0.0130	0.0337	0.0450	-0.0525	-0.0155	-0.0870	-0.0501	-0.0256	0.0755	0.1787	-0.0487	0.1561	0.0621	0.0000	0.0000	0.0000	0.0000	0.0000	0.0037	0.0515	0.0000	-0.0658	-0.0357	-0.0529	-0.0643	-0.0388	0.0421	0.2075	-0.0349	-0.1333	0.0654	0.0000	0.0000	0.0000	0.0000	0.0000	0.0061	0.0512	0.0000	0.1924	1.3341	0.4773	0.3423	0.8857	0.5675	0.3039	0.8962	0.3664	0.3025	1.2891	0.5334	0.3053	1.2872	0.4294	0.2285	0.8289	0.4176	0.2521	0.8225	0.5412	0.1848	0.4573	0.6609	0.1846	0.4623	0.2792	0.1982	0.0614	0.6985	0.1412	0.0795	0.2285	0.1958	0.4507	0.6047	0.1929	0.4499	0.3312	0.2160	0.0691	0.6614	0.1639	0.0776	0.2596	0.1626	0.0359	0.6399	0.1126	0.0482	0.2654	0.3380	0.0381	0.7002	0.2876	0.0363	0.2545	0.1751	0.9565	0.4901	0.2337	0.0767	0.6243	0.1867	0.0757	0.2908	0.2067	0.4442	0.5484	0.2012	0.4375	0.3833
531	5.31	0.3421	0.8858	0.5663	0.3041	0.8961	0.3677	0.2598	0.4511	0.6226	0.2497	0.4792	0.3115	0.2423	0.3883	0.6283	0.2259	0.3929	0.2965	0.2155	0.2049	0.7059	0.2432	0.1530	0.6862	0.2711	0.1559	0.7295	0.1815	0.2138	0.2248	0.2001	0.1524	0.2372	0.2268	0.1581	0.1935	0.3231	0.8909	0.4670	0.3231	0.8909	0.4670	0.2401	0.0368	0.6664	0.1900	0.0430	0.2606	0.2039	0.2962	0.6276	0.1811	0.2991	0.3022	0.0160	-0.0053	0.0383	0.0095	-0.0002	-0.0374	0.3038	1.2882	0.4815	0.2122	0.6565	0.3783	0.0076	0.0265	-0.0466	0.2264	0.6534	0.5701	0.0130	0.0337	0.0450	-0.0525	-0.0155	-0.0870	-0.0501	-0.0256	0.0755	0.1788	-0.0487	0.1561	0.0621	0.0000	0.0000	0.0000	0.0000	0.0000	0.0037	0.0515	0.0000	-0.0658	-0.0357	-0.0529	-0.0643	-0.0388	0.0421	0.2075	-0.0349	-0.1333	0.0654	0.0000	0.0000	0.0000	0.0000	0.0000	0.0061	0.0512	0.0000	0.1923	1.3341	0.4774	0.3423	0.8857	0.5675	0.3039	0.8962	0.3664	0.3023	1.2891	0.5335	0.3052	1.2872	0.4295	0.2284	0.8290	0.4176	0.2521	0.8225	0.5412	0.1848	0.4573	0.6609	0.1845	0.4624	0.2791	0.1982	0.0615	0.6985	0.1411	0.0795	0.2285	0.1957	0.4508	0.6046	0.1929	0.4499	0.3312	0.2159	0.0691	0.6614	0.1639	0.0776	0.2596	0.1626	0.0358	0.6397	0.1126	0.0482	0.2654	0.3379	0.0381	0.7002	0.2876	0.0364	0.2545	0.1750	0.9566	0.4901	0.2337	0.0767	0.6243	0.1867	0.0757	0.2908	0.2067	0.4442	0.5484	0.2012	0.4375	0.3833
532	5.32	0.3420	0.8858	0.5663	0.3040	0.8961	0.3677	0.2597	0.4511	0.6225	0.2496	0.4792	0.3115	0.2422	0.3883	0.6283	0.2259	0.3929	0.2965	0.2154	0.2049	0.7059	0.2432	0.1530	0.6861	0.2711	0.1560	0.7294	0.1815	0.2138	0.2248	0.2001	0.1524	0.2372	0.2268	0.1581	0.1935	0.3230	0.8910	0.4670	0.3230	0.8910	0.4670	0.2401	0.0368	0.6664	0.1899	0.0430	0.2605	0.2039	0.2962	0.6276	0.1811	0.2991	0.3022	0.0160	-0.0053	0.0383	0.0095	-0.0002	-0.0374	0.3037	1.2882	0.4816	0.2122	0.6565	0.3783	0.0076	0.0265	-0.0466	0.2264	0.6534	0.5701	0.0130	0.0337	0.0449	-0.0525	-0.0155	-0.0870	-0.0501	-0.0256	0.0756	0.1787	-0.0487	0.1561	0.0621	0.0000	0.0000	0.0000	0.0000	0.0000	0.0037	0.0515	0.0000	-0.0658	-0.0357	-0.0528	-0.0642	-0.0388	0.0422	0.2074	-0.0348	-0.1334	0.0654	0.0000	0.0000	0.0000	0.0000	0.0000	0.0061	0.0512	0.0000	0.1922	1.3341	0.4774	0.3423	0.8857	0.5675	0.3038	0.8962	0.3664	0.3022	1.2891	0.5335	0.3051	1.2872	0.4296	0.2284	0.8290	0.4176	0.2520	0.8225	0.5412	0.1847	0.4573	0.6608	0.1845	0.4624	0.2791	0.1982	0.0615	0.6985	0.1411	0.0795	0.2285	0.1957	0.4508	0.6046	0.1928	0.4499	0.3312	0.2159	0.0691	0.6614	0.1638	0.0776	0.2596	0.1626	0.0358	0.6396	0.1125	0.0482	0.2653	0.3379	0.0381	0.7002	0.2876	0.0364	0.2544	0.1749	0.9566	0.4900	0.2336	0.0767	0.6243	0.1866	0.0757	0.2907	0.2067	0.4442	0.5484	0.2011	0.4375	0.3833
533	5.33	0.3420	0.8858	0.5662	0.3040	0.8962	0.3676	0.2597	0.4511	0.6225	0.2496	0.4792	0.3115	0.2422	0.3882	0.6283	0.2259	0.3929	0.2965	0.2154	0.2049	0.7059	0.2432	0.1530	0.6861	0.2711	0.1559	0.7294	0.1815	0.2138	0.2248	0.2001	0.1524	0.2372	0.2268	0.1581	0.1934	0.3230	0.8910	0.4669	0.3230	0.8910	0.4669	0.2401	0.0368	0.6664	0.1899	0.0429	0.2605	0.2039	0.2962	0.6276	0.1810	0.2991	0.3022	0.0160	-0.0053	0.0383	0.0095	-0.0002	-0.0374	0.3036	1.2881	0.4816	0.2122	0.6565	0.3783	0.0076	0.0264	-0.0467	0.2264	0.6534	0.5700	0.0130	0.0337	0.0449	-0.0525	-0.0155	-0.0869	-0.0501	-0.0256	0.0756	0.1788	-0.0487	0.1561	0.0621	0.0000	0.0000	0.0000	0.0000	0.0000	0.0037	0.0515	0.0000	-0.0658	-0.0357	-0.0528	-0.0642	-0.0388	0.0422	0.2074	-0.0349	-0.1334	0.0654	0.0000	0.0000	0.0000	0.0000	0.0000	0.0061	0.0512	0.0000	0.1921	1.3341	0.4775	0.3422	0.8857	0.5675	0.3037	0.8962	0.3664	0.3021	1.2890	0.5336	0.3050	1.2872	0.4297	0.2284	0.8290	0.4176	0.2520	0.8225	0.5412	0.1847	0.4573	0.6608	0.1845	0.4623	0.2791	0.1981	0.0615	0.6985	0.1411	0.0794	0.2285	0.1957	0.4508	0.6046	0.1928	0.4499	0.3312	0.2159	0.0691	0.6614	0.1638	0.0776	0.2596	0.1626	0.0357	0.6396	0.1126	0.0482	0.2654	0.3379	0.0381	0.7002	0.2876	0.0364	0.2544	0.1749	0.9566	0.4900	0.2337	0.0767	0.6243	0.1866	0.0757	0.2907	0.2067	0.4442	0.5484	0.2010	0.4374	0.3833
534	5.34	0.3420	0.8858	0.5662	0.3039	0.8962	0.3676	0.2597	0.4511	0.6226	0.2496	0.4792	0.3115	0.2422	0.3882	0.6283	0.2259	0.3928	0.2965	0.2154	0.2049	0.7059	0.2432	0.1529	0.6862	0.2711	0.1559	0.7294	0.1814	0.2138	0.2248	0.2001	0.1524	0.2372	0.2268	0.1581	0.1935	0.3229	0.8910	0.4669	0.3229	0.8910	0.4669	0.2400	0.0368	0.6665	0.1899	0.0429	0.2606	0.2039	0.2962	0.6276	0.1810	0.2991	0.3022	0.0160	-0.0053	0.0383	0.0095	-0.0002	-0.0374	0.3035	1.2881	0.4818	0.2121	0.6565	0.3783	0.0076	0.0264	-0.0467	0.2264	0.6534	0.5700	0.0130	0.0337	0.0450	-0.0525	-0.0155	-0.0869	-0.0501	-0.0256	0.0756	0.1788	-0.0486	0.1561	0.0621	0.0000	0.0000	0.0000	0.0000	0.0000	0.0037	0.0515	0.0000	-0.0658	-0.0357	-0.0528	-0.0643	-0.0389	0.0422	0.2074	-0.0349	-0.1334	0.0654	0.0000	0.0000	0.0000	0.0000	0.0000	0.0061	0.0512	0.0000	0.1921	1.3340	0.4777	0.3422	0.8858	0.5675	0.3037	0.8963	0.3664	0.3020	1.2890	0.5338	0.3050	1.2873	0.4298	0.2283	0.8290	0.4176	0.2520	0.8225	0.5412	0.1847	0.4573	0.6609	0.1844	0.4623	0.2791	0.1982	0.0614	0.6985	0.1411	0.0794	0.2286	0.1957	0.4507	0.6046	0.1927	0.4499	0.3312	0.2159	0.0691	0.6614	0.1638	0.0775	0.2597	0.1625	0.0358	0.6397	0.1126	0.0481	0.2654	0.3379	0.0381	0.7002	0.2876	0.0363	0.2545	0.1749	0.9565	0.4901	0.2337	0.0767	0.6243	0.1866	0.0756	0.2908	0.2067	0.4442	0.5484	0.2010	0.4374	0.3833
535	5.35	0.3420	0.8858	0.5662	0.3038	0.8962	0.3676	0.2597	0.4511	0.6226	0.2495	0.4792	0.3115	0.2422	0.3882	0.6283	0.2258	0.3928	0.2965	0.2155	0.2049	0.7059	0.2432	0.1529	0.6862	0.2712	0.1559	0.7295	0.1814	0.2138	0.2248	0.2001	0.1524	0.2372	0.2268	0.1581	0.1935	0.3229	0.8910	0.4669	0.3229	0.8910	0.4669	0.2400	0.0368	0.6666	0.1899	0.0429	0.2606	0.2039	0.2962	0.6276	0.1810	0.2991	0.3023	0.0160	-0.0053	0.0383	0.0095	-0.0002	-0.0374	0.3034	1.2881	0.4819	0.2121	0.6565	0.3783	0.0076	0.0265	-0.0467	0.2264	0.6533	0.5700	0.0131	0.0337	0.0450	-0.0526	-0.0155	-0.0869	-0.0501	-0.0256	0.0756	0.1788	-0.0487	0.1561	0.0621	0.0000	0.0000	0.0000	0.0000	0.0000	0.0037	0.0515	0.0000	-0.0659	-0.0357	-0.0528	-0.0643	-0.0388	0.0422	0.2074	-0.0350	-0.1334	0.0654	0.0000	0.0000	0.0000	0.0000	0.0000	0.0061	0.0512	0.0000	0.1920	1.3340	0.4778	0.3422	0.8858	0.5674	0.3036	0.8963	0.3664	0.3020	1.2889	0.5339	0.3049	1.2873	0.4299	0.2283	0.8290	0.4176	0.2520	0.8225	0.5412	0.1848	0.4572	0.6609	0.1844	0.4623	0.2792	0.1982	0.0614	0.6985	0.1410	0.0794	0.2286	0.1957	0.4507	0.6046	0.1927	0.4499	0.3313	0.2159	0.0691	0.6614	0.1638	0.0775	0.2597	0.1625	0.0359	0.6399	0.1126	0.0481	0.2655	0.3379	0.0381	0.7002	0.2876	0.0363	0.2545	0.1749	0.9564	0.4901	0.2337	0.0767	0.6243	0.1866	0.0756	0.2908	0.2067	0.4442	0.5484	0.2010	0.4374	0.3833
536	5.36	0.3419	0.8858	0.5662	0.3038	0.8962	0.3676	0.2597	0.4511	0.6225	0.2495	0.4791	0.3115	0.2422	0.3882	0.6283	0.2258	0.3928	0.2966	0.2155	0.2049	0.7059	0.2432	0.1529	0.6862	0.2712	0.1559	0.7294	0.1814	0.2138	0.2248	0.2000	0.1523	0.2372	0.2268	0.1581	0.1935	0.3228	0.8910	0.4669	0.3228	0.8910	0.4669	0.2401	0.0368	0.6664	0.1899	0.0429	0.2606	0.2039	0.2961	0.6276	0.1810	0.2991	0.3023	0.0160	-0.0053	0.0383	0.0095	-0.0002	-0.0374	0.3034	1.2881	0.4820	0.2120	0.6565	0.3783	0.0076	0.0265	-0.0467	0.2264	0.6533	0.5700	0.0130	0.0337	0.0450	-0.0525	-0.0155	-0.0869	-0.0501	-0.0256	0.0756	0.1788	-0.0487	0.1561	0.0621	0.0000	0.0000	0.0000	0.0000	0.0000	0.0037	0.0515	0.0000	-0.0659	-0.0357	-0.0528	-0.0643	-0.0388	0.0422	0.2074	-0.0350	-0.1333	0.0654	0.0000	0.0000	0.0000	0.0000	0.0000	0.0061	0.0512	0.0000	0.1919	1.3340	0.4778	0.3422	0.8857	0.5674	0.3035	0.8963	0.3664	0.3019	1.2889	0.5339	0.3048	1.2872	0.4300	0.2282	0.8290	0.4176	0.2519	0.8225	0.5412	0.1848	0.4572	0.6609	0.1843	0.4623	0.2792	0.1982	0.0614	0.6985	0.1410	0.0794	0.2286	0.1957	0.4507	0.6046	0.1926	0.4499	0.3313	0.2159	0.0690	0.6614	0.1638	0.0775	0.2597	0.1626	0.0357	0.6397	0.1126	0.0481	0.2655	0.3379	0.0381	0.7002	0.2876	0.0363	0.2545	0.1748	0.9565	0.4901	0.2337	0.0767	0.6243	0.1866	0.0756	0.2908	0.2067	0.4442	0.5484	0.2010	0.4374	0.3833
537	5.37	0.3419	0.8858	0.5662	0.3037	0.8962	0.3676	0.2598	0.4511	0.6225	0.2494	0.4791	0.3115	0.2423	0.3882	0.6283	0.2258	0.3928	0.2966	0.2155	0.2048	0.7059	0.2432	0.1529	0.6862	0.2712	0.1559	0.7294	0.1814	0.2138	0.2248	0.2000	0.1523	0.2372	0.2267	0.1580	0.1935	0.3228	0.8910	0.4669	0.3228	0.8910	0.4669	0.2401	0.0368	0.6664	0.1899	0.0429	0.2606	0.2039	0.2961	0.6276	0.1810	0.2991	0.3023	0.0160	-0.0053	0.0383	0.0094	-0.0002	-0.0374	0.3033	1.2880	0.4820	0.2120	0.6565	0.3783	0.0076	0.0265	-0.0467	0.2264	0.6533	0.5700	0.0130	0.0337	0.0450	-0.0525	-0.0155	-0.0870	-0.0500	-0.0256	0.0756	0.1788	-0.0488	0.1561	0.0621	0.0000	0.0000	0.0000	0.0000	0.0000	0.0037	0.0515	0.0000	-0.0659	-0.0356	-0.0528	-0.0642	-0.0388	0.0422	0.2074	-0.0349	-0.1334	0.0654	0.0000	0.0000	0.0000	0.0000	0.0000	0.0061	0.0512	0.0000	0.1918	1.3341	0.4779	0.3422	0.8857	0.5674	0.3035	0.8963	0.3664	0.3018	1.2889	0.5340	0.3048	1.2872	0.4301	0.2281	0.8290	0.4176	0.2519	0.8225	0.5412	0.1848	0.4573	0.6609	0.1843	0.4623	0.2792	0.1982	0.0614	0.6985	0.1410	0.0794	0.2286	0.1957	0.4507	0.6046	0.1926	0.4498	0.3313	0.2160	0.0690	0.6614	0.1638	0.0775	0.2597	0.1626	0.0357	0.6396	0.1125	0.0481	0.2654	0.3379	0.0381	0.7002	0.2876	0.0363	0.2544	0.1747	0.9565	0.4901	0.2337	0.0766	0.6243	0.1866	0.0756	0.2908	0.2067	0.4442	0.5484	0.2010	0.4374	0.3833
538	5.38	0.3419	0.8858	0.5662	0.3036	0.8962	0.3676	0.2598	0.4511	0.6225	0.2494	0.4791	0.3115	0.2423	0.3882	0.6283	0.2258	0.3928	0.2966	0.2156	0.2049	0.7059	0.2433	0.1530	0.6862	0.2712	0.1559	0.7294	0.1814	0.2138	0.2248	0.2000	0.1523	0.2372	0.2267	0.1580	0.1935	0.3228	0.8910	0.4669	0.3228	0.8910	0.4669	0.2401	0.0368	0.6664	0.1900	0.0429	0.2606	0.2040	0.2961	0.6276	0.1810	0.2991	0.3023	0.0160	-0.0053	0.0383	0.0095	-0.0002	-0.0374	0.3032	1.2880	0.4821	0.2120	0.6565	0.3783	0.0076	0.0265	-0.0467	0.2264	0.6534	0.5700	0.0130	0.0337	0.0450	-0.0525	-0.0155	-0.0870	-0.0500	-0.0256	0.0755	0.1787	-0.0488	0.1561	0.0621	0.0000	0.0000	0.0000	0.0000	0.0000	0.0037	0.0515	0.0000	-0.0658	-0.0356	-0.0529	-0.0642	-0.0388	0.0422	0.2074	-0.0349	-0.1334	0.0654	0.0000	0.0000	0.0000	0.0000	0.0000	0.0061	0.0512	0.0000	0.1918	1.3341	0.4780	0.3421	0.8857	0.5674	0.3034	0.8963	0.3664	0.3017	1.2889	0.5341	0.3047	1.2872	0.4301	0.2281	0.8290	0.4176	0.2519	0.8225	0.5412	0.1849	0.4573	0.6609	0.1843	0.4623	0.2792	0.1983	0.0614	0.6985	0.1411	0.0794	0.2286	0.1958	0.4507	0.6046	0.1926	0.4499	0.3313	0.2160	0.0690	0.6614	0.1639	0.0775	0.2597	0.1626	0.0357	0.6396	0.1126	0.0482	0.2655	0.3380	0.0381	0.7002	0.2876	0.0364	0.2544	0.1747	0.9565	0.4901	0.2337	0.0766	0.6243	0.1867	0.0756	0.2908	0.2067	0.4442	0.5484	0.2010	0.4374	0.3833
539	5.39	0.3419	0.8858	0.5661	0.3036	0.8963	0.3676	0.2599	0.4511	0.6225	0.2494	0.4792	0.3115	0.2424	0.3883	0.6283	0.2257	0.3928	0.2966	0.2156	0.2049	0.7059	0.2433	0.1530	0.6862	0.2713	0.1559	0.7294	0.1814	0.2138	0.2249	0.2000	0.1523	0.2372	0.2267	0.1581	0.1935	0.3227	0.8911	0.4669	0.3227	0.8911	0.4669	0.2401	0.0368	0.6664	0.1900	0.0430	0.2606	0.2040	0.2962	0.6276	0.1810	0.2991	0.3023	0.0160	-0.0053	0.0383	0.0095	-0.0002	-0.0374	0.3032	1.2881	0.4822	0.2119	0.6565	0.3783	0.0076	0.0265	-0.0466	0.2264	0.6534	0.5700	0.0130	0.0336	0.0450	-0.0525	-0.0154	-0.0870	-0.0500	-0.0255	0.0755	0.1787	-0.0488	0.1561	0.0621	0.0000	0.0000	0.0000	0.0000	0.0000	0.0037	0.0514	0.0000	-0.0658	-0.0356	-0.0529	-0.0642	-0.0388	0.0421	0.2074	-0.0349	-0.1334	0.0654	0.0000	0.0000	0.0000	0.0000	0.0000	0.0061	0.0512	0.0000	0.1917	1.3341	0.4781	0.3421	0.8858	0.5674	0.3033	0.8964	0.3663	0.3017	1.2889	0.5342	0.3047	1.2873	0.4303	0.2280	0.8291	0.4176	0.2519	0.8226	0.5412	0.1849	0.4573	0.6609	0.1842	0.4623	0.2792	0.1983	0.0614	0.6985	0.1411	0.0795	0.2286	0.1958	0.4508	0.6047	0.1926	0.4499	0.3313	0.2160	0.0691	0.6614	0.1639	0.0776	0.2597	0.1626	0.0358	0.6396	0.1126	0.0482	0.2655	0.3380	0.0381	0.7002	0.2876	0.0364	0.2544	0.1747	0.9566	0.4902	0.2337	0.0767	0.6243	0.1867	0.0757	0.2908	0.2067	0.4442	0.5484	0.2011	0.4375	0.3833
540	5.40	0.3419	0.8859	0.5661	0.3035	0.8963	0.3676	0.2599	0.4512	0.6225	0.2494	0.4792	0.3115	0.2424	0.3884	0.6283	0.2257	0.3928	0.2966	0.2156	0.2050	0.7059	0.2433	0.1530	0.6861	0.2713	0.1559	0.7294	0.1813	0.2138	0.2249	0.2000	0.1523	0.2372	0.2267	0.1581	0.1935	0.3227	0.8911	0.4669	0.3227	0.8911	0.4669	0.2401	0.0369	0.6664	0.1899	0.0430	0.2606	0.2040	0.2962	0.6276	0.1810	0.2992	0.3023	0.0160	-0.0053	0.0383	0.0095	-0.0002	-0.0374	0.3031	1.2881	0.4823	0.2119	0.6566	0.3784	0.0076	0.0265	-0.0466	0.2263	0.6534	0.5701	0.0130	0.0337	0.0450	-0.0525	-0.0154	-0.0870	-0.0500	-0.0255	0.0755	0.1787	-0.0489	0.1562	0.0621	0.0000	0.0000	0.0000	0.0000	0.0000	0.0037	0.0515	0.0000	-0.0658	-0.0356	-0.0530	-0.0641	-0.0387	0.0421	0.2074	-0.0349	-0.1334	0.0654	0.0000	0.0000	0.0000	0.0000	0.0000	0.0061	0.0512	0.0000	0.1916	1.3342	0.4782	0.3421	0.8858	0.5674	0.3033	0.8964	0.3663	0.3016	1.2889	0.5343	0.3046	1.2873	0.4304	0.2280	0.8291	0.4177	0.2518	0.8226	0.5412	0.1849	0.4574	0.6609	0.1842	0.4624	0.2792	0.1983	0.0615	0.6985	0.1411	0.0795	0.2286	0.1958	0.4508	0.6047	0.1926	0.4499	0.3313	0.2160	0.0691	0.6614	0.1639	0.0776	0.2597	0.1626	0.0358	0.6396	0.1126	0.0483	0.2654	0.3380	0.0382	0.7002	0.2876	0.0364	0.2544	0.1747	0.9566	0.4901	0.2337	0.0767	0.6243	0.1867	0.0758	0.2908	0.2067	0.4442	0.5484	0.2011	0.4375	0.3833
541	5.41	0.3419	0.8859	0.5661	0.3035	0.8964	0.3675	0.2598	0.4512	0.6225	0.2493	0.4792	0.3115	0.2424	0.3884	0.6282	0.2257	0.3929	0.2966	0.2156	0.2050	0.7059	0.2433	0.1531	0.6861	0.2712	0.1560	0.7294	0.1813	0.2138	0.2249	0.2000	0.1524	0.2372	0.2267	0.1581	0.1935	0.3227	0.8911	0.4668	0.3227	0.8911	0.4668	0.2401	0.0369	0.6663	0.1899	0.0430	0.2606	0.2040	0.2962	0.6276	0.1810	0.2991	0.3023	0.0160	-0.0053	0.0383	0.0095	-0.0002	-0.0374	0.3030	1.2881	0.4824	0.2119	0.6566	0.3784	0.0076	0.0265	-0.0466	0.2264	0.6534	0.5700	0.0130	0.0337	0.0449	-0.0524	-0.0154	-0.0871	-0.0500	-0.0256	0.0756	0.1786	-0.0490	0.1562	0.0621	0.0000	0.0000	0.0000	0.0000	0.0000	0.0037	0.0515	0.0000	-0.0658	-0.0356	-0.0530	-0.0641	-0.0388	0.0422	0.2074	-0.0348	-0.1334	0.0654	0.0000	0.0000	0.0000	0.0000	0.0000	0.0061	0.0512	0.0000	0.1915	1.3342	0.4783	0.3421	0.8858	0.5673	0.3032	0.8964	0.3663	0.3015	1.2889	0.5344	0.3046	1.2874	0.4305	0.2280	0.8291	0.4177	0.2519	0.8226	0.5412	0.1849	0.4574	0.6609	0.1842	0.4624	0.2792	0.1983	0.0615	0.6985	0.1411	0.0795	0.2286	0.1958	0.4508	0.6046	0.1926	0.4499	0.3313	0.2160	0.0691	0.6614	0.1639	0.0776	0.2597	0.1626	0.0358	0.6396	0.1125	0.0483	0.2654	0.3380	0.0382	0.7001	0.2876	0.0365	0.2544	0.1746	0.9566	0.4901	0.2337	0.0768	0.6243	0.1867	0.0758	0.2908	0.2067	0.4442	0.5484	0.2010	0.4375	0.3833
542	5.42	0.3419	0.8859	0.5661	0.3034	0.8964	0.3675	0.2598	0.4512	0.6225	0.2493	0.4792	0.3115	0.2424	0.3883	0.6283	0.2257	0.3929	0.2965	0.2155	0.2050	0.7059	0.2433	0.1530	0.6861	0.2712	0.1559	0.7294	0.1813	0.2138	0.2249	0.2000	0.1524	0.2372	0.2267	0.1582	0.1935	0.3227	0.8912	0.4668	0.3227	0.8912	0.4668	0.2401	0.0368	0.6664	0.1900	0.0430	0.2606	0.2040	0.2962	0.6276	0.1810	0.2991	0.3023	0.0160	-0.0053	0.0383	0.0095	-0.0002	-0.0374	0.3030	1.2881	0.4825	0.2119	0.6566	0.3784	0.0076	0.0264	-0.0467	0.2264	0.6534	0.5701	0.0130	0.0337	0.0450	-0.0524	-0.0154	-0.0871	-0.0501	-0.0256	0.0755	0.1786	-0.0489	0.1562	0.0621	0.0000	0.0000	0.0000	0.0000	0.0000	0.0037	0.0514	0.0000	-0.0658	-0.0356	-0.0530	-0.0642	-0.0389	0.0421	0.2074	-0.0347	-0.1334	0.0654	0.0000	0.0000	0.0000	0.0000	0.0000	0.0060	0.0512	0.0000	0.1914	1.3341	0.4785	0.3421	0.8859	0.5673	0.3032	0.8964	0.3663	0.3014	1.2889	0.5345	0.3045	1.2874	0.4306	0.2280	0.8291	0.4177	0.2519	0.8226	0.5412	0.1849	0.4574	0.6609	0.1842	0.4623	0.2793	0.1982	0.0615	0.6985	0.1411	0.0794	0.2286	0.1958	0.4508	0.6047	0.1926	0.4499	0.3313	0.2160	0.0691	0.6614	0.1639	0.0776	0.2597	0.1626	0.0358	0.6396	0.1126	0.0481	0.2655	0.3379	0.0382	0.7001	0.2876	0.0364	0.2544	0.1747	0.9565	0.4902	0.2337	0.0768	0.6243	0.1867	0.0757	0.2908	0.2067	0.4442	0.5484	0.2010	0.4375	0.3833
543	5.43	0.3419	0.8860	0.5661	0.3034	0.8964	0.3675	0.2598	0.4512	0.6225	0.2492	0.4792	0.3115	0.2423	0.3883	0.6283	0.2256	0.3929	0.2965	0.2155	0.2049	0.7059	0.2433	0.1530	0.6862	0.2712	0.1559	0.7294	0.1813	0.2138	0.2249	0.1999	0.1524	0.2372	0.2266	0.1582	0.1935	0.3226	0.8912	0.4668	0.3226	0.8912	0.4668	0.2401	0.0368	0.6664	0.1900	0.0429	0.2607	0.2039	0.2962	0.6277	0.1809	0.2991	0.3023	0.0160	-0.0053	0.0383	0.0095	-0.0002	-0.0374	0.3029	1.2881	0.4827	0.2118	0.6566	0.3784	0.0076	0.0265	-0.0467	0.2264	0.6534	0.5701	0.0130	0.0337	0.0450	-0.0525	-0.0154	-0.0870	-0.0501	-0.0257	0.0755	0.1787	-0.0489	0.1561	0.0621	0.0000	0.0000	0.0000	0.0000	0.0000	0.0037	0.0514	0.0000	-0.0658	-0.0356	-0.0529	-0.0643	-0.0389	0.0421	0.2074	-0.0347	-0.1333	0.0654	0.0000	0.0000	0.0000	0.0000	0.0000	0.0060	0.0512	0.0000	0.1913	1.3340	0.4786	0.3421	0.8859	0.5673	0.3031	0.8964	0.3663	0.3013	1.2888	0.5346	0.3045	1.2875	0.4307	0.2279	0.8291	0.4177	0.2519	0.8226	0.5412	0.1849	0.4573	0.6609	0.1841	0.4623	0.2793	0.1982	0.0615	0.6985	0.1410	0.0794	0.2287	0.1958	0.4508	0.6047	0.1925	0.4499	0.3313	0.2159	0.0691	0.6614	0.1639	0.0776	0.2597	0.1626	0.0358	0.6396	0.1126	0.0481	0.2656	0.3379	0.0382	0.7002	0.2876	0.0364	0.2544	0.1747	0.9565	0.4903	0.2336	0.0768	0.6243	0.1867	0.0757	0.2908	0.2066	0.4442	0.5485	0.2010	0.4374	0.3834
544	5.44	0.3419	0.8859	0.5661	0.3033	0.8964	0.3676	0.2598	0.4511	0.6225	0.2492	0.4792	0.3115	0.2422	0.3882	0.6283	0.2256	0.3928	0.2966	0.2155	0.2049	0.7059	0.2432	0.1530	0.6861	0.2712	0.1559	0.7294	0.1813	0.2138	0.2249	0.2000	0.1524	0.2372	0.2266	0.1581	0.1935	0.3226	0.8911	0.4668	0.3226	0.8911	0.4668	0.2401	0.0368	0.6664	0.1899	0.0429	0.2606	0.2039	0.2962	0.6277	0.1809	0.2991	0.3023	0.0160	-0.0053	0.0383	0.0095	-0.0002	-0.0374	0.3028	1.2881	0.4828	0.2118	0.6565	0.3784	0.0076	0.0264	-0.0467	0.2263	0.6534	0.5701	0.0130	0.0337	0.0449	-0.0525	-0.0154	-0.0870	-0.0501	-0.0257	0.0755	0.1787	-0.0490	0.1561	0.0621	0.0000	0.0000	0.0000	0.0000	0.0000	0.0037	0.0515	0.0000	-0.0658	-0.0356	-0.0529	-0.0642	-0.0389	0.0421	0.2074	-0.0348	-0.1333	0.0654	0.0000	0.0000	0.0000	0.0000	0.0000	0.0061	0.0512	0.0000	0.1912	1.3340	0.4787	0.3421	0.8858	0.5673	0.3031	0.8964	0.3664	0.3012	1.2888	0.5347	0.3044	1.2875	0.4308	0.2279	0.8291	0.4177	0.2519	0.8225	0.5412	0.1848	0.4573	0.6609	0.1841	0.4623	0.2793	0.1982	0.0614	0.6985	0.1410	0.0794	0.2287	0.1957	0.4507	0.6047	0.1925	0.4499	0.3313	0.2159	0.0691	0.6614	0.1638	0.0775	0.2597	0.1626	0.0357	0.6396	0.1125	0.0481	0.2656	0.3379	0.0381	0.7002	0.2876	0.0364	0.2544	0.1746	0.9565	0.4902	0.2337	0.0767	0.6243	0.1866	0.0757	0.2908	0.2066	0.4442	0.5484	0.2009	0.4374	0.3834
545	5.45	0.3419	0.8858	0.5661	0.3034	0.8964	0.3676	0.2597	0.4510	0.6225	0.2493	0.4791	0.3115	0.2422	0.3881	0.6283	0.2257	0.3928	0.2966	0.2155	0.2048	0.7059	0.2432	0.1529	0.6861	0.2711	0.1558	0.7294	0.1813	0.2138	0.2249	0.2000	0.1523	0.2373	0.2267	0.1581	0.1935	0.3226	0.8911	0.4669	0.3226	0.8911	0.4669	0.2401	0.0367	0.6664	0.1899	0.0429	0.2606	0.2039	0.2961	0.6277	0.1809	0.2990	0.3023	0.0160	-0.0053	0.0383	0.0095	-0.0002	-0.0374	0.3027	1.2881	0.4829	0.2118	0.6565	0.3784	0.0076	0.0264	-0.0467	0.2263	0.6533	0.5701	0.0130	0.0337	0.0449	-0.0524	-0.0154	-0.0870	-0.0501	-0.0257	0.0756	0.1786	-0.0490	0.1561	0.0621	0.0000	0.0000	0.0000	0.0000	0.0000	0.0038	0.0515	0.0000	-0.0658	-0.0355	-0.0529	-0.0642	-0.0389	0.0422	0.2074	-0.0349	-0.1334	0.0654	0.0000	0.0000	0.0000	0.0000	0.0000	0.0061	0.0512	0.0000	0.1911	1.3339	0.4788	0.3421	0.8858	0.5673	0.3031	0.8964	0.3664	0.3011	1.2887	0.5348	0.3044	1.2874	0.4309	0.2279	0.8290	0.4177	0.2519	0.8225	0.5412	0.1848	0.4572	0.6609	0.1841	0.4623	0.2793	0.1982	0.0614	0.6985	0.1410	0.0793	0.2287	0.1957	0.4507	0.6047	0.1925	0.4498	0.3313	0.2160	0.0690	0.6614	0.1638	0.0775	0.2597	0.1626	0.0357	0.6396	0.1125	0.0480	0.2656	0.3379	0.0381	0.7002	0.2876	0.0363	0.2544	0.1746	0.9564	0.4902	0.2337	0.0767	0.6244	0.1866	0.0756	0.2908	0.2067	0.4442	0.5484	0.2008	0.4373	0.3834
546	5.46	0.3419	0.8858	0.5661	0.3033	0.8964	0.3676	0.2597	0.4510	0.6226	0.2493	0.4791	0.3115	0.2422	0.3881	0.6284	0.2256	0.3928	0.2966	0.2155	0.2048	0.7060	0.2432	0.1528	0.6862	0.2712	0.1557	0.7295	0.1813	0.2137	0.2249	0.2000	0.1523	0.2373	0.2266	0.1581	0.1935	0.3226	0.8911	0.4669	0.3226	0.8911	0.4669	0.2401	0.0367	0.6664	0.1899	0.0428	0.2607	0.2039	0.2961	0.6277	0.1809	0.2990	0.3024	0.0160	-0.0053	0.0383	0.0094	-0.0002	-0.0374	0.3027	1.2880	0.4830	0.2118	0.6565	0.3784	0.0076	0.0264	-0.0467	0.2263	0.6533	0.5701	0.0131	0.0337	0.0450	-0.0525	-0.0154	-0.0870	-0.0501	-0.0256	0.0756	0.1787	-0.0489	0.1561	0.0621	0.0000	0.0000	0.0000	0.0000	0.0000	0.0037	0.0515	0.0000	-0.0658	-0.0356	-0.0529	-0.0643	-0.0389	0.0422	0.2074	-0.0349	-0.1333	0.0654	0.0000	0.0000	0.0000	0.0000	0.0000	0.0061	0.0512	0.0000	0.1911	1.3339	0.4789	0.3421	0.8857	0.5673	0.3031	0.8964	0.3664	0.3010	1.2886	0.5350	0.3043	1.2874	0.4310	0.2279	0.8290	0.4177	0.2519	0.8224	0.5412	0.1848	0.4572	0.6609	0.1841	0.4623	0.2793	0.1982	0.0613	0.6986	0.1410	0.0793	0.2287	0.1957	0.4507	0.6047	0.1925	0.4498	0.3314	0.2160	0.0690	0.6614	0.1638	0.0774	0.2598	0.1626	0.0356	0.6397	0.1126	0.0480	0.2656	0.3379	0.0380	0.7002	0.2876	0.0363	0.2545	0.1746	0.9564	0.4903	0.2337	0.0767	0.6243	0.1866	0.0755	0.2909	0.2066	0.4442	0.5484	0.2009	0.4373	0.3834
547	5.47	0.3419	0.8858	0.5661	0.3033	0.8964	0.3676	0.2597	0.4510	0.6226	0.2493	0.4791	0.3115	0.2422	0.3881	0.6284	0.2256	0.3928	0.2966	0.2155	0.2048	0.7060	0.2432	0.1529	0.6862	0.2711	0.1558	0.7295	0.1813	0.2138	0.2249	0.2000	0.1523	0.2373	0.2266	0.1581	0.1935	0.3226	0.8911	0.4669	0.3226	0.8911	0.4669	0.2401	0.0367	0.6665	0.1899	0.0428	0.2607	0.2039	0.2961	0.6277	0.1809	0.2990	0.3024	0.0161	-0.0053	0.0382	0.0094	-0.0002	-0.0374	0.3026	1.2881	0.4831	0.2118	0.6565	0.3784	0.0075	0.0265	-0.0467	0.2263	0.6533	0.5701	0.0131	0.0336	0.0450	-0.0525	-0.0153	-0.0870	-0.0501	-0.0256	0.0756	0.1787	-0.0489	0.1561	0.0621	0.0000	0.0000	0.0000	0.0000	0.0000	0.0037	0.0515	0.0000	-0.0658	-0.0356	-0.0529	-0.0643	-0.0389	0.0422	0.2074	-0.0349	-0.1333	0.0654	0.0000	0.0000	0.0000	0.0000	0.0000	0.0061	0.0512	0.0000	0.1910	1.3339	0.4791	0.3421	0.8857	0.5674	0.3031	0.8965	0.3664	0.3009	1.2886	0.5351	0.3043	1.2875	0.4311	0.2279	0.8290	0.4177	0.2519	0.8225	0.5412	0.1848	0.4572	0.6610	0.1841	0.4623	0.2793	0.1983	0.0613	0.6986	0.1410	0.0793	0.2287	0.1957	0.4507	0.6047	0.1925	0.4498	0.3314	0.2160	0.0690	0.6615	0.1638	0.0774	0.2598	0.1626	0.0356	0.6397	0.1126	0.0480	0.2656	0.3379	0.0380	0.7002	0.2876	0.0363	0.2545	0.1746	0.9564	0.4903	0.2337	0.0767	0.6244	0.1866	0.0755	0.2909	0.2066	0.4442	0.5484	0.2009	0.4373	0.3834
548	5.48	0.3419	0.8858	0.5662	0.3033	0.8964	0.3676	0.2598	0.4511	0.6226	0.2493	0.4792	0.3115	0.2423	0.3882	0.6283	0.2256	0.3928	0.2967	0.2155	0.2048	0.7060	0.2432	0.1529	0.6862	0.2711	0.1558	0.7295	0.1813	0.2138	0.2250	0.2000	0.1523	0.2373	0.2266	0.1581	0.1935	0.3226	0.8911	0.4669	0.3226	0.8911	0.4669	0.2401	0.0368	0.6664	0.1899	0.0429	0.2607	0.2039	0.2961	0.6277	0.1809	0.2990	0.3024	0.0160	-0.0053	0.0382	0.0094	-0.0002	-0.0374	0.3025	1.2881	0.4832	0.2118	0.6565	0.3784	0.0076	0.0265	-0.0467	0.2264	0.6533	0.5701	0.0131	0.0336	0.0450	-0.0525	-0.0153	-0.0870	-0.0500	-0.0256	0.0756	0.1787	-0.0489	0.1561	0.0621	0.0000	0.0000	0.0000	0.0000	0.0000	0.0037	0.0515	0.0000	-0.0658	-0.0355	-0.0529	-0.0642	-0.0388	0.0422	0.2074	-0.0349	-0.1334	0.0654	0.0000	0.0000	0.0000	0.0000	0.0000	0.0061	0.0512	0.0000	0.1909	1.3339	0.4791	0.3421	0.8858	0.5674	0.3031	0.8965	0.3664	0.3009	1.2887	0.5352	0.3042	1.2875	0.4312	0.2279	0.8291	0.4177	0.2519	0.8225	0.5412	0.1848	0.4572	0.6609	0.1841	0.4624	0.2793	0.1983	0.0614	0.6985	0.1410	0.0794	0.2287	0.1958	0.4507	0.6047	0.1925	0.4498	0.3314	0.2160	0.0690	0.6615	0.1638	0.0775	0.2598	0.1626	0.0357	0.6397	0.1125	0.0481	0.2656	0.3379	0.0381	0.7002	0.2876	0.0363	0.2545	0.1746	0.9564	0.4902	0.2337	0.0767	0.6244	0.1866	0.0756	0.2908	0.2067	0.4442	0.5484	0.2009	0.4373	0.3834
549	5.49	0.3419	0.8859	0.5662	0.3033	0.8964	0.3676	0.2598	0.4511	0.6226	0.2493	0.4792	0.3115	0.2423	0.3883	0.6283	0.2256	0.3928	0.2966	0.2155	0.2049	0.7059	0.2433	0.1530	0.6861	0.2712	0.1559	0.7294	0.1813	0.2138	0.2249	0.2000	0.1523	0.2373	0.2266	0.1581	0.1935	0.3226	0.8912	0.4669	0.3226	0.8912	0.4669	0.2401	0.0368	0.6664	0.1899	0.0429	0.2606	0.2040	0.2962	0.6277	0.1809	0.2991	0.3024	0.0160	-0.0053	0.0382	0.0095	-0.0002	-0.0374	0.3025	1.2882	0.4833	0.2118	0.6566	0.3785	0.0076	0.0265	-0.0467	0.2264	0.6534	0.5701	0.0130	0.0337	0.0450	-0.0524	-0.0153	-0.0870	-0.0500	-0.0256	0.0756	0.1786	-0.0490	0.1562	0.0621	0.0000	0.0000	0.0000	0.0000	0.0000	0.0037	0.0515	0.0000	-0.0658	-0.0355	-0.0530	-0.0642	-0.0388	0.0422	0.2074	-0.0348	-0.1334	0.0654	0.0000	0.0000	0.0000	0.0000	0.0000	0.0061	0.0512	0.0000	0.1909	1.3340	0.4792	0.3422	0.8858	0.5674	0.3031	0.8965	0.3664	0.3008	1.2887	0.5352	0.3042	1.2876	0.4313	0.2279	0.8291	0.4178	0.2519	0.8225	0.5412	0.1849	0.4573	0.6609	0.1841	0.4623	0.2793	0.1983	0.0614	0.6985	0.1410	0.0794	0.2286	0.1958	0.4508	0.6047	0.1925	0.4499	0.3314	0.2160	0.0691	0.6615	0.1638	0.0775	0.2597	0.1626	0.0358	0.6396	0.1126	0.0481	0.2655	0.3379	0.0381	0.7002	0.2876	0.0364	0.2544	0.1746	0.9565	0.4902	0.2337	0.0767	0.6244	0.1867	0.0757	0.2908	0.2067	0.4442	0.5485	0.2010	0.4374	0.3834
550	5.50	0.3420	0.8859	0.5661	0.3033	0.8965	0.3676	0.2599	0.4512	0.6226	0.2493	0.4792	0.3115	0.2424	0.3883	0.6283	0.2256	0.3928	0.2966	0.2156	0.2049	0.7059	0.2433	0.1530	0.6861	0.2712	0.1559	0.7294	0.1813	0.2138	0.2249	0.2000	0.1523	0.2373	0.2266	0.1581	0.1935	0.3226	0.8912	0.4669	0.3226	0.8912	0.4669	0.2401	0.0369	0.6664	0.1900	0.0430	0.2606	0.2040	0.2962	0.6277	0.1810	0.2991	0.3023	0.0160	-0.0053	0.0383	0.0095	-0.0002	-0.0374	0.3025	1.2882	0.4834	0.2118	0.6566	0.3784	0.0077	0.0265	-0.0466	0.2264	0.6534	0.5701	0.0130	0.0336	0.0450	-0.0524	-0.0153	-0.0871	-0.0500	-0.0255	0.0755	0.1786	-0.0491	0.1562	0.0621	0.0000	0.0000	0.0000	0.0000	0.0000	0.0037	0.0514	0.0000	-0.0658	-0.0355	-0.0530	-0.0642	-0.0388	0.0420	0.2074	-0.0348	-0.1333	0.0654	0.0000	0.0000	0.0000	0.0000	0.0000	0.0061	0.0512	0.0000	0.1908	1.3340	0.4793	0.3422	0.8859	0.5673	0.3031	0.8965	0.3664	0.3008	1.2888	0.5353	0.3042	1.2877	0.4314	0.2279	0.8292	0.4178	0.2519	0.8226	0.5412	0.1850	0.4574	0.6609	0.1841	0.4623	0.2793	0.1983	0.0615	0.6985	0.1411	0.0795	0.2286	0.1958	0.4508	0.6047	0.1926	0.4499	0.3314	0.2160	0.0691	0.6614	0.1639	0.0776	0.2597	0.1626	0.0358	0.6396	0.1126	0.0482	0.2655	0.3379	0.0382	0.7002	0.2876	0.0364	0.2544	0.1747	0.9566	0.4903	0.2337	0.0767	0.6243	0.1868	0.0757	0.2908	0.2067	0.4442	0.5485	0.2011	0.4375	0.3834
551	5.51	0.3420	0.8860	0.5661	0.3033	0.8965	0.3676	0.2599	0.4513	0.6225	0.2493	0.4792	0.3115	0.2425	0.3884	0.6283	0.2257	0.3929	0.2966	0.2156	0.2050	0.7059	0.2434	0.1531	0.6861	0.2712	0.1560	0.7294	0.1813	0.2138	0.2249	0.1999	0.1524	0.2372	0.2266	0.1582	0.1935	0.3227	0.8912	0.4669	0.3227	0.8912	0.4669	0.2401	0.0369	0.6663	0.1900	0.0431	0.2606	0.2040	0.2963	0.6277	0.1810	0.2992	0.3023	0.0160	-0.0053	0.0382	0.0095	-0.0002	-0.0374	0.3025	1.2883	0.4835	0.2118	0.6566	0.3784	0.0077	0.0265	-0.0466	0.2264	0.6535	0.5701	0.0129	0.0336	0.0450	-0.0524	-0.0153	-0.0871	-0.0500	-0.0255	0.0755	0.1786	-0.0491	0.1563	0.0621	0.0000	0.0000	0.0000	0.0000	0.0000	0.0037	0.0514	0.0000	-0.0658	-0.0355	-0.0531	-0.0641	-0.0388	0.0420	0.2074	-0.0348	-0.1334	0.0654	0.0000	0.0000	0.0000	0.0000	0.0000	0.0061	0.0512	0.0000	0.1908	1.3341	0.4793	0.3422	0.8859	0.5673	0.3031	0.8966	0.3664	0.3007	1.2889	0.5354	0.3042	1.2878	0.4315	0.2279	0.8292	0.4178	0.2520	0.8227	0.5412	0.1850	0.4574	0.6609	0.1841	0.4623	0.2793	0.1983	0.0616	0.6985	0.1411	0.0795	0.2286	0.1958	0.4508	0.6047	0.1926	0.4499	0.3313	0.2160	0.0692	0.6614	0.1639	0.0777	0.2597	0.1626	0.0359	0.6396	0.1126	0.0482	0.2655	0.3379	0.0383	0.7002	0.2876	0.0365	0.2544	0.1747	0.9566	0.4902	0.2337	0.0768	0.6243	0.1868	0.0758	0.2908	0.2067	0.4442	0.5485	0.2011	0.4375	0.3834
552	5.52	0.3420	0.8860	0.5661	0.3033	0.8965	0.3676	0.2599	0.4513	0.6225	0.2493	0.4792	0.3115	0.2424	0.3884	0.6282	0.2257	0.3929	0.2966	0.2156	0.2050	0.7059	0.2433	0.1531	0.6861	0.2712	0.1560	0.7294	0.1813	0.2138	0.2249	0.1999	0.1524	0.2372	0.2266	0.1582	0.1935	0.3227	0.8912	0.4669	0.3227	0.8912	0.4669	0.2401	0.0369	0.6663	0.1899	0.0431	0.2606	0.2040	0.2963	0.6276	0.1810	0.2992	0.3023	0.0160	-0.0053	0.0382	0.0095	-0.0002	-0.0374	0.3024	1.2883	0.4836	0.2118	0.6566	0.3785	0.0077	0.0265	-0.0466	0.2264	0.6535	0.5701	0.0129	0.0337	0.0450	-0.0524	-0.0153	-0.0871	-0.0500	-0.0255	0.0755	0.1786	-0.0491	0.1563	0.0621	0.0000	0.0000	0.0000	0.0000	0.0000	0.0037	0.0514	0.0000	-0.0658	-0.0355	-0.0531	-0.0641	-0.0388	0.0421	0.2074	-0.0348	-0.1333	0.0654	0.0000	0.0000	0.0000	0.0000	0.0000	0.0061	0.0512	0.0000	0.1907	1.3341	0.4794	0.3422	0.8859	0.5673	0.3031	0.8965	0.3664	0.3006	1.2889	0.5355	0.3041	1.2878	0.4316	0.2279	0.8292	0.4178	0.2520	0.8227	0.5413	0.1849	0.4575	0.6609	0.1841	0.4623	0.2793	0.1983	0.0616	0.6985	0.1411	0.0795	0.2286	0.1958	0.4508	0.6047	0.1926	0.4499	0.3313	0.2160	0.0692	0.6614	0.1639	0.0777	0.2597	0.1626	0.0359	0.6395	0.1125	0.0483	0.2655	0.3379	0.0383	0.7001	0.2876	0.0365	0.2544	0.1746	0.9567	0.4902	0.2337	0.0768	0.6243	0.1867	0.0758	0.2908	0.2067	0.4442	0.5485	0.2011	0.4375	0.3834
553	5.53	0.3421	0.8859	0.5661	0.3034	0.8965	0.3676	0.2599	0.4512	0.6225	0.2493	0.4792	0.3115	0.2424	0.3883	0.6283	0.2257	0.3928	0.2966	0.2156	0.2049	0.7059	0.2433	0.1530	0.6861	0.2712	0.1559	0.7294	0.1813	0.2138	0.2249	0.2000	0.1524	0.2372	0.2266	0.1581	0.1935	0.3227	0.8912	0.4669	0.3227	0.8912	0.4669	0.2401	0.0369	0.6664	0.1899	0.0430	0.2606	0.2040	0.2962	0.6277	0.1810	0.2991	0.3023	0.0160	-0.0053	0.0382	0.0095	-0.0002	-0.0374	0.3023	1.2883	0.4837	0.2119	0.6566	0.3785	0.0076	0.0265	-0.0466	0.2265	0.6534	0.5701	0.0130	0.0337	0.0449	-0.0524	-0.0153	-0.0871	-0.0501	-0.0256	0.0755	0.1786	-0.0491	0.1562	0.0621	0.0000	0.0000	0.0000	0.0000	0.0000	0.0038	0.0515	0.0000	-0.0658	-0.0355	-0.0530	-0.0642	-0.0388	0.0421	0.2074	-0.0348	-0.1333	0.0654	0.0000	0.0000	0.0000	0.0000	0.0000	0.0061	0.0512	0.0000	0.1906	1.3340	0.4795	0.3423	0.8859	0.5673	0.3031	0.8965	0.3664	0.3006	1.2888	0.5356	0.3041	1.2878	0.4317	0.2280	0.8292	0.4178	0.2520	0.8226	0.5413	0.1850	0.4574	0.6609	0.1841	0.4623	0.2793	0.1983	0.0615	0.6985	0.1411	0.0794	0.2286	0.1959	0.4508	0.6047	0.1926	0.4499	0.3314	0.2160	0.0691	0.6614	0.1639	0.0776	0.2597	0.1626	0.0358	0.6396	0.1126	0.0482	0.2655	0.3379	0.0382	0.7002	0.2876	0.0364	0.2544	0.1747	0.9566	0.4902	0.2337	0.0767	0.6243	0.1867	0.0757	0.2908	0.2068	0.4442	0.5485	0.2011	0.4375	0.3834
554	5.54	0.3421	0.8859	0.5661	0.3034	0.8965	0.3676	0.2599	0.4511	0.6226	0.2493	0.4792	0.3115	0.2424	0.3882	0.6283	0.2257	0.3928	0.2966	0.2156	0.2049	0.7059	0.2433	0.1529	0.6862	0.2712	0.1558	0.7295	0.1813	0.2138	0.2249	0.2000	0.1524	0.2373	0.2266	0.1581	0.1935	0.3227	0.8912	0.4669	0.3227	0.8912	0.4669	0.2401	0.0368	0.6664	0.1900	0.0429	0.2607	0.2040	0.2962	0.6277	0.1810	0.2990	0.3024	0.0160	-0.0053	0.0383	0.0095	-0.0002	-0.0374	0.3023	1.2883	0.4838	0.2119	0.6565	0.3785	0.0076	0.0265	-0.0467	0.2265	0.6534	0.5701	0.0130	0.0337	0.0450	-0.0524	-0.0153	-0.0870	-0.0501	-0.0256	0.0755	0.1786	-0.0490	0.1561	0.0621	0.0000	0.0000	0.0000	0.0000	0.0000	0.0037	0.0515	0.0000	-0.0658	-0.0355	-0.0529	-0.0643	-0.0389	0.0421	0.2074	-0.0348	-0.1334	0.0654	0.0000	0.0000	0.0000	0.0000	0.0000	0.0061	0.0512	0.0000	0.1906	1.3339	0.4797	0.3423	0.8858	0.5673	0.3031	0.8965	0.3664	0.3005	1.2887	0.5358	0.3041	1.2878	0.4318	0.2280	0.8291	0.4178	0.2521	0.8225	0.5412	0.1850	0.4573	0.6610	0.1842	0.4623	0.2793	0.1983	0.0614	0.6985	0.1411	0.0794	0.2287	0.1959	0.4508	0.6047	0.1926	0.4499	0.3314	0.2160	0.0691	0.6614	0.1639	0.0775	0.2598	0.1626	0.0357	0.6397	0.1126	0.0480	0.2656	0.3379	0.0381	0.7002	0.2876	0.0364	0.2544	0.1748	0.9564	0.4904	0.2337	0.0767	0.6243	0.1867	0.0756	0.2908	0.2068	0.4442	0.5485	0.2011	0.4374	0.3834
555	5.55	0.3421	0.8859	0.5661	0.3034	0.8965	0.3676	0.2599	0.4510	0.6226	0.2493	0.4792	0.3115	0.2424	0.3881	0.6284	0.2257	0.3928	0.2966	0.2155	0.2048	0.7060	0.2433	0.1529	0.6862	0.2712	0.1558	0.7295	0.1813	0.2138	0.2249	0.2000	0.1523	0.2373	0.2266	0.1581	0.1935	0.3227	0.8912	0.4669	0.3227	0.8912	0.4669	0.2401	0.0367	0.6664	0.1899	0.0428	0.2607	0.2040	0.2962	0.6277	0.1809	0.2990	0.3024	0.0161	-0.0053	0.0383	0.0095	-0.0002	-0.0374	0.3022	1.2883	0.4839	0.2119	0.6565	0.3785	0.0076	0.0264	-0.0467	0.2265	0.6533	0.5701	0.0131	0.0337	0.0450	-0.0525	-0.0154	-0.0870	-0.0501	-0.0257	0.0756	0.1787	-0.0489	0.1561	0.0621	0.0000	0.0000	0.0000	0.0000	0.0000	0.0037	0.0515	0.0000	-0.0658	-0.0355	-0.0529	-0.0643	-0.0389	0.0422	0.2074	-0.0348	-0.1334	0.0654	0.0000	0.0000	0.0000	0.0000	0.0000	0.0061	0.0512	0.0000	0.1905	1.3339	0.4797	0.3423	0.8858	0.5673	0.3032	0.8966	0.3664	0.3004	1.2887	0.5359	0.3041	1.2879	0.4319	0.2281	0.8291	0.4178	0.2521	0.8225	0.5412	0.1850	0.4572	0.6610	0.1842	0.4624	0.2793	0.1982	0.0614	0.6985	0.1410	0.0793	0.2287	0.1959	0.4507	0.6047	0.1926	0.4498	0.3314	0.2160	0.0690	0.6614	0.1638	0.0775	0.2598	0.1626	0.0357	0.6397	0.1126	0.0480	0.2656	0.3379	0.0381	0.7002	0.2876	0.0363	0.2545	0.1747	0.9564	0.4904	0.2337	0.0767	0.6243	0.1866	0.0756	0.2908	0.2068	0.4442	0.5485	0.2010	0.4373	0.3834
556	5.56	0.3421	0.8859	0.5662	0.3034	0.8965	0.3676	0.2599	0.4510	0.6226	0.2493	0.4792	0.3115	0.2423	0.3881	0.6284	0.2257	0.3928	0.2966	0.2155	0.2048	0.7060	0.2432	0.1529	0.6862	0.2712	0.1558	0.7295	0.1813	0.2138	0.2249	0.2000	0.1523	0.2373	0.2266	0.1581	0.1935	0.3228	0.8912	0.4669	0.3228	0.8912	0.4669	0.2400	0.0367	0.6664	0.1899	0.0428	0.2607	0.2040	0.2961	0.6277	0.1809	0.2990	0.3024	0.0160	-0.0053	0.0382	0.0094	-0.0002	-0.0374	0.3022	1.2883	0.4840	0.2119	0.6565	0.3785	0.0076	0.0264	-0.0467	0.2266	0.6533	0.5701	0.0131	0.0337	0.0449	-0.0525	-0.0154	-0.0870	-0.0501	-0.0257	0.0756	0.1787	-0.0489	0.1561	0.0621	0.0000	0.0000	0.0000	0.0000	0.0000	0.0037	0.0515	0.0000	-0.0658	-0.0355	-0.0528	-0.0642	-0.0389	0.0423	0.2074	-0.0348	-0.1334	0.0654	0.0000	0.0000	0.0000	0.0000	0.0000	0.0060	0.0512	0.0000	0.1904	1.3339	0.4798	0.3424	0.8858	0.5674	0.3032	0.8965	0.3664	0.3003	1.2887	0.5360	0.3041	1.2879	0.4320	0.2281	0.8291	0.4178	0.2522	0.8225	0.5412	0.1850	0.4572	0.6609	0.1842	0.4624	0.2793	0.1982	0.0613	0.6985	0.1409	0.0794	0.2287	0.1959	0.4507	0.6047	0.1926	0.4498	0.3314	0.2160	0.0690	0.6614	0.1638	0.0774	0.2598	0.1625	0.0357	0.6397	0.1125	0.0480	0.2656	0.3379	0.0380	0.7002	0.2876	0.0363	0.2544	0.1747	0.9564	0.4903	0.2337	0.0767	0.6244	0.1866	0.0755	0.2908	0.2068	0.4443	0.5485	0.2009	0.4373	0.3835
557	5.57	0.3422	0.8859	0.5662	0.3034	0.8965	0.3676	0.2600	0.4510	0.6226	0.2494	0.4791	0.3115	0.2424	0.3881	0.6284	0.2257	0.3928	0.2967	0.2156	0.2048	0.7060	0.2433	0.1529	0.6862	0.2712	0.1558	0.7295	0.1813	0.2138	0.2250	0.2000	0.1523	0.2373	0.2266	0.1581	0.1935	0.3228	0.8912	0.4669	0.3228	0.8912	0.4669	0.2401	0.0367	0.6664	0.1899	0.0428	0.2607	0.2041	0.2961	0.6277	0.1809	0.2990	0.3024	0.0160	-0.0053	0.0382	0.0094	-0.0002	-0.0374	0.3022	1.2883	0.4841	0.2120	0.6565	0.3785	0.0076	0.0265	-0.0467	0.2266	0.6533	0.5701	0.0131	0.0337	0.0450	-0.0525	-0.0154	-0.0870	-0.0501	-0.0257	0.0756	0.1787	-0.0488	0.1561	0.0621	0.0000	0.0000	0.0000	0.0000	0.0000	0.0037	0.0515	0.0000	-0.0658	-0.0356	-0.0528	-0.0642	-0.0389	0.0422	0.2074	-0.0348	-0.1334	0.0654	0.0000	0.0000	0.0000	0.0000	0.0000	0.0060	0.0512	0.0000	0.1904	1.3338	0.4799	0.3425	0.8858	0.5674	0.3032	0.8965	0.3664	0.3003	1.2887	0.5361	0.3041	1.2879	0.4321	0.2281	0.8291	0.4178	0.2522	0.8225	0.5413	0.1851	0.4572	0.6610	0.1842	0.4623	0.2794	0.1983	0.0613	0.6985	0.1410	0.0793	0.2287	0.1960	0.4507	0.6047	0.1926	0.4498	0.3314	0.2160	0.0690	0.6614	0.1638	0.0774	0.2598	0.1626	0.0357	0.6397	0.1126	0.0480	0.2656	0.3379	0.0380	0.7002	0.2876	0.0363	0.2545	0.1748	0.9564	0.4904	0.2337	0.0766	0.6243	0.1866	0.0755	0.2909	0.2069	0.4442	0.5485	0.2010	0.4373	0.3835
558	5.58	0.3423	0.8859	0.5662	0.3035	0.8965	0.3676	0.2600	0.4510	0.6226	0.2494	0.4791	0.3115	0.2425	0.3881	0.6284	0.2257	0.3928	0.2967	0.2156	0.2048	0.7059	0.2433	0.1529	0.6862	0.2713	0.1558	0.7294	0.1813	0.2138	0.2250	0.2000	0.1523	0.2373	0.2266	0.1581	0.1935	0.3229	0.8912	0.4669	0.3229	0.8912	0.4669	0.2401	0.0367	0.6664	0.1900	0.0428	0.2607	0.2041	0.2961	0.6277	0.1810	0.2990	0.3024	0.0160	-0.0053	0.0383	0.0094	-0.0002	-0.0374	0.3022	1.2884	0.4842	0.2120	0.6565	0.3785	0.0076	0.0264	-0.0467	0.2267	0.6533	0.5701	0.0131	0.0337	0.0450	-0.0525	-0.0155	-0.0870	-0.0501	-0.0256	0.0756	0.1787	-0.0487	0.1561	0.0621	0.0000	0.0000	0.0000	0.0000	0.0000	0.0037	0.0515	0.0000	-0.0658	-0.0356	-0.0528	-0.0643	-0.0388	0.0422	0.2074	-0.0349	-0.1333	0.0654	0.0000	0.0000	0.0000	0.0000	0.0000	0.0061	0.0512	0.0000	0.1903	1.3338	0.4800	0.3425	0.8858	0.5673	0.3033	0.8965	0.3664	0.3002	1.2887	0.5362	0.3041	1.2880	0.4322	0.2282	0.8291	0.4178	0.2523	0.8225	0.5413	0.1851	0.4572	0.6609	0.1842	0.4623	0.2794	0.1982	0.0613	0.6985	0.1410	0.0794	0.2287	0.1960	0.4507	0.6047	0.1926	0.4498	0.3314	0.2160	0.0690	0.6614	0.1638	0.0775	0.2598	0.1626	0.0357	0.6396	0.1126	0.0480	0.2656	0.3379	0.0380	0.7002	0.2876	0.0363	0.2544	0.1748	0.9564	0.4904	0.2337	0.0766	0.6243	0.1866	0.0755	0.2908	0.2069	0.4442	0.5485	0.2010	0.4373	0.3835
559	5.59	0.3424	0.8859	0.5661	0.3035	0.8965	0.3676	0.2600	0.4511	0.6225	0.2494	0.4792	0.3115	0.2425	0.3882	0.6283	0.2257	0.3928	0.2967	0.2156	0.2049	0.7059	0.2433	0.1529	0.6862	0.2713	0.1559	0.7294	0.1813	0.2138	0.2249	0.2000	0.1523	0.2373	0.2266	0.1581	0.1935	0.3229	0.8912	0.4669	0.3229	0.8912	0.4669	0.2401	0.0368	0.6664	0.1899	0.0429	0.2607	0.2041	0.2962	0.6277	0.1810	0.2991	0.3024	0.0160	-0.0053	0.0383	0.0094	-0.0002	-0.0374	0.3021	1.2885	0.4842	0.2120	0.6566	0.3785	0.0076	0.0264	-0.0467	0.2267	0.6534	0.5701	0.0130	0.0337	0.0450	-0.0525	-0.0155	-0.0870	-0.0501	-0.0256	0.0756	0.1787	-0.0487	0.1561	0.0621	0.0000	0.0000	0.0000	0.0000	0.0000	0.0037	0.0514	0.0000	-0.0658	-0.0356	-0.0529	-0.0642	-0.0388	0.0422	0.2074	-0.0349	-0.1333	0.0654	0.0000	0.0000	0.0000	0.0000	0.0000	0.0061	0.0512	0.0000	0.1903	1.3339	0.4801	0.3426	0.8858	0.5673	0.3033	0.8966	0.3664	0.3002	1.2888	0.5362	0.3041	1.2881	0.4323	0.2282	0.8291	0.4178	0.2524	0.8225	0.5413	0.1851	0.4573	0.6609	0.1842	0.4623	0.2794	0.1982	0.0614	0.6985	0.1410	0.0794	0.2287	0.1960	0.4508	0.6047	0.1926	0.4499	0.3314	0.2160	0.0690	0.6614	0.1638	0.0775	0.2598	0.1626	0.0357	0.6396	0.1126	0.0481	0.2656	0.3379	0.0381	0.7002	0.2876	0.0363	0.2544	0.1749	0.9564	0.4904	0.2337	0.0767	0.6243	0.1866	0.0756	0.2908	0.2069	0.4442	0.5485	0.2011	0.4374	0.3835
560	5.60	0.3424	0.8859	0.5661	0.3036	0.8965	0.3676	0.2601	0.4511	0.6225	0.2494	0.4792	0.3115	0.2426	0.3882	0.6283	0.2257	0.3928	0.2966	0.2157	0.2049	0.7059	0.2433	0.1530	0.6862	0.2713	0.1559	0.7294	0.1813	0.2138	0.2250	0.2000	0.1524	0.2373	0.2266	0.1581	0.1935	0.3230	0.8912	0.4669	0.3230	0.8912	0.4669	0.2401	0.0368	0.6664	0.1900	0.0429	0.2607	0.2041	0.2962	0.6277	0.1810	0.2991	0.3024	0.0160	-0.0053	0.0383	0.0095	-0.0002	-0.0374	0.3021	1.2885	0.4844	0.2121	0.6566	0.3785	0.0076	0.0265	-0.0467	0.2268	0.6534	0.5701	0.0130	0.0337	0.0450	-0.0525	-0.0155	-0.0870	-0.0501	-0.0256	0.0755	0.1788	-0.0487	0.1561	0.0621	0.0000	0.0000	0.0000	0.0000	0.0000	0.0038	0.0514	0.0000	-0.0659	-0.0357	-0.0528	-0.0642	-0.0389	0.0421	0.2074	-0.0348	-0.1333	0.0654	0.0000	0.0000	0.0000	0.0000	0.0000	0.0060	0.0512	0.0000	0.1903	1.3339	0.4802	0.3427	0.8859	0.5673	0.3033	0.8966	0.3664	0.3002	1.2889	0.5363	0.3041	1.2882	0.4324	0.2283	0.8291	0.4178	0.2524	0.8226	0.5413	0.1852	0.4573	0.6609	0.1842	0.4623	0.2794	0.1982	0.0614	0.6985	0.1410	0.0794	0.2287	0.1961	0.4508	0.6047	0.1927	0.4499	0.3314	0.2159	0.0691	0.6614	0.1639	0.0775	0.2598	0.1626	0.0357	0.6396	0.1126	0.0481	0.2656	0.3379	0.0381	0.7002	0.2876	0.0364	0.2544	0.1750	0.9565	0.4904	0.2337	0.0767	0.6243	0.1867	0.0757	0.2908	0.2069	0.4442	0.5485	0.2012	0.4374	0.3835
561	5.61	0.3425	0.8859	0.5661	0.3036	0.8965	0.3676	0.2602	0.4512	0.6225	0.2494	0.4792	0.3115	0.2426	0.3883	0.6283	0.2258	0.3928	0.2966	0.2157	0.2050	0.7059	0.2434	0.1530	0.6861	0.2714	0.1560	0.7294	0.1813	0.2138	0.2250	0.2000	0.1524	0.2373	0.2266	0.1582	0.1935	0.3231	0.8912	0.4669	0.3231	0.8912	0.4669	0.2401	0.0368	0.6663	0.1900	0.0430	0.2606	0.2041	0.2962	0.6277	0.1811	0.2991	0.3024	0.0160	-0.0053	0.0383	0.0095	-0.0002	-0.0374	0.3021	1.2886	0.4844	0.2121	0.6566	0.3785	0.0077	0.0265	-0.0466	0.2268	0.6534	0.5701	0.0130	0.0337	0.0450	-0.0525	-0.0156	-0.0870	-0.0501	-0.0256	0.0755	0.1788	-0.0486	0.1561	0.0621	0.0000	0.0000	0.0000	0.0000	0.0000	0.0038	0.0514	0.0000	-0.0659	-0.0357	-0.0528	-0.0642	-0.0388	0.0421	0.2075	-0.0348	-0.1333	0.0654	0.0000	0.0000	0.0000	0.0000	0.0000	0.0061	0.0512	0.0000	0.1903	1.3339	0.4803	0.3427	0.8859	0.5673	0.3034	0.8966	0.3664	0.3002	1.2889	0.5364	0.3041	1.2883	0.4324	0.2283	0.8292	0.4178	0.2525	0.8226	0.5413	0.1852	0.4574	0.6609	0.1842	0.4623	0.2794	0.1982	0.0615	0.6985	0.1411	0.0794	0.2287	0.1961	0.4508	0.6047	0.1927	0.4499	0.3314	0.2159	0.0691	0.6614	0.1639	0.0776	0.2598	0.1626	0.0358	0.6396	0.1126	0.0482	0.2656	0.3379	0.0382	0.7001	0.2876	0.0364	0.2544	0.1750	0.9566	0.4904	0.2337	0.0767	0.6242	0.1867	0.0757	0.2908	0.2070	0.4443	0.5485	0.2013	0.4375	0.3835
562	5.62	0.3426	0.8859	0.5661	0.3037	0.8965	0.3676	0.2602	0.4512	0.6225	0.2494	0.4792	0.3115	0.2427	0.3884	0.6283	0.2258	0.3929	0.2966	0.2157	0.2050	0.7059	0.2434	0.1531	0.6861	0.2714	0.1560	0.7293	0.1813	0.2139	0.2250	0.2000	0.1524	0.2373	0.2266	0.1582	0.1935	0.3232	0.8912	0.4669	0.3232	0.8912	0.4669	0.2401	0.0369	0.6663	0.1900	0.0430	0.2606	0.2042	0.2963	0.6276	0.1811	0.2992	0.3024	0.0160	-0.0053	0.0383	0.0095	-0.0002	-0.0374	0.3022	1.2887	0.4845	0.2122	0.6566	0.3785	0.0077	0.0265	-0.0466	0.2269	0.6535	0.5701	0.0129	0.0337	0.0450	-0.0525	-0.0156	-0.0870	-0.0500	-0.0255	0.0755	0.1788	-0.0485	0.1562	0.0621	0.0000	0.0000	0.0000	0.0000	0.0000	0.0038	0.0514	0.0000	-0.0659	-0.0358	-0.0528	-0.0642	-0.0388	0.0421	0.2074	-0.0348	-0.1333	0.0654	0.0000	0.0000	0.0000	0.0000	0.0000	0.0061	0.0512	0.0000	0.1902	1.3340	0.4803	0.3428	0.8859	0.5673	0.3035	0.8966	0.3664	0.3001	1.2890	0.5365	0.3042	1.2884	0.4325	0.2284	0.8292	0.4178	0.2526	0.8226	0.5413	0.1853	0.4575	0.6609	0.1842	0.4623	0.2794	0.1982	0.0616	0.6985	0.1411	0.0795	0.2286	0.1961	0.4509	0.6047	0.1928	0.4499	0.3314	0.2159	0.0692	0.6613	0.1639	0.0777	0.2597	0.1626	0.0358	0.6395	0.1126	0.0483	0.2655	0.3380	0.0382	0.7001	0.2876	0.0365	0.2544	0.1750	0.9566	0.4904	0.2336	0.0768	0.6242	0.1868	0.0758	0.2908	0.2070	0.4443	0.5485	0.2013	0.4375	0.3834
563	5.63	0.3427	0.8859	0.5661	0.3038	0.8965	0.3676	0.2603	0.4513	0.6225	0.2495	0.4792	0.3115	0.2427	0.3884	0.6283	0.2258	0.3929	0.2967	0.2158	0.2051	0.7059	0.2434	0.1531	0.6861	0.2715	0.1561	0.7293	0.1813	0.2139	0.2250	0.2000	0.1524	0.2373	0.2266	0.1582	0.1935	0.3232	0.8912	0.4669	0.3232	0.8912	0.4669	0.2401	0.0369	0.6663	0.1900	0.0431	0.2606	0.2042	0.2963	0.6276	0.1811	0.2992	0.3024	0.0160	-0.0053	0.0383	0.0095	-0.0002	-0.0374	0.3022	1.2887	0.4846	0.2122	0.6566	0.3785	0.0077	0.0265	-0.0466	0.2269	0.6535	0.5702	0.0130	0.0336	0.0450	-0.0526	-0.0157	-0.0869	-0.0500	-0.0255	0.0755	0.1789	-0.0484	0.1562	0.0621	0.0000	0.0000	0.0000	0.0000	0.0000	0.0038	0.0514	0.0000	-0.0659	-0.0358	-0.0528	-0.0641	-0.0388	0.0421	0.2074	-0.0347	-0.1334	0.0654	0.0000	0.0000	0.0000	0.0000	0.0000	0.0060	0.0512	0.0000	0.1902	1.3340	0.4804	0.3429	0.8859	0.5673	0.3035	0.8966	0.3664	0.3001	1.2890	0.5365	0.3042	1.2884	0.4326	0.2284	0.8292	0.4179	0.2526	0.8226	0.5413	0.1854	0.4575	0.6609	0.1842	0.4624	0.2794	0.1983	0.0616	0.6985	0.1411	0.0796	0.2286	0.1962	0.4509	0.6047	0.1928	0.4500	0.3314	0.2159	0.0692	0.6613	0.1640	0.0777	0.2597	0.1626	0.0359	0.6395	0.1126	0.0483	0.2655	0.3380	0.0382	0.7001	0.2876	0.0365	0.2544	0.1751	0.9567	0.4904	0.2336	0.0767	0.6242	0.1868	0.0758	0.2908	0.2070	0.4443	0.5485	0.2014	0.4375	0.3834
564	5.64	0.3427	0.8859	0.5661	0.3038	0.8965	0.3676	0.2603	0.4512	0.6225	0.2495	0.4792	0.3116	0.2427	0.3883	0.6283	0.2258	0.3928	0.2967	0.2158	0.2050	0.7059	0.2434	0.1530	0.6861	0.2715	0.1560	0.7293	0.1813	0.2138	0.2250	0.2000	0.1524	0.2373	0.2266	0.1581	0.1935	0.3233	0.8912	0.4669	0.3233	0.8912	0.4669	0.2401	0.0369	0.6663	0.1900	0.0430	0.2606	0.2042	0.2962	0.6277	0.1811	0.2991	0.3024	0.0160	-0.0054	0.0382	0.0095	-0.0002	-0.0374	0.3021	1.2887	0.4847	0.2123	0.6566	0.3786	0.0076	0.0265	-0.0466	0.2270	0.6534	0.5702	0.0130	0.0337	0.0450	-0.0527	-0.0157	-0.0869	-0.0500	-0.0256	0.0755	0.1789	-0.0483	0.1561	0.0621	0.0000	0.0000	0.0000	0.0000	0.0000	0.0038	0.0515	0.0000	-0.0660	-0.0359	-0.0527	-0.0641	-0.0388	0.0421	0.2074	-0.0347	-0.1333	0.0654	0.0000	0.0000	0.0000	0.0000	0.0000	0.0060	0.0512	0.0000	0.1902	1.3340	0.4805	0.3430	0.8858	0.5673	0.3036	0.8965	0.3664	0.3001	1.2889	0.5367	0.3042	1.2884	0.4328	0.2285	0.8292	0.4179	0.2527	0.8226	0.5413	0.1854	0.4574	0.6610	0.1843	0.4624	0.2795	0.1983	0.0615	0.6985	0.1411	0.0795	0.2287	0.1962	0.4509	0.6047	0.1928	0.4499	0.3315	0.2159	0.0691	0.6613	0.1639	0.0776	0.2597	0.1626	0.0359	0.6395	0.1126	0.0483	0.2656	0.3380	0.0382	0.7001	0.2877	0.0365	0.2544	0.1752	0.9566	0.4905	0.2336	0.0767	0.6242	0.1868	0.0758	0.2908	0.2071	0.4443	0.5485	0.2014	0.4375	0.3835
565	5.65	0.3428	0.8858	0.5661	0.3038	0.8964	0.3676	0.2603	0.4511	0.6225	0.2495	0.4791	0.3116	0.2427	0.3882	0.6284	0.2259	0.3928	0.2967	0.2158	0.2049	0.7059	0.2434	0.1529	0.6862	0.2715	0.1560	0.7293	0.1814	0.2138	0.2250	0.2000	0.1523	0.2373	0.2266	0.1581	0.1935	0.3233	0.8911	0.4669	0.3233	0.8911	0.4669	0.2401	0.0368	0.6663	0.1900	0.0430	0.2607	0.2042	0.2962	0.6277	0.1811	0.2991	0.3024	0.0160	-0.0053	0.0383	0.0095	-0.0002	-0.0374	0.3022	1.2886	0.4848	0.2123	0.6565	0.3786	0.0076	0.0265	-0.0466	0.2271	0.6534	0.5702	0.0130	0.0337	0.0449	-0.0527	-0.0158	-0.0868	-0.0500	-0.0256	0.0755	0.1790	-0.0482	0.1560	0.0621	0.0000	0.0000	0.0000	0.0000	0.0000	0.0038	0.0515	0.0000	-0.0660	-0.0359	-0.0526	-0.0642	-0.0388	0.0421	0.2074	-0.0348	-0.1333	0.0654	0.0000	0.0000	0.0000	0.0000	0.0000	0.0060	0.0512	0.0000	0.1901	1.3339	0.4806	0.3431	0.8858	0.5673	0.3036	0.8965	0.3664	0.3001	1.2888	0.5368	0.3043	1.2885	0.4329	0.2285	0.8291	0.4179	0.2528	0.8225	0.5413	0.1854	0.4573	0.6610	0.1843	0.4623	0.2795	0.1982	0.0614	0.6985	0.1410	0.0795	0.2287	0.1963	0.4508	0.6048	0.1928	0.4499	0.3315	0.2159	0.0690	0.6614	0.1639	0.0775	0.2598	0.1626	0.0358	0.6396	0.1126	0.0482	0.2656	0.3380	0.0381	0.7001	0.2876	0.0364	0.2544	0.1752	0.9565	0.4905	0.2336	0.0766	0.6242	0.1867	0.0756	0.2908	0.2071	0.4443	0.5485	0.2013	0.4374	0.3835
566	5.66	0.3429	0.8858	0.5661	0.3039	0.8965	0.3676	0.2603	0.4510	0.6226	0.2496	0.4791	0.3116	0.2427	0.3881	0.6284	0.2259	0.3928	0.2967	0.2158	0.2049	0.7059	0.2434	0.1529	0.6862	0.2715	0.1559	0.7294	0.1814	0.2138	0.2250	0.2000	0.1523	0.2373	0.2266	0.1581	0.1935	0.3234	0.8911	0.4668	0.3234	0.8911	0.4668	0.2401	0.0367	0.6664	0.1900	0.0428	0.2607	0.2042	0.2961	0.6277	0.1811	0.2990	0.3025	0.0160	-0.0053	0.0383	0.0094	-0.0002	-0.0374	0.3022	1.2886	0.4849	0.2124	0.6565	0.3786	0.0076	0.0265	-0.0467	0.2272	0.6533	0.5702	0.0131	0.0336	0.0449	-0.0528	-0.0160	-0.0868	-0.0501	-0.0257	0.0756	0.1791	-0.0480	0.1559	0.0621	0.0000	0.0000	0.0000	0.0000	0.0000	0.0038	0.0515	0.0000	-0.0660	-0.0360	-0.0525	-0.0643	-0.0389	0.0422	0.2075	-0.0348	-0.1333	0.0654	0.0000	0.0000	0.0000	0.0000	0.0000	0.0061	0.0512	0.0000	0.1902	1.3338	0.4808	0.3432	0.8858	0.5673	0.3037	0.8965	0.3664	0.3001	1.2887	0.5369	0.3043	1.2885	0.4330	0.2287	0.8290	0.4179	0.2529	0.8224	0.5413	0.1854	0.4572	0.6610	0.1843	0.4623	0.2795	0.1982	0.0613	0.6985	0.1410	0.0794	0.2288	0.1963	0.4508	0.6048	0.1928	0.4498	0.3315	0.2159	0.0690	0.6613	0.1639	0.0775	0.2598	0.1626	0.0357	0.6396	0.1126	0.0480	0.2657	0.3379	0.0380	0.7001	0.2876	0.0363	0.2544	0.1753	0.9564	0.4906	0.2336	0.0766	0.6242	0.1867	0.0755	0.2909	0.2071	0.4443	0.5486	0.2013	0.4373	0.3836
567	5.67	0.3430	0.8858	0.5661	0.3040	0.8965	0.3676	0.2603	0.4509	0.6226	0.2496	0.4792	0.3116	0.2427	0.3881	0.6284	0.2259	0.3928	0.2967	0.2158	0.2048	0.7060	0.2433	0.1528	0.6863	0.2715	0.1559	0.7294	0.1814	0.2138	0.2250	0.2000	0.1523	0.2373	0.2266	0.1581	0.1935	0.3235	0.8911	0.4668	0.3235	0.8911	0.4668	0.2401	0.0367	0.6664	0.1900	0.0428	0.2608	0.2042	0.2961	0.6277	0.1811	0.2990	0.3025	0.0160	-0.0053	0.0383	0.0095	-0.0002	-0.0374	0.3023	1.2886	0.4850	0.2124	0.6565	0.3786	0.0075	0.0264	-0.0467	0.2272	0.6533	0.5702	0.0131	0.0336	0.0449	-0.0528	-0.0161	-0.0867	-0.0502	-0.0257	0.0756	0.1791	-0.0478	0.1559	0.0621	0.0000	0.0000	0.0000	0.0000	0.0000	0.0037	0.0515	0.0000	-0.0660	-0.0361	-0.0524	-0.0643	-0.0389	0.0422	0.2075	-0.0348	-0.1332	0.0654	0.0000	0.0000	0.0000	0.0000	0.0000	0.0061	0.0512	0.0000	0.1902	1.3337	0.4809	0.3433	0.8857	0.5673	0.3037	0.8965	0.3664	0.3001	1.2887	0.5370	0.3044	1.2886	0.4330	0.2288	0.8290	0.4179	0.2531	0.8224	0.5413	0.1855	0.4572	0.6611	0.1844	0.4623	0.2795	0.1982	0.0613	0.6985	0.1410	0.0793	0.2289	0.1963	0.4508	0.6048	0.1928	0.4498	0.3315	0.2159	0.0689	0.6613	0.1638	0.0774	0.2599	0.1626	0.0356	0.6397	0.1126	0.0480	0.2658	0.3379	0.0380	0.7001	0.2876	0.0363	0.2544	0.1754	0.9563	0.4906	0.2335	0.0766	0.6242	0.1867	0.0755	0.2909	0.2071	0.4443	0.5486	0.2013	0.4372	0.3836
568	5.68	0.3431	0.8858	0.5661	0.3040	0.8964	0.3675	0.2603	0.4509	0.6226	0.2496	0.4791	0.3116	0.2427	0.3881	0.6284	0.2259	0.3928	0.2967	0.2158	0.2049	0.7060	0.2433	0.1528	0.6863	0.2715	0.1559	0.7293	0.1814	0.2138	0.2251	0.2000	0.1523	0.2373	0.2266	0.1581	0.1935	0.3236	0.8911	0.4668	0.3236	0.8911	0.4668	0.2400	0.0367	0.6664	0.1899	0.0428	0.2608	0.2042	0.2961	0.6277	0.1811	0.2990	0.3025	0.0160	-0.0053	0.0383	0.0095	-0.0002	-0.0374	0.3023	1.2886	0.4851	0.2124	0.6564	0.3786	0.0075	0.0264	-0.0467	0.2273	0.6533	0.5702	0.0131	0.0337	0.0449	-0.0529	-0.0162	-0.0866	-0.0502	-0.0257	0.0756	0.1792	-0.0477	0.1559	0.0621	0.0000	0.0000	0.0000	0.0000	0.0000	0.0038	0.0515	0.0000	-0.0661	-0.0362	-0.0523	-0.0643	-0.0389	0.0422	0.2075	-0.0348	-0.1332	0.0654	0.0000	0.0000	0.0000	0.0000	0.0000	0.0061	0.0512	0.0000	0.1901	1.3337	0.4809	0.3433	0.8857	0.5672	0.3038	0.8965	0.3664	0.3001	1.2886	0.5371	0.3045	1.2886	0.4331	0.2288	0.8290	0.4179	0.2531	0.8224	0.5413	0.1855	0.4572	0.6611	0.1844	0.4623	0.2795	0.1981	0.0613	0.6985	0.1409	0.0793	0.2289	0.1963	0.4508	0.6048	0.1928	0.4498	0.3316	0.2158	0.0689	0.6613	0.1638	0.0774	0.2599	0.1625	0.0357	0.6398	0.1126	0.0480	0.2658	0.3379	0.0380	0.7001	0.2876	0.0363	0.2544	0.1754	0.9563	0.4907	0.2335	0.0766	0.6242	0.1866	0.0755	0.2909	0.2072	0.4443	0.5486	0.2013	0.4372	0.3836
569	5.69	0.3432	0.8858	0.5661	0.3040	0.8964	0.3675	0.2604	0.4509	0.6226	0.2496	0.4791	0.3116	0.2428	0.3881	0.6284	0.2259	0.3928	0.2967	0.2159	0.2049	0.7059	0.2434	0.1528	0.6862	0.2716	0.1559	0.7293	0.1814	0.2138	0.2251	0.2000	0.1523	0.2373	0.2266	0.1581	0.1935	0.3236	0.8911	0.4668	0.3236	0.8911	0.4668	0.2400	0.0368	0.6666	0.1900	0.0428	0.2607	0.2043	0.2961	0.6277	0.1811	0.2990	0.3025	0.0160	-0.0053	0.0383	0.0095	-0.0002	-0.0374	0.3024	1.2887	0.4852	0.2125	0.6564	0.3786	0.0076	0.0264	-0.0467	0.2274	0.6533	0.5702	0.0131	0.0337	0.0449	-0.0529	-0.0163	-0.0866	-0.0502	-0.0257	0.0756	0.1793	-0.0476	0.1559	0.0621	0.0000	0.0000	0.0000	0.0000	0.0000	0.0038	0.0515	0.0000	-0.0661	-0.0362	-0.0523	-0.0643	-0.0389	0.0422	0.2075	-0.0348	-0.1332	0.0654	0.0000	0.0000	0.0000	0.0000	0.0000	0.0061	0.0512	0.0000	0.1902	1.3337	0.4810	0.3435	0.8857	0.5672	0.3038	0.8965	0.3664	0.3002	1.2887	0.5372	0.3045	1.2887	0.4332	0.2288	0.8290	0.4179	0.2532	0.8224	0.5413	0.1856	0.4573	0.6611	0.1844	0.4623	0.2795	0.1982	0.0613	0.6985	0.1410	0.0793	0.2289	0.1964	0.4508	0.6048	0.1929	0.4498	0.3316	0.2158	0.0689	0.6613	0.1638	0.0774	0.2599	0.1624	0.0359	0.6400	0.1126	0.0480	0.2658	0.3379	0.0380	0.7001	0.2876	0.0363	0.2544	0.1755	0.9563	0.4907	0.2335	0.0765	0.6241	0.1867	0.0755	0.2909	0.2072	0.4443	0.5486	0.2014	0.4373	0.3836
570	5.70	0.3433	0.8858	0.5660	0.3041	0.8965	0.3675	0.2606	0.4510	0.6226	0.2496	0.4792	0.3116	0.2429	0.3882	0.6284	0.2260	0.3928	0.2967	0.2160	0.2050	0.7059	0.2434	0.1529	0.6862	0.2717	0.1560	0.7293	0.1814	0.2138	0.2251	0.2000	0.1524	0.2373	0.2266	0.1581	0.1935	0.3237	0.8911	0.4668	0.3237	0.8911	0.4668	0.2400	0.0369	0.6665	0.1900	0.0429	0.2608	0.2043	0.2962	0.6277	0.1812	0.2990	0.3025	0.0160	-0.0053	0.0383	0.0095	-0.0002	-0.0374	0.3024	1.2887	0.4853	0.2126	0.6565	0.3786	0.0076	0.0265	-0.0466	0.2274	0.6533	0.5702	0.0131	0.0336	0.0450	-0.0529	-0.0163	-0.0867	-0.0502	-0.0257	0.0755	0.1793	-0.0476	0.1559	0.0621	0.0000	0.0000	0.0000	0.0000	0.0000	0.0038	0.0515	0.0000	-0.0661	-0.0363	-0.0523	-0.0643	-0.0389	0.0421	0.2075	-0.0348	-0.1332	0.0654	0.0000	0.0000	0.0000	0.0000	0.0000	0.0060	0.0512	0.0000	0.1902	1.3338	0.4811	0.3436	0.8857	0.5672	0.3039	0.8965	0.3664	0.3003	1.2887	0.5372	0.3046	1.2887	0.4333	0.2289	0.8290	0.4179	0.2533	0.8224	0.5413	0.1857	0.4573	0.6611	0.1844	0.4623	0.2796	0.1982	0.0614	0.6985	0.1410	0.0794	0.2289	0.1965	0.4508	0.6048	0.1930	0.4498	0.3316	0.2158	0.0690	0.6613	0.1639	0.0775	0.2599	0.1625	0.0360	0.6399	0.1127	0.0481	0.2658	0.3380	0.0380	0.7001	0.2876	0.0363	0.2544	0.1756	0.9564	0.4907	0.2335	0.0766	0.6241	0.1867	0.0756	0.2909	0.2072	0.4443	0.5486	0.2015	0.4373	0.3836
571	5.71	0.3434	0.8858	0.5660	0.3042	0.8965	0.3675	0.2607	0.4511	0.6225	0.2497	0.4792	0.3116	0.2430	0.3883	0.6283	0.2260	0.3928	0.2967	0.2160	0.2051	0.7059	0.2435	0.1530	0.6862	0.2718	0.1561	0.7292	0.1814	0.2139	0.2251	0.2000	0.1524	0.2373	0.2266	0.1582	0.1935	0.3238	0.8911	0.4668	0.3238	0.8911	0.4668	0.2401	0.0369	0.6664	0.1900	0.0430	0.2607	0.2044	0.2962	0.6277	0.1813	0.2991	0.3025	0.0160	-0.0053	0.0383	0.0095	-0.0002	-0.0374	0.3025	1.2888	0.4853	0.2126	0.6566	0.3786	0.0076	0.0265	-0.0466	0.2275	0.6534	0.5702	0.0130	0.0336	0.0450	-0.0529	-0.0163	-0.0867	-0.0501	-0.0256	0.0755	0.1793	-0.0475	0.1559	0.0621	0.0000	0.0000	0.0000	0.0000	0.0000	0.0038	0.0514	0.0000	-0.0661	-0.0363	-0.0524	-0.0642	-0.0388	0.0421	0.2075	-0.0348	-0.1332	0.0654	0.0000	0.0000	0.0000	0.0000	0.0000	0.0060	0.0512	0.0000	0.1902	1.3339	0.4812	0.3437	0.8857	0.5672	0.3039	0.8965	0.3664	0.3004	1.2888	0.5373	0.3046	1.2888	0.4334	0.2290	0.8291	0.4179	0.2534	0.8225	0.5413	0.1858	0.4574	0.6611	0.1844	0.4624	0.2796	0.1982	0.0614	0.6984	0.1411	0.0795	0.2288	0.1965	0.4509	0.6048	0.1930	0.4499	0.3316	0.2158	0.0690	0.6612	0.1640	0.0776	0.2599	0.1625	0.0360	0.6397	0.1127	0.0482	0.2658	0.3380	0.0381	0.7001	0.2877	0.0364	0.2544	0.1757	0.9565	0.4907	0.2335	0.0766	0.6241	0.1868	0.0757	0.2909	0.2073	0.4443	0.5486	0.2017	0.4374	0.3836
572	5.72	0.3436	0.8858	0.5660	0.3042	0.8965	0.3675	0.2608	0.4512	0.6225	0.2497	0.4792	0.3116	0.2431	0.3884	0.6283	0.2260	0.3929	0.2967	0.2161	0.2051	0.7059	0.2436	0.1530	0.6862	0.2718	0.1562	0.7292	0.1814	0.2139	0.2251	0.2001	0.1524	0.2373	0.2266	0.1582	0.1935	0.3239	0.8911	0.4668	0.3239	0.8911	0.4668	0.2401	0.0371	0.6664	0.1900	0.0431	0.2607	0.2044	0.2963	0.6277	0.1813	0.2992	0.3025	0.0159	-0.0054	0.0383	0.0095	-0.0002	-0.0374	0.3026	1.2889	0.4854	0.2127	0.6566	0.3786	0.0076	0.0265	-0.0466	0.2276	0.6534	0.5702	0.0130	0.0336	0.0450	-0.0529	-0.0163	-0.0867	-0.0500	-0.0255	0.0755	0.1793	-0.0475	0.1560	0.0621	0.0000	0.0000	0.0000	0.0000	0.0000	0.0038	0.0514	0.0000	-0.0661	-0.0363	-0.0524	-0.0641	-0.0388	0.0421	0.2075	-0.0347	-0.1333	0.0654	0.0000	0.0000	0.0000	0.0000	0.0000	0.0060	0.0512	0.0000	0.1902	1.3340	0.4812	0.3438	0.8857	0.5672	0.3040	0.8965	0.3664	0.3004	1.2889	0.5374	0.3047	1.2889	0.4335	0.2290	0.8292	0.4179	0.2534	0.8225	0.5413	0.1859	0.4575	0.6610	0.1844	0.4624	0.2796	0.1983	0.0615	0.6984	0.1411	0.0796	0.2288	0.1966	0.4509	0.6048	0.1931	0.4499	0.3316	0.2159	0.0691	0.6612	0.1640	0.0777	0.2598	0.1625	0.0362	0.6399	0.1127	0.0483	0.2657	0.3380	0.0382	0.7000	0.2877	0.0365	0.2544	0.1757	0.9566	0.4907	0.2335	0.0766	0.6240	0.1869	0.0758	0.2909	0.2074	0.4444	0.5486	0.2018	0.4375	0.3835
573	5.73	0.3436	0.8858	0.5660	0.3043	0.8965	0.3675	0.2608	0.4512	0.6224	0.2497	0.4792	0.3116	0.2431	0.3884	0.6282	0.2261	0.3929	0.2967	0.2162	0.2051	0.7058	0.2436	0.1530	0.6861	0.2719	0.1562	0.7292	0.1814	0.2139	0.2251	0.2001	0.1524	0.2373	0.2266	0.1582	0.1935	0.3240	0.8911	0.4667	0.3240	0.8911	0.4667	0.2401	0.0371	0.6664	0.1900	0.0431	0.2607	0.2045	0.2963	0.6276	0.1814	0.2992	0.3025	0.0159	-0.0053	0.0383	0.0095	-0.0002	-0.0374	0.3026	1.2889	0.4855	0.2127	0.6566	0.3786	0.0076	0.0265	-0.0466	0.2277	0.6534	0.5702	0.0130	0.0336	0.0449	-0.0529	-0.0164	-0.0866	-0.0500	-0.0255	0.0755	0.1794	-0.0474	0.1560	0.0621	0.0000	0.0000	0.0000	0.0000	0.0000	0.0038	0.0514	0.0000	-0.0662	-0.0364	-0.0524	-0.0641	-0.0388	0.0421	0.2075	-0.0347	-0.1333	0.0654	0.0000	0.0000	0.0000	0.0000	0.0000	0.0060	0.0512	0.0000	0.1903	1.3340	0.4813	0.3439	0.8857	0.5671	0.3041	0.8966	0.3663	0.3004	1.2889	0.5375	0.3047	1.2889	0.4336	0.2291	0.8292	0.4179	0.2535	0.8225	0.5413	0.1860	0.4575	0.6610	0.1845	0.4624	0.2796	0.1983	0.0615	0.6984	0.1411	0.0796	0.2288	0.1967	0.4509	0.6048	0.1931	0.4500	0.3316	0.2159	0.0691	0.6612	0.1640	0.0777	0.2598	0.1625	0.0363	0.6399	0.1127	0.0484	0.2657	0.3381	0.0382	0.7000	0.2877	0.0365	0.2543	0.1758	0.9567	0.4907	0.2335	0.0766	0.6240	0.1869	0.0758	0.2909	0.2074	0.4444	0.5486	0.2018	0.4375	0.3835
574	5.74	0.3438	0.8858	0.5660	0.3044	0.8965	0.3675	0.2609	0.4512	0.6225	0.2498	0.4792	0.3116	0.2432	0.3883	0.6282	0.2261	0.3929	0.2967	0.2162	0.2051	0.7058	0.2436	0.1530	0.6862	0.2719	0.1562	0.7291	0.1814	0.2139	0.2251	0.2001	0.1524	0.2373	0.2266	0.1582	0.1935	0.3241	0.8912	0.4667	0.3241	0.8912	0.4667	0.2401	0.0371	0.6665	0.1900	0.0431	0.2607	0.2045	0.2963	0.6276	0.1814	0.2992	0.3025	0.0159	-0.0053	0.0383	0.0095	-0.0002	-0.0374	0.3026	1.2889	0.4856	0.2128	0.6566	0.3786	0.0076	0.0265	-0.0466	0.2277	0.6534	0.5702	0.0130	0.0336	0.0450	-0.0529	-0.0165	-0.0866	-0.0501	-0.0256	0.0755	0.1794	-0.0473	0.1559	0.0621	0.0000	0.0000	0.0000	0.0000	0.0000	0.0038	0.0514	0.0000	-0.0662	-0.0364	-0.0523	-0.0642	-0.0388	0.0421	0.2075	-0.0347	-0.1332	0.0654	0.0000	0.0000	0.0000	0.0000	0.0000	0.0060	0.0512	0.0000	0.1903	1.3340	0.4814	0.3440	0.8857	0.5671	0.3041	0.8966	0.3663	0.3005	1.2889	0.5376	0.3048	1.2890	0.4337	0.2292	0.8292	0.4179	0.2536	0.8225	0.5413	0.1860	0.4575	0.6610	0.1845	0.4624	0.2796	0.1983	0.0615	0.6984	0.1411	0.0796	0.2288	0.1967	0.4509	0.6048	0.1932	0.4499	0.3316	0.2159	0.0690	0.6612	0.1640	0.0777	0.2598	0.1625	0.0362	0.6399	0.1127	0.0483	0.2657	0.3381	0.0381	0.7000	0.2877	0.0365	0.2543	0.1759	0.9566	0.4908	0.2335	0.0766	0.6240	0.1869	0.0758	0.2909	0.2074	0.4444	0.5486	0.2018	0.4375	0.3836
575	5.75	0.3439	0.8858	0.5660	0.3045	0.8965	0.3675	0.2609	0.4512	0.6225	0.2498	0.4792	0.3116	0.2432	0.3883	0.6283	0.2262	0.3929	0.2968	0.2162	0.2051	0.7058	0.2436	0.1530	0.6862	0.2719	0.1561	0.7292	0.1815	0.2139	0.2252	0.2001	0.1524	0.2374	0.2266	0.1582	0.1935	0.3242	0.8911	0.4667	0.3242	0.8911	0.4667	0.2401	0.0370	0.6665	0.1901	0.0430	0.2608	0.2045	0.2962	0.6276	0.1814	0.2991	0.3026	0.0160	-0.0053	0.0383	0.0095	-0.0002	-0.0374	0.3027	1.2889	0.4858	0.2129	0.6566	0.3787	0.0076	0.0265	-0.0466	0.2278	0.6534	0.5702	0.0130	0.0336	0.0450	-0.0530	-0.0165	-0.0866	-0.0501	-0.0256	0.0755	0.1794	-0.0473	0.1559	0.0621	0.0000	0.0000	0.0000	0.0000	0.0000	0.0037	0.0514	0.0000	-0.0662	-0.0365	-0.0523	-0.0642	-0.0389	0.0421	0.2075	-0.0347	-0.1332	0.0654	0.0000	0.0000	0.0000	0.0000	0.0000	0.0060	0.0512	0.0000	0.1904	1.3339	0.4816	0.3441	0.8857	0.5671	0.3042	0.8966	0.3663	0.3005	1.2889	0.5377	0.3049	1.2890	0.4338	0.2293	0.8291	0.4179	0.2538	0.8225	0.5413	0.1861	0.4574	0.6611	0.1845	0.4624	0.2797	0.1983	0.0615	0.6984	0.1411	0.0795	0.2289	0.1968	0.4509	0.6048	0.1932	0.4499	0.3316	0.2159	0.0690	0.6612	0.1640	0.0776	0.2599	0.1625	0.0362	0.6400	0.1127	0.0482	0.2658	0.3381	0.0381	0.7000	0.2877	0.0364	0.2544	0.1760	0.9566	0.4909	0.2335	0.0765	0.6240	0.1869	0.0757	0.2909	0.2075	0.4444	0.5486	0.2019	0.4374	0.3836
576	5.76	0.3440	0.8857	0.5660	0.3045	0.8965	0.3675	0.2609	0.4510	0.6225	0.2499	0.4791	0.3116	0.2432	0.3882	0.6283	0.2262	0.3928	0.2968	0.2162	0.2050	0.7059	0.2436	0.1529	0.6862	0.2720	0.1560	0.7292	0.1815	0.2138	0.2252	0.2001	0.1524	0.2374	0.2267	0.1581	0.1936	0.3243	0.8911	0.4667	0.3243	0.8911	0.4667	0.2401	0.0370	0.6665	0.1900	0.0430	0.2608	0.2045	0.2962	0.6276	0.1814	0.2991	0.3026	0.0159	-0.0053	0.0383	0.0095	-0.0002	-0.0374	0.3027	1.2889	0.4859	0.2129	0.6565	0.3787	0.0076	0.0265	-0.0466	0.2279	0.6533	0.5702	0.0130	0.0336	0.0450	-0.0530	-0.0166	-0.0866	-0.0501	-0.0256	0.0755	0.1795	-0.0472	0.1558	0.0621	0.0000	0.0000	0.0000	0.0000	0.0000	0.0038	0.0515	0.0000	-0.0662	-0.0365	-0.0522	-0.0642	-0.0389	0.0422	0.2075	-0.0347	-0.1332	0.0654	0.0000	0.0000	0.0000	0.0000	0.0000	0.0060	0.0512	0.0000	0.1903	1.3339	0.4817	0.3442	0.8856	0.5671	0.3043	0.8965	0.3663	0.3005	1.2888	0.5378	0.3049	1.2890	0.4339	0.2294	0.8291	0.4179	0.2539	0.8224	0.5413	0.1861	0.4573	0.6610	0.1846	0.4624	0.2797	0.1983	0.0614	0.6984	0.1411	0.0795	0.2289	0.1968	0.4508	0.6048	0.1932	0.4498	0.3317	0.2159	0.0689	0.6612	0.1640	0.0775	0.2599	0.1625	0.0361	0.6400	0.1127	0.0482	0.2658	0.3380	0.0380	0.7000	0.2877	0.0363	0.2544	0.1761	0.9565	0.4909	0.2335	0.0765	0.6240	0.1869	0.0756	0.2909	0.2075	0.4443	0.5485	0.2018	0.4373	0.3837
577	5.77	0.3441	0.8857	0.5660	0.3046	0.8964	0.3675	0.2608	0.4510	0.6225	0.2499	0.4791	0.3117	0.2431	0.3881	0.6283	0.2262	0.3927	0.2968	0.2162	0.2050	0.7059	0.2436	0.1528	0.6862	0.2719	0.1560	0.7292	0.1815	0.2138	0.2252	0.2001	0.1523	0.2374	0.2267	0.1581	0.1936	0.3243	0.8910	0.4668	0.3243	0.8910	0.4668	0.2400	0.0369	0.6665	0.1900	0.0429	0.2608	0.2045	0.2961	0.6276	0.1813	0.2990	0.3026	0.0160	-0.0053	0.0383	0.0094	-0.0002	-0.0374	0.3027	1.2889	0.4860	0.2129	0.6565	0.3787	0.0075	0.0265	-0.0467	0.2279	0.6533	0.5702	0.0131	0.0336	0.0450	-0.0530	-0.0166	-0.0865	-0.0501	-0.0256	0.0756	0.1795	-0.0472	0.1558	0.0621	0.0000	0.0000	0.0000	0.0000	0.0000	0.0038	0.0515	0.0000	-0.0662	-0.0365	-0.0522	-0.0642	-0.0389	0.0422	0.2075	-0.0348	-0.1332	0.0654	0.0000	0.0000	0.0000	0.0000	0.0000	0.0060	0.0512	0.0000	0.1903	1.3338	0.4818	0.3443	0.8856	0.5671	0.3044	0.8965	0.3664	0.3005	1.2888	0.5379	0.3050	1.2890	0.4340	0.2294	0.8290	0.4180	0.2540	0.8223	0.5413	0.1860	0.4573	0.6610	0.1846	0.4623	0.2797	0.1982	0.0613	0.6984	0.1410	0.0794	0.2289	0.1968	0.4508	0.6048	0.1932	0.4498	0.3317	0.2159	0.0689	0.6612	0.1639	0.0775	0.2599	0.1624	0.0361	0.6400	0.1126	0.0481	0.2658	0.3380	0.0379	0.7000	0.2877	0.0363	0.2544	0.1761	0.9564	0.4909	0.2335	0.0764	0.6240	0.1868	0.0755	0.2909	0.2075	0.4443	0.5485	0.2018	0.4373	0.3837
578	5.78	0.3442	0.8857	0.5660	0.3046	0.8964	0.3675	0.2608	0.4509	0.6226	0.2499	0.4791	0.3117	0.2431	0.3880	0.6283	0.2262	0.3927	0.2968	0.2162	0.2049	0.7059	0.2436	0.1528	0.6862	0.2719	0.1560	0.7292	0.1815	0.2138	0.2252	0.2001	0.1523	0.2374	0.2266	0.1581	0.1936	0.3244	0.8910	0.4667	0.3244	0.8910	0.4667	0.2400	0.0369	0.6665	0.1900	0.0428	0.2608	0.2045	0.2961	0.6276	0.1813	0.2990	0.3027	0.0160	-0.0053	0.0383	0.0094	-0.0002	-0.0374	0.3028	1.2889	0.4861	0.2130	0.6564	0.3787	0.0075	0.0265	-0.0467	0.2280	0.6533	0.5702	0.0131	0.0336	0.0450	-0.0530	-0.0167	-0.0865	-0.0502	-0.0257	0.0755	0.1796	-0.0471	0.1557	0.0621	0.0000	0.0000	0.0000	0.0000	0.0000	0.0038	0.0515	0.0000	-0.0662	-0.0366	-0.0521	-0.0643	-0.0389	0.0422	0.2075	-0.0348	-0.1331	0.0654	0.0000	0.0000	0.0000	0.0000	0.0000	0.0061	0.0512	0.0000	0.1904	1.3337	0.4819	0.3444	0.8856	0.5671	0.3044	0.8965	0.3664	0.3006	1.2887	0.5380	0.3050	1.2890	0.4341	0.2295	0.8290	0.4180	0.2541	0.8223	0.5413	0.1861	0.4572	0.6611	0.1846	0.4623	0.2797	0.1982	0.0613	0.6984	0.1410	0.0794	0.2290	0.1968	0.4508	0.6048	0.1932	0.4498	0.3317	0.2158	0.0689	0.6612	0.1639	0.0774	0.2600	0.1624	0.0360	0.6400	0.1127	0.0480	0.2659	0.3380	0.0379	0.7001	0.2877	0.0362	0.2544	0.1762	0.9563	0.4910	0.2335	0.0764	0.6240	0.1868	0.0755	0.2910	0.2075	0.4443	0.5485	0.2018	0.4372	0.3837
579	5.79	0.3443	0.8857	0.5660	0.3048	0.8964	0.3675	0.2609	0.4509	0.6225	0.2500	0.4792	0.3116	0.2432	0.3881	0.6283	0.2263	0.3928	0.2968	0.2162	0.2050	0.7059	0.2436	0.1528	0.6862	0.2720	0.1560	0.7292	0.1815	0.2139	0.2252	0.2001	0.1524	0.2374	0.2266	0.1581	0.1936	0.3245	0.8911	0.4667	0.3245	0.8911	0.4667	0.2400	0.0369	0.6666	0.1901	0.0428	0.2609	0.2045	0.2961	0.6276	0.1814	0.2990	0.3027	0.0160	-0.0053	0.0382	0.0094	-0.0002	-0.0374	0.3029	1.2890	0.4862	0.2131	0.6565	0.3787	0.0076	0.0265	-0.0467	0.2281	0.6533	0.5702	0.0131	0.0336	0.0450	-0.0531	-0.0168	-0.0865	-0.0502	-0.0257	0.0755	0.1796	-0.0471	0.1557	0.0621	0.0000	0.0000	0.0000	0.0000	0.0000	0.0038	0.0515	0.0000	-0.0662	-0.0367	-0.0521	-0.0643	-0.0389	0.0421	0.2076	-0.0348	-0.1331	0.0654	0.0000	0.0000	0.0000	0.0000	0.0000	0.0060	0.0512	0.0000	0.1905	1.3337	0.4820	0.3445	0.8856	0.5671	0.3045	0.8965	0.3664	0.3007	1.2888	0.5381	0.3051	1.2891	0.4342	0.2297	0.8290	0.4180	0.2543	0.8223	0.5413	0.1862	0.4573	0.6611	0.1847	0.4624	0.2797	0.1982	0.0613	0.6983	0.1410	0.0794	0.2290	0.1969	0.4508	0.6048	0.1933	0.4498	0.3317	0.2158	0.0689	0.6611	0.1639	0.0775	0.2600	0.1624	0.0361	0.6400	0.1127	0.0480	0.2660	0.3380	0.0379	0.7001	0.2877	0.0363	0.2544	0.1764	0.9563	0.4910	0.2334	0.0765	0.6240	0.1868	0.0756	0.2910	0.2075	0.4444	0.5485	0.2019	0.4373	0.3837
580	5.80	0.3444	0.8857	0.5660	0.3048	0.8965	0.3675	0.2610	0.4510	0.6225	0.2500	0.4792	0.3117	0.2432	0.3881	0.6283	0.2263	0.3928	0.2968	0.2163	0.2050	0.7058	0.2436	0.1528	0.6862	0.2720	0.1560	0.7292	0.1815	0.2139	0.2252	0.2001	0.1524	0.2374	0.2267	0.1581	0.1936	0.3246	0.8911	0.4668	0.3246	0.8911	0.4668	0.2400	0.0369	0.6665	0.1900	0.0429	0.2608	0.2045	0.2962	0.6276	0.1814	0.2991	0.3027	0.0160	-0.0053	0.0382	0.0095	-0.0002	-0.0374	0.3030	1.2890	0.4863	0.2132	0.6565	0.3787	0.0076	0.0265	-0.0467	0.2282	0.6533	0.5702	0.0131	0.0336	0.0450	-0.0531	-0.0169	-0.0865	-0.0502	-0.0257	0.0755	0.1796	-0.0471	0.1558	0.0621	0.0000	0.0000	0.0000	0.0000	0.0000	0.0038	0.0515	0.0000	-0.0662	-0.0367	-0.0522	-0.0643	-0.0389	0.0421	0.2076	-0.0347	-0.1331	0.0654	0.0000	0.0000	0.0000	0.0000	0.0000	0.0060	0.0512	0.0000	0.1905	1.3338	0.4821	0.3446	0.8856	0.5671	0.3046	0.8965	0.3664	0.3008	1.2889	0.5382	0.3052	1.2892	0.4343	0.2297	0.8290	0.4180	0.2543	0.8223	0.5414	0.1862	0.4573	0.6610	0.1847	0.4624	0.2797	0.1981	0.0613	0.6981	0.1411	0.0795	0.2290	0.1969	0.4508	0.6048	0.1933	0.4498	0.3317	0.2157	0.0689	0.6611	0.1639	0.0775	0.2600	0.1624	0.0361	0.6400	0.1127	0.0482	0.2659	0.3380	0.0379	0.7000	0.2877	0.0363	0.2544	0.1764	0.9564	0.4910	0.2334	0.0765	0.6241	0.1868	0.0756	0.2910	0.2076	0.4444	0.5485	0.2020	0.4373	0.3837
581	5.81	0.3445	0.8857	0.5660	0.3049	0.8965	0.3675	0.2610	0.4511	0.6224	0.2500	0.4792	0.3117	0.2433	0.3882	0.6282	0.2264	0.3928	0.2968	0.2163	0.2050	0.7058	0.2437	0.1529	0.6861	0.2720	0.1561	0.7291	0.1815	0.2139	0.2252	0.2002	0.1524	0.2374	0.2267	0.1582	0.1936	0.3247	0.8911	0.4668	0.3247	0.8911	0.4668	0.2401	0.0369	0.6664	0.1900	0.0430	0.2608	0.2045	0.2962	0.6276	0.1815	0.2991	0.3026	0.0159	-0.0053	0.0382	0.0095	-0.0002	-0.0374	0.3030	1.2891	0.4863	0.2132	0.6565	0.3788	0.0076	0.0265	-0.0466	0.2282	0.6533	0.5702	0.0130	0.0336	0.0450	-0.0530	-0.0168	-0.0866	-0.0501	-0.0256	0.0755	0.1795	-0.0472	0.1558	0.0621	0.0000	0.0000	0.0000	0.0000	0.0000	0.0038	0.0515	0.0000	-0.0662	-0.0367	-0.0522	-0.0642	-0.0389	0.0422	0.2076	-0.0347	-0.1332	0.0654	0.0000	0.0000	0.0000	0.0000	0.0000	0.0060	0.0512	0.0000	0.1905	1.3338	0.4821	0.3447	0.8856	0.5671	0.3047	0.8965	0.3664	0.3008	1.2889	0.5383	0.3053	1.2892	0.4344	0.2298	0.8290	0.4180	0.2544	0.8223	0.5414	0.1862	0.4574	0.6610	0.1848	0.4624	0.2797	0.1981	0.0614	0.6982	0.1411	0.0795	0.2289	0.1969	0.4509	0.6047	0.1934	0.4499	0.3317	0.2158	0.0689	0.6611	0.1640	0.0776	0.2599	0.1625	0.0361	0.6398	0.1127	0.0482	0.2659	0.3380	0.0380	0.7000	0.2877	0.0364	0.2544	0.1765	0.9565	0.4910	0.2334	0.0765	0.6240	0.1869	0.0757	0.2909	0.2076	0.4444	0.5485	0.2020	0.4374	0.3837
582	5.82	0.3446	0.8857	0.5660	0.3050	0.8964	0.3675	0.2610	0.4511	0.6224	0.2501	0.4792	0.3117	0.2433	0.3882	0.6282	0.2264	0.3928	0.2968	0.2164	0.2051	0.7058	0.2437	0.1529	0.6861	0.2721	0.1561	0.7291	0.1816	0.2139	0.2252	0.2002	0.1524	0.2374	0.2267	0.1582	0.1936	0.3248	0.8911	0.4668	0.3248	0.8911	0.4668	0.2402	0.0369	0.6663	0.1901	0.0430	0.2608	0.2046	0.2962	0.6275	0.1815	0.2991	0.3027	0.0159	-0.0053	0.0381	0.0095	-0.0002	-0.0374	0.3031	1.2891	0.4864	0.2133	0.6565	0.3788	0.0076	0.0265	-0.0466	0.2283	0.6533	0.5702	0.0130	0.0336	0.0450	-0.0531	-0.0170	-0.0866	-0.0501	-0.0256	0.0755	0.1796	-0.0473	0.1558	0.0621	0.0000	0.0000	0.0000	0.0000	0.0000	0.0038	0.0514	0.0000	-0.0662	-0.0368	-0.0523	-0.0642	-0.0389	0.0421	0.2076	-0.0347	-0.1332	0.0654	0.0000	0.0000	0.0000	0.0000	0.0000	0.0060	0.0512	0.0000	0.1906	1.3338	0.4823	0.3448	0.8856	0.5671	0.3048	0.8965	0.3664	0.3009	1.2890	0.5384	0.3054	1.2892	0.4345	0.2299	0.8291	0.4180	0.2545	0.8224	0.5414	0.1863	0.4574	0.6610	0.1848	0.4624	0.2797	0.1982	0.0613	0.6980	0.1411	0.0795	0.2289	0.1970	0.4509	0.6047	0.1935	0.4499	0.3317	0.2157	0.0689	0.6610	0.1640	0.0776	0.2599	0.1626	0.0360	0.6396	0.1127	0.0482	0.2659	0.3381	0.0380	0.7000	0.2877	0.0364	0.2543	0.1766	0.9565	0.4911	0.2333	0.0765	0.6241	0.1869	0.0757	0.2909	0.2076	0.4444	0.5485	0.2021	0.4374	0.3837
583	5.83	0.3447	0.8856	0.5660	0.3051	0.8965	0.3675	0.2611	0.4512	0.6224	0.2501	0.4792	0.3117	0.2434	0.3882	0.6281	0.2265	0.3929	0.2968	0.2164	0.2051	0.7058	0.2438	0.1529	0.6861	0.2722	0.1561	0.7291	0.1816	0.2139	0.2252	0.2002	0.1524	0.2374	0.2267	0.1582	0.1936	0.3249	0.8910	0.4668	0.3249	0.8910	0.4668	0.2402	0.0370	0.6664	0.1901	0.0430	0.2608	0.2046	0.2962	0.6275	0.1816	0.2991	0.3027	0.0159	-0.0053	0.0380	0.0095	-0.0002	-0.0374	0.3033	1.2892	0.4865	0.2134	0.6565	0.3788	0.0076	0.0265	-0.0466	0.2284	0.6533	0.5702	0.0130	0.0335	0.0450	-0.0531	-0.0171	-0.0866	-0.0502	-0.0256	0.0754	0.1796	-0.0473	0.1558	0.0621	0.0000	0.0000	0.0000	0.0000	0.0000	0.0038	0.0514	0.0000	-0.0662	-0.0368	-0.0524	-0.0642	-0.0388	0.0420	0.2076	-0.0348	-0.1331	0.0654	0.0000	0.0000	0.0000	0.0000	0.0000	0.0060	0.0512	0.0000	0.1907	1.3339	0.4824	0.3450	0.8856	0.5671	0.3049	0.8965	0.3664	0.3010	1.2890	0.5385	0.3055	1.2893	0.4345	0.2299	0.8291	0.4180	0.2546	0.8224	0.5414	0.1864	0.4574	0.6610	0.1848	0.4624	0.2798	0.1982	0.0613	0.6979	0.1412	0.0796	0.2289	0.1970	0.4509	0.6047	0.1936	0.4499	0.3317	0.2158	0.0689	0.6610	0.1641	0.0777	0.2599	0.1625	0.0362	0.6398	0.1128	0.0483	0.2659	0.3381	0.0380	0.7000	0.2878	0.0364	0.2544	0.1767	0.9565	0.4911	0.2333	0.0765	0.6241	0.1870	0.0757	0.2909	0.2076	0.4444	0.5484	0.2023	0.4374	0.3837
584	5.84	0.3448	0.8856	0.5661	0.3052	0.8964	0.3675	0.2611	0.4512	0.6224	0.2502	0.4792	0.3117	0.2434	0.3883	0.6281	0.2265	0.3928	0.2969	0.2165	0.2051	0.7058	0.2438	0.1529	0.6861	0.2722	0.1561	0.7291	0.1816	0.2139	0.2252	0.2002	0.1524	0.2374	0.2267	0.1581	0.1936	0.3250	0.8910	0.4668	0.3250	0.8910	0.4668	0.2402	0.0371	0.6664	0.1901	0.0431	0.2608	0.2046	0.2962	0.6275	0.1816	0.2992	0.3027	0.0159	-0.0053	0.0380	0.0095	-0.0002	-0.0374	0.3033	1.2892	0.4866	0.2134	0.6566	0.3788	0.0076	0.0265	-0.0466	0.2284	0.6533	0.5702	0.0130	0.0336	0.0450	-0.0531	-0.0171	-0.0866	-0.0501	-0.0255	0.0755	0.1796	-0.0473	0.1558	0.0621	0.0000	0.0000	0.0000	0.0000	0.0000	0.0038	0.0514	0.0000	-0.0662	-0.0368	-0.0524	-0.0642	-0.0388	0.0421	0.2076	-0.0348	-0.1332	0.0654	0.0000	0.0000	0.0000	0.0000	0.0000	0.0060	0.0512	0.0000	0.1907	1.3339	0.4824	0.3450	0.8855	0.5672	0.3049	0.8965	0.3664	0.3010	1.2891	0.5385	0.3056	1.2893	0.4347	0.2300	0.8291	0.4181	0.2546	0.8224	0.5414	0.1864	0.4574	0.6610	0.1849	0.4624	0.2798	0.1982	0.0614	0.6979	0.1412	0.0796	0.2289	0.1970	0.4509	0.6047	0.1936	0.4499	0.3317	0.2158	0.0689	0.6610	0.1641	0.0777	0.2599	0.1625	0.0363	0.6398	0.1127	0.0484	0.2658	0.3382	0.0380	0.7000	0.2878	0.0364	0.2543	0.1768	0.9566	0.4911	0.2334	0.0765	0.6241	0.1870	0.0758	0.2909	0.2077	0.4444	0.5484	0.2023	0.4374	0.3837
585	5.85	0.3449	0.8856	0.5661	0.3052	0.8964	0.3676	0.2611	0.4512	0.6224	0.2502	0.4791	0.3117	0.2434	0.3883	0.6281	0.2265	0.3928	0.2969	0.2165	0.2051	0.7057	0.2438	0.1529	0.6861	0.2722	0.1561	0.7290	0.1816	0.2139	0.2252	0.2002	0.1524	0.2374	0.2267	0.1581	0.1936	0.3251	0.8910	0.4668	0.3251	0.8910	0.4668	0.2402	0.0371	0.6664	0.1901	0.0431	0.2607	0.2046	0.2962	0.6275	0.1816	0.2991	0.3026	0.0159	-0.0052	0.0381	0.0095	-0.0002	-0.0374	0.3034	1.2892	0.4867	0.2135	0.6566	0.3788	0.0076	0.0265	-0.0466	0.2285	0.6533	0.5702	0.0130	0.0336	0.0450	-0.0531	-0.0171	-0.0866	-0.0500	-0.0255	0.0755	0.1796	-0.0474	0.1558	0.0621	0.0000	0.0000	0.0000	0.0000	0.0000	0.0038	0.0514	0.0000	-0.0662	-0.0368	-0.0524	-0.0641	-0.0388	0.0421	0.2075	-0.0347	-0.1332	0.0654	0.0000	0.0000	0.0000	0.0000	0.0000	0.0060	0.0512	0.0000	0.1908	1.3339	0.4825	0.3451	0.8855	0.5672	0.3050	0.8965	0.3665	0.3011	1.2891	0.5386	0.3057	1.2893	0.4348	0.2301	0.8291	0.4181	0.2547	0.8223	0.5415	0.1864	0.4574	0.6609	0.1849	0.4624	0.2798	0.1982	0.0614	0.6978	0.1412	0.0796	0.2289	0.1970	0.4509	0.6047	0.1936	0.4499	0.3317	0.2158	0.0689	0.6609	0.1641	0.0777	0.2599	0.1625	0.0363	0.6398	0.1127	0.0484	0.2658	0.3382	0.0380	0.7000	0.2877	0.0364	0.2543	0.1768	0.9566	0.4911	0.2334	0.0764	0.6240	0.1870	0.0758	0.2909	0.2077	0.4444	0.5484	0.2023	0.4374	0.3837
586	5.86	0.3450	0.8856	0.5661	0.3053	0.8964	0.3676	0.2611	0.4511	0.6224	0.2502	0.4791	0.3117	0.2434	0.3882	0.6281	0.2266	0.3928	0.2969	0.2165	0.2051	0.7058	0.2438	0.1529	0.6861	0.2722	0.1560	0.7291	0.1817	0.2139	0.2252	0.2002	0.1524	0.2374	0.2268	0.1581	0.1936	0.3251	0.8910	0.4668	0.3251	0.8910	0.4668	0.2401	0.0370	0.6664	0.1901	0.0430	0.2608	0.2046	0.2962	0.6275	0.1817	0.2991	0.3027	0.0159	-0.0053	0.0380	0.0095	-0.0002	-0.0374	0.3035	1.2892	0.4868	0.2135	0.6565	0.3788	0.0076	0.0265	-0.0466	0.2285	0.6533	0.5702	0.0130	0.0335	0.0450	-0.0531	-0.0171	-0.0866	-0.0501	-0.0256	0.0755	0.1795	-0.0474	0.1558	0.0621	0.0000	0.0000	0.0000	0.0000	0.0000	0.0038	0.0514	0.0000	-0.0662	-0.0368	-0.0524	-0.0642	-0.0388	0.0421	0.2076	-0.0348	-0.1331	0.0654	0.0000	0.0000	0.0000	0.0000	0.0000	0.0060	0.0512	0.0000	0.1909	1.3338	0.4826	0.3452	0.8855	0.5672	0.3051	0.8965	0.3665	0.3012	1.2890	0.5388	0.3058	1.2894	0.4349	0.2302	0.8291	0.4181	0.2548	0.8223	0.5414	0.1864	0.4574	0.6609	0.1850	0.4624	0.2798	0.1982	0.0613	0.6979	0.1412	0.0796	0.2289	0.1970	0.4509	0.6047	0.1936	0.4499	0.3318	0.2158	0.0689	0.6610	0.1641	0.0777	0.2599	0.1625	0.0363	0.6399	0.1128	0.0483	0.2659	0.3381	0.0380	0.7000	0.2878	0.0364	0.2544	0.1769	0.9565	0.4911	0.2333	0.0765	0.6240	0.1870	0.0757	0.2909	0.2076	0.4444	0.5484	0.2023	0.4374	0.3837
587	5.87	0.3451	0.8856	0.5661	0.3054	0.8964	0.3676	0.2611	0.4511	0.6225	0.2503	0.4791	0.3117	0.2434	0.3882	0.6281	0.2266	0.3928	0.2969	0.2165	0.2050	0.7058	0.2438	0.1528	0.6861	0.2722	0.1560	0.7291	0.1817	0.2139	0.2253	0.2002	0.1524	0.2374	0.2268	0.1581	0.1936	0.3252	0.8910	0.4669	0.3252	0.8910	0.4669	0.2401	0.0370	0.6665	0.1901	0.0430	0.2608	0.2046	0.2961	0.6275	0.1817	0.2991	0.3027	0.0160	-0.0053	0.0381	0.0095	-0.0002	-0.0374	0.3036	1.2892	0.4869	0.2136	0.6565	0.3788	0.0076	0.0265	-0.0466	0.2286	0.6533	0.5702	0.0131	0.0335	0.0450	-0.0531	-0.0171	-0.0866	-0.0502	-0.0256	0.0754	0.1796	-0.0473	0.1557	0.0621	0.0000	0.0000	0.0000	0.0000	0.0000	0.0038	0.0514	0.0000	-0.0662	-0.0368	-0.0523	-0.0643	-0.0389	0.0420	0.2076	-0.0348	-0.1331	0.0654	0.0000	0.0000	0.0000	0.0000	0.0000	0.0060	0.0512	0.0000	0.1909	1.3337	0.4828	0.3453	0.8855	0.5672	0.3052	0.8965	0.3665	0.3013	1.2890	0.5389	0.3059	1.2894	0.4350	0.2303	0.8290	0.4181	0.2549	0.8223	0.5415	0.1865	0.4573	0.6610	0.1850	0.4624	0.2798	0.1982	0.0612	0.6979	0.1412	0.0796	0.2290	0.1971	0.4508	0.6047	0.1937	0.4499	0.3318	0.2158	0.0689	0.6610	0.1641	0.0776	0.2600	0.1625	0.0362	0.6399	0.1128	0.0482	0.2659	0.3381	0.0379	0.7001	0.2877	0.0363	0.2544	0.1771	0.9564	0.4912	0.2333	0.0765	0.6240	0.1870	0.0757	0.2910	0.2076	0.4444	0.5484	0.2024	0.4374	0.3838
588	5.88	0.3451	0.8855	0.5662	0.3053	0.8964	0.3678	0.2611	0.4510	0.6224	0.2503	0.4791	0.3117	0.2434	0.3881	0.6281	0.2266	0.3928	0.2969	0.2165	0.2050	0.7058	0.2438	0.1528	0.6861	0.2722	0.1560	0.7291	0.1817	0.2139	0.2253	0.2003	0.1524	0.2374	0.2268	0.1581	0.1936	0.3252	0.8910	0.4670	0.3252	0.8910	0.4670	0.2401	0.0369	0.6664	0.1901	0.0430	0.2608	0.2046	0.2961	0.6275	0.1817	0.2991	0.3027	0.0160	-0.0052	0.0381	0.0095	-0.0002	-0.0374	0.3037	1.2892	0.4870	0.2136	0.6565	0.3789	0.0076	0.0265	-0.0467	0.2286	0.6533	0.5703	0.0130	0.0335	0.0450	-0.0531	-0.0171	-0.0866	-0.0502	-0.0256	0.0755	0.1796	-0.0473	0.1557	0.0621	0.0000	0.0000	0.0000	0.0000	0.0000	0.0038	0.0515	0.0000	-0.0662	-0.0368	-0.0523	-0.0643	-0.0389	0.0421	0.2076	-0.0347	-0.1331	0.0654	0.0000	0.0000	0.0000	0.0000	0.0000	0.0060	0.0512	0.0000	0.1910	1.3337	0.4828	0.3453	0.8855	0.5673	0.3051	0.8964	0.3666	0.3013	1.2890	0.5390	0.3060	1.2895	0.4350	0.2302	0.8290	0.4183	0.2549	0.8223	0.5417	0.1864	0.4573	0.6609	0.1851	0.4623	0.2798	0.1981	0.0612	0.6979	0.1411	0.0795	0.2290	0.1970	0.4508	0.6047	0.1937	0.4498	0.3318	0.2158	0.0688	0.6609	0.1640	0.0776	0.2600	0.1625	0.0361	0.6398	0.1127	0.0482	0.2659	0.3381	0.0379	0.7000	0.2877	0.0363	0.2544	0.1771	0.9564	0.4911	0.2334	0.0764	0.6240	0.1869	0.0757	0.2910	0.2077	0.4444	0.5484	0.2023	0.4373	0.3838
589	5.89	0.3452	0.8855	0.5662	0.3051	0.8962	0.3681	0.2611	0.4510	0.6224	0.2504	0.4791	0.3117	0.2434	0.3881	0.6281	0.2267	0.3928	0.2969	0.2164	0.2050	0.7057	0.2438	0.1528	0.6861	0.2721	0.1560	0.7291	0.1817	0.2139	0.2253	0.2003	0.1524	0.2374	0.2268	0.1581	0.1936	0.3251	0.8908	0.4671	0.3251	0.8908	0.4671	0.2401	0.0368	0.6663	0.1900	0.0430	0.2608	0.2046	0.2961	0.6274	0.1817	0.2991	0.3027	0.0159	-0.0052	0.0381	0.0095	-0.0002	-0.0374	0.3038	1.2892	0.4871	0.2135	0.6564	0.3792	0.0076	0.0264	-0.0467	0.2286	0.6532	0.5705	0.0130	0.0336	0.0450	-0.0531	-0.0172	-0.0866	-0.0502	-0.0257	0.0755	0.1796	-0.0473	0.1558	0.0621	0.0000	0.0000	0.0000	0.0000	0.0000	0.0038	0.0515	0.0000	-0.0662	-0.0368	-0.0523	-0.0643	-0.0389	0.0422	0.2076	-0.0348	-0.1331	0.0654	0.0000	0.0000	0.0000	0.0000	0.0000	0.0060	0.0512	0.0000	0.1910	1.3337	0.4828	0.3454	0.8854	0.5675	0.3048	0.8963	0.3668	0.3014	1.2890	0.5390	0.3062	1.2895	0.4351	0.2300	0.8289	0.4187	0.2549	0.8223	0.5420	0.1864	0.4573	0.6609	0.1851	0.4623	0.2798	0.1981	0.0612	0.6978	0.1411	0.0795	0.2290	0.1970	0.4508	0.6046	0.1937	0.4498	0.3318	0.2157	0.0688	0.6609	0.1640	0.0776	0.2600	0.1626	0.0360	0.6396	0.1127	0.0483	0.2659	0.3381	0.0378	0.7000	0.2877	0.0363	0.2544	0.1771	0.9564	0.4911	0.2334	0.0764	0.6240	0.1869	0.0756	0.2910	0.2077	0.4444	0.5484	0.2022	0.4373	0.3838
590	5.90	0.3452	0.8855	0.5662	0.3051	0.8961	0.3682	0.2611	0.4510	0.6224	0.2504	0.4791	0.3118	0.2434	0.3881	0.6281	0.2267	0.3928	0.2969	0.2165	0.2050	0.7058	0.2438	0.1528	0.6861	0.2722	0.1560	0.7291	0.1818	0.2139	0.2253	0.2003	0.1524	0.2374	0.2268	0.1581	0.1936	0.3251	0.8908	0.4672	0.3251	0.8908	0.4672	0.2401	0.0369	0.6664	0.1901	0.0429	0.2608	0.2046	0.2961	0.6274	0.1817	0.2990	0.3027	0.0160	-0.0052	0.0381	0.0095	-0.0002	-0.0374	0.3039	1.2892	0.4871	0.2135	0.6564	0.3792	0.0077	0.0264	-0.0467	0.2286	0.6532	0.5706	0.0130	0.0335	0.0450	-0.0531	-0.0171	-0.0866	-0.0503	-0.0257	0.0755	0.1796	-0.0474	0.1557	0.0621	0.0000	0.0000	0.0000	0.0000	0.0000	0.0038	0.0515	0.0000	-0.0661	-0.0368	-0.0523	-0.0643	-0.0389	0.0421	0.2076	-0.0348	-0.1331	0.0654	0.0000	0.0000	0.0000	0.0000	0.0000	0.0060	0.0512	0.0000	0.1912	1.3337	0.4830	0.3455	0.8854	0.5675	0.3048	0.8962	0.3669	0.3015	1.2889	0.5391	0.3063	1.2896	0.4352	0.2300	0.8289	0.4188	0.2550	0.8223	0.5421	0.1865	0.4572	0.6609	0.1852	0.4624	0.2798	0.1981	0.0612	0.6978	0.1411	0.0795	0.2290	0.1971	0.4508	0.6047	0.1938	0.4498	0.3318	0.2157	0.0688	0.6609	0.1640	0.0775	0.2600	0.1625	0.0361	0.6398	0.1128	0.0482	0.2660	0.3381	0.0378	0.7001	0.2877	0.0363	0.2544	0.1772	0.9564	0.4912	0.2334	0.0765	0.6240	0.1869	0.0756	0.2910	0.2077	0.4444	0.5484	0.2023	0.4373	0.3838
591	5.91	0.3453	0.8855	0.5662	0.3051	0.8962	0.3683	0.2611	0.4510	0.6225	0.2504	0.4791	0.3118	0.2434	0.3881	0.6281	0.2268	0.3929	0.2969	0.2165	0.2050	0.7058	0.2438	0.1528	0.6861	0.2722	0.1560	0.7291	0.1818	0.2139	0.2253	0.2003	0.1524	0.2374	0.2268	0.1582	0.1936	0.3252	0.8908	0.4672	0.3252	0.8908	0.4672	0.2401	0.0369	0.6665	0.1901	0.0429	0.2609	0.2047	0.2961	0.6274	0.1818	0.2991	0.3027	0.0160	-0.0053	0.0381	0.0095	-0.0003	-0.0374	0.3040	1.2893	0.4872	0.2136	0.6564	0.3792	0.0077	0.0265	-0.0467	0.2287	0.6533	0.5706	0.0130	0.0335	0.0450	-0.0531	-0.0171	-0.0866	-0.0502	-0.0256	0.0755	0.1796	-0.0474	0.1557	0.0621	0.0000	0.0000	0.0000	0.0000	0.0000	0.0038	0.0514	0.0000	-0.0662	-0.0369	-0.0523	-0.0643	-0.0389	0.0421	0.2076	-0.0347	-0.1332	0.0654	0.0000	0.0000	0.0000	0.0000	0.0000	0.0060	0.0512	0.0000	0.1913	1.3337	0.4831	0.3455	0.8854	0.5675	0.3049	0.8962	0.3669	0.3016	1.2890	0.5392	0.3064	1.2896	0.4352	0.2300	0.8289	0.4188	0.2550	0.8223	0.5421	0.1865	0.4573	0.6609	0.1852	0.4624	0.2798	0.1981	0.0612	0.6979	0.1412	0.0795	0.2290	0.1971	0.4508	0.6046	0.1938	0.4499	0.3318	0.2158	0.0689	0.6609	0.1641	0.0776	0.2600	0.1625	0.0362	0.6399	0.1128	0.0482	0.2660	0.3381	0.0379	0.7001	0.2877	0.0363	0.2544	0.1773	0.9564	0.4912	0.2334	0.0765	0.6239	0.1869	0.0756	0.2910	0.2077	0.4444	0.5484	0.2024	0.4373	0.3838
592	5.92	0.3453	0.8855	0.5662	0.3052	0.8961	0.3683	0.2612	0.4510	0.6224	0.2505	0.4791	0.3118	0.2434	0.3882	0.6281	0.2268	0.3928	0.2969	0.2165	0.2050	0.7057	0.2439	0.1528	0.6861	0.2722	0.1560	0.7291	0.1818	0.2139	0.2253	0.2003	0.1524	0.2374	0.2269	0.1581	0.1936	0.3253	0.8908	0.4673	0.3253	0.8908	0.4673	0.2401	0.0370	0.6664	0.1901	0.0430	0.2608	0.2047	0.2961	0.6274	0.1818	0.2991	0.3027	0.0159	-0.0053	0.0380	0.0094	-0.0003	-0.0374	0.3041	1.2893	0.4873	0.2136	0.6565	0.3792	0.0077	0.0265	-0.0467	0.2287	0.6533	0.5706	0.0130	0.0336	0.0450	-0.0531	-0.0171	-0.0866	-0.0501	-0.0255	0.0754	0.1796	-0.0474	0.1557	0.0621	0.0000	0.0000	0.0000	0.0000	0.0000	0.0038	0.0515	0.0000	-0.0661	-0.0368	-0.0524	-0.0642	-0.0388	0.0421	0.2076	-0.0347	-0.1332	0.0654	0.0000	0.0000	0.0000	0.0000	0.0000	0.0060	0.0512	0.0000	0.1914	1.3338	0.4831	0.3456	0.8854	0.5676	0.3050	0.8962	0.3669	0.3017	1.2890	0.5393	0.3065	1.2896	0.4353	0.2301	0.8289	0.4188	0.2550	0.8223	0.5421	0.1865	0.4573	0.6609	0.1853	0.4624	0.2798	0.1982	0.0613	0.6978	0.1413	0.0796	0.2289	0.1971	0.4508	0.6046	0.1939	0.4499	0.3318	0.2158	0.0689	0.6609	0.1641	0.0777	0.2599	0.1625	0.0363	0.6398	0.1128	0.0484	0.2659	0.3382	0.0379	0.7000	0.2877	0.0363	0.2544	0.1773	0.9565	0.4912	0.2333	0.0765	0.6240	0.1869	0.0757	0.2910	0.2078	0.4444	0.5484	0.2025	0.4373	0.3838
593	5.93	0.3454	0.8854	0.5663	0.3053	0.8961	0.3683	0.2612	0.4511	0.6224	0.2506	0.4791	0.3118	0.2435	0.3882	0.6280	0.2269	0.3928	0.2969	0.2165	0.2050	0.7057	0.2439	0.1528	0.6860	0.2723	0.1560	0.7290	0.1818	0.2139	0.2253	0.2004	0.1524	0.2374	0.2269	0.1581	0.1936	0.3253	0.8908	0.4673	0.3253	0.8908	0.4673	0.2402	0.0370	0.6663	0.1901	0.0431	0.2608	0.2047	0.2962	0.6274	0.1819	0.2991	0.3027	0.0159	-0.0053	0.0380	0.0094	-0.0003	-0.0374	0.3043	1.2893	0.4874	0.2137	0.6565	0.3792	0.0077	0.0265	-0.0466	0.2287	0.6533	0.5706	0.0130	0.0336	0.0450	-0.0530	-0.0171	-0.0866	-0.0501	-0.0254	0.0754	0.1795	-0.0475	0.1558	0.0621	0.0000	0.0000	0.0000	0.0000	0.0000	0.0038	0.0515	0.0000	-0.0661	-0.0368	-0.0524	-0.0642	-0.0388	0.0421	0.2076	-0.0347	-0.1332	0.0653	0.0000	0.0000	0.0000	0.0000	0.0000	0.0060	0.0512	0.0000	0.1915	1.3338	0.4832	0.3456	0.8854	0.5676	0.3051	0.8962	0.3669	0.3019	1.2890	0.5393	0.3067	1.2896	0.4354	0.2301	0.8290	0.4188	0.2551	0.8223	0.5421	0.1865	0.4573	0.6609	0.1854	0.4624	0.2798	0.1982	0.0613	0.6978	0.1414	0.0797	0.2288	0.1972	0.4509	0.6046	0.1940	0.4499	0.3318	0.2158	0.0689	0.6609	0.1642	0.0777	0.2599	0.1626	0.0362	0.6397	0.1128	0.0484	0.2659	0.3382	0.0379	0.7000	0.2878	0.0363	0.2543	0.1773	0.9566	0.4912	0.2334	0.0764	0.6241	0.1870	0.0757	0.2909	0.2078	0.4444	0.5483	0.2025	0.4373	0.3838
594	5.94	0.3454	0.8854	0.5663	0.3054	0.8961	0.3683	0.2612	0.4511	0.6224	0.2506	0.4791	0.3118	0.2435	0.3882	0.6280	0.2269	0.3928	0.2969	0.2166	0.2050	0.7057	0.2439	0.1529	0.6860	0.2723	0.1560	0.7290	0.1818	0.2139	0.2253	0.2004	0.1524	0.2374	0.2269	0.1581	0.1936	0.3254	0.8908	0.4673	0.3254	0.8908	0.4673	0.2403	0.0369	0.6663	0.1901	0.0431	0.2608	0.2047	0.2962	0.6274	0.1819	0.2992	0.3027	0.0159	-0.0053	0.0380	0.0094	-0.0003	-0.0374	0.3044	1.2893	0.4874	0.2137	0.6565	0.3792	0.0077	0.0265	-0.0466	0.2287	0.6533	0.5706	0.0129	0.0335	0.0450	-0.0530	-0.0170	-0.0866	-0.0500	-0.0254	0.0754	0.1796	-0.0475	0.1558	0.0621	0.0000	0.0000	0.0000	0.0000	0.0000	0.0038	0.0515	0.0000	-0.0661	-0.0368	-0.0524	-0.0642	-0.0387	0.0421	0.2076	-0.0348	-0.1332	0.0654	0.0000	0.0000	0.0000	0.0000	0.0000	0.0060	0.0512	0.0000	0.1916	1.3338	0.4832	0.3456	0.8854	0.5676	0.3051	0.8962	0.3670	0.3020	1.2890	0.5394	0.3068	1.2897	0.4354	0.2302	0.8289	0.4189	0.2551	0.8223	0.5421	0.1866	0.4573	0.6609	0.1854	0.4624	0.2798	0.1982	0.0613	0.6978	0.1414	0.0797	0.2288	0.1972	0.4509	0.6046	0.1940	0.4499	0.3318	0.2158	0.0689	0.6609	0.1642	0.0777	0.2599	0.1627	0.0361	0.6395	0.1128	0.0484	0.2658	0.3382	0.0379	0.7000	0.2878	0.0364	0.2544	0.1774	0.9566	0.4912	0.2334	0.0764	0.6240	0.1870	0.0757	0.2909	0.2078	0.4444	0.5483	0.2026	0.4374	0.3838
595	5.95	0.3454	0.8854	0.5663	0.3054	0.8961	0.3683	0.2612	0.4511	0.6224	0.2506	0.4791	0.3118	0.2435	0.3882	0.6280	0.2269	0.3928	0.2969	0.2166	0.2051	0.7057	0.2439	0.1529	0.6860	0.2722	0.1561	0.7290	0.1818	0.2139	0.2252	0.2004	0.1524	0.2374	0.2269	0.1581	0.1936	0.3254	0.8908	0.4673	0.3254	0.8908	0.4673	0.2402	0.0370	0.6664	0.1901	0.0431	0.2608	0.2047	0.2962	0.6274	0.1819	0.2992	0.3027	0.0159	-0.0053	0.0380	0.0094	-0.0003	-0.0374	0.3046	1.2894	0.4875	0.2137	0.6565	0.3792	0.0077	0.0265	-0.0466	0.2287	0.6533	0.5706	0.0129	0.0335	0.0451	-0.0531	-0.0171	-0.0866	-0.0501	-0.0254	0.0754	0.1796	-0.0475	0.1558	0.0621	0.0000	0.0000	0.0000	0.0000	0.0000	0.0038	0.0514	0.0000	-0.0661	-0.0368	-0.0525	-0.0642	-0.0388	0.0420	0.2076	-0.0347	-0.1332	0.0654	0.0000	0.0000	0.0000	0.0000	0.0000	0.0060	0.0512	0.0000	0.1918	1.3338	0.4833	0.3457	0.8854	0.5676	0.3052	0.8962	0.3670	0.3021	1.2890	0.5395	0.3070	1.2897	0.4355	0.2302	0.8289	0.4189	0.2551	0.8223	0.5421	0.1866	0.4573	0.6609	0.1854	0.4624	0.2798	0.1982	0.0613	0.6978	0.1414	0.0797	0.2288	0.1972	0.4509	0.6046	0.1940	0.4499	0.3318	0.2158	0.0689	0.6609	0.1642	0.0778	0.2599	0.1626	0.0363	0.6397	0.1128	0.0485	0.2658	0.3382	0.0379	0.7000	0.2878	0.0364	0.2544	0.1775	0.9565	0.4911	0.2333	0.0765	0.6240	0.1870	0.0758	0.2909	0.2077	0.4444	0.5483	0.2026	0.4374	0.3838
596	5.96	0.3454	0.8854	0.5663	0.3055	0.8961	0.3683	0.2612	0.4511	0.6224	0.2506	0.4791	0.3118	0.2435	0.3882	0.6280	0.2269	0.3928	0.2969	0.2166	0.2051	0.7057	0.2439	0.1529	0.6860	0.2722	0.1560	0.7290	0.1819	0.2139	0.2252	0.2004	0.1524	0.2374	0.2269	0.1581	0.1936	0.3255	0.8907	0.4673	0.3255	0.8907	0.4673	0.2402	0.0370	0.6664	0.1901	0.0431	0.2607	0.2047	0.2962	0.6274	0.1819	0.2991	0.3027	0.0159	-0.0053	0.0381	0.0095	-0.0002	-0.0374	0.3047	1.2894	0.4875	0.2138	0.6565	0.3792	0.0077	0.0265	-0.0466	0.2287	0.6533	0.5706	0.0129	0.0335	0.0450	-0.0530	-0.0171	-0.0867	-0.0501	-0.0255	0.0754	0.1796	-0.0475	0.1558	0.0621	0.0000	0.0000	0.0000	0.0000	0.0000	0.0038	0.0514	0.0000	-0.0661	-0.0368	-0.0525	-0.0642	-0.0388	0.0420	0.2076	-0.0348	-0.1331	0.0654	0.0000	0.0000	0.0000	0.0000	0.0000	0.0060	0.0512	0.0000	0.1919	1.3338	0.4834	0.3457	0.8853	0.5676	0.3052	0.8961	0.3670	0.3023	1.2890	0.5395	0.3071	1.2898	0.4356	0.2303	0.8289	0.4189	0.2551	0.8223	0.5422	0.1865	0.4573	0.6608	0.1854	0.4624	0.2797	0.1982	0.0613	0.6978	0.1413	0.0797	0.2289	0.1971	0.4509	0.6046	0.1940	0.4499	0.3318	0.2158	0.0689	0.6609	0.1642	0.0777	0.2599	0.1626	0.0363	0.6398	0.1128	0.0484	0.2658	0.3382	0.0379	0.7000	0.2878	0.0364	0.2543	0.1775	0.9566	0.4911	0.2334	0.0765	0.6240	0.1870	0.0758	0.2909	0.2077	0.4444	0.5483	0.2026	0.4374	0.3838
597	5.97	0.3454	0.8854	0.5663	0.3055	0.8960	0.3683	0.2612	0.4511	0.6224	0.2506	0.4791	0.3118	0.2434	0.3882	0.6280	0.2268	0.3928	0.2969	0.2165	0.2050	0.7057	0.2439	0.1528	0.6861	0.2722	0.1560	0.7291	0.1818	0.2139	0.2252	0.2003	0.1524	0.2374	0.2269	0.1581	0.1936	0.3255	0.8907	0.4673	0.3255	0.8907	0.4673	0.2402	0.0370	0.6664	0.1901	0.0431	0.2607	0.2047	0.2961	0.6274	0.1819	0.2991	0.3027	0.0159	-0.0052	0.0381	0.0095	-0.0002	-0.0374	0.3048	1.2894	0.4876	0.2138	0.6564	0.3792	0.0077	0.0265	-0.0466	0.2287	0.6533	0.5706	0.0129	0.0335	0.0451	-0.0530	-0.0171	-0.0866	-0.0502	-0.0255	0.0755	0.1796	-0.0475	0.1557	0.0621	0.0000	0.0000	0.0000	0.0000	0.0000	0.0038	0.0514	0.0000	-0.0661	-0.0368	-0.0524	-0.0642	-0.0388	0.0421	0.2076	-0.0348	-0.1331	0.0654	0.0000	0.0000	0.0000	0.0000	0.0000	0.0060	0.0512	0.0000	0.1921	1.3338	0.4835	0.3457	0.8853	0.5676	0.3053	0.8961	0.3670	0.3024	1.2890	0.5396	0.3073	1.2898	0.4356	0.2303	0.8289	0.4188	0.2551	0.8223	0.5421	0.1865	0.4573	0.6609	0.1854	0.4623	0.2797	0.1981	0.0613	0.6978	0.1413	0.0796	0.2289	0.1971	0.4508	0.6046	0.1940	0.4499	0.3318	0.2158	0.0689	0.6609	0.1641	0.0777	0.2599	0.1625	0.0363	0.6398	0.1128	0.0484	0.2658	0.3382	0.0379	0.7000	0.2877	0.0363	0.2544	0.1776	0.9565	0.4911	0.2335	0.0764	0.6240	0.1870	0.0757	0.2909	0.2077	0.4444	0.5483	0.2026	0.4374	0.3838
598	5.98	0.3455	0.8854	0.5663	0.3056	0.8960	0.3683	0.2612	0.4511	0.6224	0.2506	0.4791	0.3118	0.2434	0.3882	0.6280	0.2269	0.3928	0.2969	0.2165	0.2050	0.7057	0.2439	0.1528	0.6861	0.2722	0.1560	0.7291	0.1818	0.2139	0.2252	0.2003	0.1524	0.2374	0.2269	0.1581	0.1936	0.3255	0.8907	0.4673	0.3255	0.8907	0.4673	0.2402	0.0369	0.6664	0.1901	0.0430	0.2608	0.2046	0.2961	0.6274	0.1819	0.2991	0.3027	0.0159	-0.0053	0.0380	0.0095	-0.0002	-0.0374	0.3050	1.2894	0.4877	0.2138	0.6564	0.3792	0.0077	0.0265	-0.0466	0.2287	0.6533	0.5705	0.0129	0.0335	0.0451	-0.0530	-0.0171	-0.0866	-0.0502	-0.0256	0.0755	0.1796	-0.0475	0.1557	0.0621	0.0000	0.0000	0.0000	0.0000	0.0000	0.0038	0.0514	0.0000	-0.0661	-0.0368	-0.0524	-0.0642	-0.0388	0.0421	0.2076	-0.0347	-0.1331	0.0654	0.0000	0.0000	0.0000	0.0000	0.0000	0.0060	0.0512	0.0000	0.1922	1.3338	0.4836	0.3457	0.8854	0.5676	0.3053	0.8961	0.3669	0.3026	1.2890	0.5397	0.3074	1.2898	0.4356	0.2303	0.8289	0.4188	0.2552	0.8223	0.5421	0.1865	0.4573	0.6608	0.1854	0.4624	0.2797	0.1981	0.0613	0.6978	0.1412	0.0796	0.2289	0.1971	0.4508	0.6046	0.1940	0.4499	0.3317	0.2158	0.0689	0.6609	0.1641	0.0777	0.2599	0.1626	0.0362	0.6397	0.1127	0.0484	0.2658	0.3382	0.0379	0.7001	0.2877	0.0363	0.2544	0.1777	0.9565	0.4911	0.2334	0.0765	0.6240	0.1870	0.0757	0.2909	0.2077	0.4444	0.5483	0.2025	0.4374	0.3838
599	5.99	0.3455	0.8854	0.5662	0.3056	0.8960	0.3683	0.2611	0.4511	0.6224	0.2506	0.4791	0.3118	0.2434	0.3882	0.6280	0.2269	0.3929	0.2969	0.2165	0.2050	0.7057	0.2439	0.1528	0.6860	0.2722	0.1560	0.7291	0.1819	0.2139	0.2252	0.2004	0.1524	0.2374	0.2269	0.1582	0.1936	0.3256	0.8907	0.4673	0.3256	0.8907	0.4673	0.2402	0.0369	0.6663	0.1901	0.0431	0.2608	0.2046	0.2961	0.6274	0.1819	0.2992	0.3026	0.0159	-0.0053	0.0380	0.0095	-0.0002	-0.0374	0.3052	1.2895	0.4877	0.2138	0.6565	0.3792	0.0077	0.0265	-0.0466	0.2288	0.6533	0.5705	0.0130	0.0335	0.0450	-0.0530	-0.0171	-0.0866	-0.0502	-0.0256	0.0755	0.1796	-0.0474	0.1558	0.0621	0.0000	0.0000	0.0000	0.0000	0.0000	0.0038	0.0514	0.0000	-0.0661	-0.0368	-0.0525	-0.0643	-0.0388	0.0421	0.2076	-0.0348	-0.1331	0.0654	0.0000	0.0000	0.0000	0.0000	0.0000	0.0060	0.0512	0.0000	0.1923	1.3338	0.4837	0.3458	0.8854	0.5676	0.3054	0.8961	0.3669	0.3028	1.2890	0.5397	0.3076	1.2899	0.4357	0.2304	0.8289	0.4188	0.2552	0.8223	0.5421	0.1865	0.4573	0.6608	0.1854	0.4624	0.2797	0.1981	0.0613	0.6978	0.1412	0.0797	0.2289	0.1971	0.4508	0.6045	0.1940	0.4499	0.3317	0.2157	0.0689	0.6609	0.1641	0.0777	0.2599	0.1626	0.0361	0.6395	0.1127	0.0484	0.2658	0.3382	0.0379	0.7001	0.2877	0.0363	0.2544	0.1777	0.9565	0.4911	0.2333	0.0765	0.6240	0.1869	0.0757	0.2909	0.2077	0.4444	0.5483	0.2025	0.4374	0.3838
600	6.00	0.3455	0.8854	0.5663	0.3057	0.8960	0.3683	0.2611	0.4510	0.6224	0.2506	0.4791	0.3118	0.2434	0.3882	0.6280	0.2269	0.3928	0.2969	0.2165	0.2050	0.7057	0.2439	0.1528	0.6861	0.2722	0.1560	0.7291	0.1818	0.2139	0.2252	0.2004	0.1524	0.2374	0.2269	0.1582	0.1936	0.3256	0.8907	0.4673	0.3256	0.8907	0.4673	0.2402	0.0369	0.6663	0.1901	0.0431	0.2608	0.2046	0.2961	0.6274	0.1819	0.2991	0.3026	0.0159	-0.0053	0.0381	0.0094	-0.0003	-0.0374	0.3053	1.2894	0.4877	0.2138	0.6565	0.3792	0.0077	0.0265	-0.0467	0.2287	0.6533	0.5705	0.0130	0.0335	0.0450	-0.0530	-0.0171	-0.0866	-0.0501	-0.0255	0.0755	0.1796	-0.0474	0.1557	0.0621	0.0000	0.0000	0.0000	0.0000	0.0000	0.0038	0.0514	0.0000	-0.0661	-0.0368	-0.0524	-0.0642	-0.0388	0.0421	0.2076	-0.0348	-0.1332	0.0654	0.0000	0.0000	0.0000	0.0000	0.0000	0.0060	0.0512	0.0000	0.1925	1.3338	0.4837	0.3458	0.8853	0.5676	0.3054	0.8961	0.3669	0.3029	1.2890	0.5397	0.3078	1.2899	0.4357	0.2304	0.8289	0.4187	0.2552	0.8223	0.5421	0.1864	0.4573	0.6608	0.1855	0.4624	0.2797	0.1981	0.0613	0.6978	0.1413	0.0797	0.2288	0.1971	0.4508	0.6045	0.1940	0.4499	0.3317	0.2158	0.0689	0.6609	0.1641	0.0777	0.2599	0.1626	0.0362	0.6396	0.1127	0.0484	0.2658	0.3382	0.0379	0.7001	0.2877	0.0363	0.2544	0.1777	0.9565	0.4911	0.2334	0.0765	0.6240	0.1869	0.0757	0.2909	0.2077	0.4444	0.5483	0.2025	0.4374	0.3838
601	6.01	0.3455	0.8854	0.5663	0.3057	0.8960	0.3682	0.2611	0.4510	0.6224	0.2506	0.4791	0.3118	0.2433	0.3881	0.6280	0.2269	0.3928	0.2969	0.2165	0.2050	0.7057	0.2439	0.1528	0.6861	0.2722	0.1560	0.7291	0.1818	0.2139	0.2252	0.2004	0.1524	0.2374	0.2269	0.1581	0.1936	0.3256	0.8907	0.4673	0.3256	0.8907	0.4673	0.2402	0.0368	0.6663	0.1901	0.0430	0.2608	0.2047	0.2961	0.6274	0.1819	0.2991	0.3026	0.0159	-0.0053	0.0381	0.0094	-0.0003	-0.0374	0.3055	1.2894	0.4878	0.2138	0.6564	0.3791	0.0077	0.0265	-0.0467	0.2287	0.6533	0.5705	0.0130	0.0335	0.0451	-0.0530	-0.0171	-0.0866	-0.0501	-0.0256	0.0755	0.1796	-0.0474	0.1557	0.0621	0.0000	0.0000	0.0000	0.0000	0.0000	0.0038	0.0514	0.0000	-0.0661	-0.0368	-0.0523	-0.0642	-0.0389	0.0422	0.2075	-0.0347	-0.1333	0.0654	0.0000	0.0000	0.0000	0.0000	0.0000	0.0060	0.0512	0.0000	0.1927	1.3337	0.4838	0.3458	0.8853	0.5676	0.3055	0.8961	0.3669	0.3031	1.2889	0.5398	0.3079	1.2899	0.4358	0.2304	0.8289	0.4187	0.2552	0.8223	0.5420	0.1864	0.4572	0.6608	0.1855	0.4624	0.2797	0.1982	0.0613	0.6978	0.1413	0.0796	0.2289	0.1971	0.4508	0.6045	0.1940	0.4499	0.3317	0.2158	0.0688	0.6609	0.1641	0.0776	0.2599	0.1627	0.0360	0.6395	0.1127	0.0484	0.2658	0.3382	0.0378	0.7001	0.2877	0.0363	0.2544	0.1778	0.9565	0.4911	0.2334	0.0764	0.6240	0.1869	0.0757	0.2909	0.2077	0.4444	0.5482	0.2024	0.4373	0.3838
602	6.02	0.3455	0.8854	0.5662	0.3058	0.8960	0.3682	0.2611	0.4510	0.6224	0.2507	0.4791	0.3118	0.2433	0.3881	0.6280	0.2269	0.3928	0.2969	0.2165	0.2050	0.7057	0.2439	0.1528	0.6861	0.2722	0.1560	0.7291	0.1819	0.2139	0.2252	0.2004	0.1524	0.2374	0.2269	0.1581	0.1936	0.3257	0.8907	0.4672	0.3257	0.8907	0.4672	0.2402	0.0369	0.6664	0.1901	0.0430	0.2608	0.2046	0.2961	0.6274	0.1819	0.2991	0.3026	0.0159	-0.0053	0.0380	0.0094	-0.0003	-0.0374	0.3057	1.2894	0.4878	0.2139	0.6564	0.3791	0.0076	0.0265	-0.0467	0.2288	0.6532	0.5705	0.0130	0.0335	0.0450	-0.0530	-0.0171	-0.0866	-0.0501	-0.0255	0.0755	0.1796	-0.0474	0.1557	0.0621	0.0000	0.0000	0.0000	0.0000	0.0000	0.0038	0.0515	0.0000	-0.0661	-0.0368	-0.0524	-0.0643	-0.0388	0.0421	0.2076	-0.0348	-0.1332	0.0654	0.0000	0.0000	0.0000	0.0000	0.0000	0.0060	0.0512	0.0000	0.1928	1.3337	0.4839	0.3458	0.8853	0.5676	0.3055	0.8961	0.3669	0.3033	1.2889	0.5398	0.3081	1.2899	0.4358	0.2305	0.8289	0.4187	0.2552	0.8223	0.5420	0.1864	0.4572	0.6608	0.1855	0.4624	0.2797	0.1982	0.0612	0.6978	0.1413	0.0796	0.2288	0.1970	0.4508	0.6045	0.1940	0.4499	0.3317	0.2158	0.0688	0.6609	0.1641	0.0776	0.2599	0.1626	0.0362	0.6397	0.1127	0.0483	0.2658	0.3382	0.0378	0.7001	0.2877	0.0363	0.2544	0.1779	0.9565	0.4910	0.2334	0.0764	0.6240	0.1869	0.0756	0.2909	0.2077	0.4444	0.5482	0.2025	0.4373	0.3838
603	6.03	0.3455	0.8854	0.5662	0.3058	0.8960	0.3682	0.2611	0.4510	0.6224	0.2507	0.4791	0.3118	0.2433	0.3881	0.6280	0.2269	0.3929	0.2968	0.2165	0.2050	0.7057	0.2438	0.1528	0.6861	0.2721	0.1560	0.7291	0.1819	0.2139	0.2252	0.2004	0.1524	0.2374	0.2269	0.1581	0.1936	0.3257	0.8907	0.4672	0.3257	0.8907	0.4672	0.2402	0.0370	0.6664	0.1901	0.0430	0.2608	0.2046	0.2961	0.6273	0.1819	0.2991	0.3026	0.0159	-0.0053	0.0380	0.0094	-0.0003	-0.0374	0.3059	1.2895	0.4879	0.2139	0.6565	0.3791	0.0077	0.0265	-0.0467	0.2288	0.6533	0.5704	0.0130	0.0335	0.0450	-0.0530	-0.0171	-0.0866	-0.0502	-0.0256	0.0755	0.1796	-0.0474	0.1557	0.0621	0.0000	0.0000	0.0000	0.0000	0.0000	0.0038	0.0514	0.0000	-0.0661	-0.0368	-0.0524	-0.0643	-0.0389	0.0421	0.2076	-0.0348	-0.1332	0.0654	0.0000	0.0000	0.0000	0.0000	0.0000	0.0060	0.0512	0.0000	0.1930	1.3337	0.4840	0.3458	0.8853	0.5676	0.3055	0.8961	0.3669	0.3034	1.2889	0.5399	0.3083	1.2900	0.4359	0.2305	0.8289	0.4187	0.2552	0.8223	0.5420	0.1864	0.4572	0.6608	0.1855	0.4624	0.2797	0.1981	0.0613	0.6978	0.1413	0.0796	0.2289	0.1970	0.4508	0.6045	0.1940	0.4499	0.3317	0.2157	0.0689	0.6609	0.1641	0.0777	0.2599	0.1625	0.0363	0.6398	0.1127	0.0483	0.2658	0.3382	0.0378	0.7001	0.2877	0.0363	0.2544	0.1779	0.9565	0.4910	0.2334	0.0765	0.6240	0.1869	0.0757	0.2909	0.2077	0.4444	0.5482	0.2025	0.4374	0.3837
604	6.04	0.3455	0.8854	0.5662	0.3059	0.8960	0.3682	0.2610	0.4510	0.6223	0.2506	0.4791	0.3118	0.2433	0.3881	0.6280	0.2269	0.3929	0.2968	0.2165	0.2050	0.7057	0.2438	0.1528	0.6861	0.2721	0.1560	0.7291	0.1818	0.2139	0.2252	0.2004	0.1524	0.2374	0.2269	0.1581	0.1936	0.3257	0.8907	0.4672	0.3257	0.8907	0.4672	0.2402	0.0369	0.6664	0.1901	0.0430	0.2607	0.2046	0.2961	0.6273	0.1819	0.2991	0.3026	0.0159	-0.0053	0.0380	0.0094	-0.0003	-0.0374	0.3060	1.2895	0.4879	0.2139	0.6565	0.3791	0.0077	0.0265	-0.0467	0.2287	0.6533	0.5704	0.0130	0.0335	0.0450	-0.0530	-0.0171	-0.0866	-0.0501	-0.0255	0.0754	0.1796	-0.0475	0.1557	0.0621	0.0000	0.0000	0.0000	0.0000	0.0000	0.0038	0.0514	0.0000	-0.0661	-0.0368	-0.0524	-0.0642	-0.0388	0.0421	0.2076	-0.0347	-0.1332	0.0654	0.0000	0.0000	0.0000	0.0000	0.0000	0.0060	0.0512	0.0000	0.1932	1.3337	0.4840	0.3458	0.8853	0.5676	0.3056	0.8960	0.3668	0.3036	1.2889	0.5399	0.3084	1.2900	0.4359	0.2305	0.8289	0.4186	0.2552	0.8223	0.5420	0.1864	0.4573	0.6607	0.1855	0.4624	0.2796	0.1981	0.0613	0.6978	0.1413	0.0797	0.2288	0.1970	0.4508	0.6045	0.1940	0.4499	0.3317	0.2157	0.0689	0.6609	0.1641	0.0777	0.2599	0.1626	0.0362	0.6397	0.1127	0.0484	0.2658	0.3382	0.0378	0.7001	0.2877	0.0363	0.2544	0.1779	0.9565	0.4910	0.2333	0.0764	0.6240	0.1869	0.0757	0.2909	0.2077	0.4444	0.5482	0.2024	0.4374	0.3837
605	6.05	0.3456	0.8853	0.5662	0.3059	0.8959	0.3682	0.2611	0.4510	0.6223	0.2507	0.4791	0.3117	0.2434	0.3882	0.6280	0.2269	0.3928	0.2968	0.2165	0.2050	0.7057	0.2439	0.1528	0.6860	0.2722	0.1560	0.7291	0.1819	0.2139	0.2252	0.2004	0.1524	0.2374	0.2270	0.1581	0.1935	0.3257	0.8906	0.4672	0.3257	0.8906	0.4672	0.2402	0.0369	0.6663	0.1901	0.0430	0.2607	0.2046	0.2961	0.6273	0.1819	0.2991	0.3026	0.0159	-0.0053	0.0380	0.0094	-0.0003	-0.0374	0.3062	1.2894	0.4879	0.2139	0.6565	0.3790	0.0077	0.0265	-0.0466	0.2287	0.6533	0.5704	0.0130	0.0335	0.0451	-0.0530	-0.0171	-0.0866	-0.0501	-0.0255	0.0754	0.1796	-0.0475	0.1557	0.0621	0.0000	0.0000	0.0000	0.0000	0.0000	0.0038	0.0515	0.0000	-0.0661	-0.0368	-0.0524	-0.0642	-0.0388	0.0421	0.2076	-0.0347	-0.1332	0.0654	0.0000	0.0000	0.0000	0.0000	0.0000	0.0060	0.0512	0.0000	0.1933	1.3337	0.4840	0.3458	0.8852	0.5675	0.3056	0.8960	0.3668	0.3038	1.2889	0.5399	0.3086	1.2900	0.4359	0.2305	0.8289	0.4186	0.2552	0.8223	0.5420	0.1864	0.4573	0.6607	0.1855	0.4624	0.2796	0.1981	0.0613	0.6978	0.1413	0.0797	0.2288	0.1970	0.4508	0.6044	0.1940	0.4499	0.3316	0.2158	0.0689	0.6609	0.1641	0.0777	0.2598	0.1627	0.0361	0.6395	0.1127	0.0484	0.2657	0.3382	0.0378	0.7001	0.2877	0.0363	0.2544	0.1780	0.9565	0.4909	0.2334	0.0764	0.6240	0.1869	0.0757	0.2909	0.2076	0.4443	0.5482	0.2025	0.4374	0.3837
606	6.06	0.3456	0.8853	0.5661	0.3059	0.8959	0.3682	0.2611	0.4511	0.6222	0.2507	0.4791	0.3117	0.2434	0.3882	0.6279	0.2269	0.3928	0.2968	0.2165	0.2051	0.7056	0.2439	0.1529	0.6860	0.2722	0.1561	0.7290	0.1819	0.2139	0.2251	0.2004	0.1524	0.2373	0.2270	0.1581	0.1935	0.3258	0.8906	0.4672	0.3258	0.8906	0.4672	0.2402	0.0369	0.6663	0.1901	0.0431	0.2607	0.2046	0.2961	0.6273	0.1819	0.2992	0.3025	0.0159	-0.0053	0.0380	0.0095	-0.0002	-0.0374	0.3064	1.2895	0.4879	0.2139	0.6565	0.3790	0.0077	0.0265	-0.0466	0.2288	0.6533	0.5704	0.0129	0.0335	0.0451	-0.0530	-0.0171	-0.0867	-0.0502	-0.0255	0.0755	0.1795	-0.0475	0.1558	0.0621	0.0000	0.0000	0.0000	0.0000	0.0000	0.0038	0.0514	0.0000	-0.0661	-0.0368	-0.0525	-0.0642	-0.0388	0.0421	0.2076	-0.0348	-0.1332	0.0654	0.0000	0.0000	0.0000	0.0000	0.0000	0.0060	0.0512	0.0000	0.1935	1.3337	0.4841	0.3459	0.8852	0.5675	0.3056	0.8960	0.3668	0.3040	1.2889	0.5399	0.3087	1.2900	0.4359	0.2305	0.8289	0.4186	0.2552	0.8223	0.5419	0.1864	0.4573	0.6607	0.1855	0.4624	0.2796	0.1981	0.0613	0.6978	0.1413	0.0797	0.2288	0.1970	0.4508	0.6044	0.1940	0.4499	0.3316	0.2158	0.0689	0.6609	0.1641	0.0777	0.2598	0.1626	0.0362	0.6396	0.1127	0.0484	0.2657	0.3382	0.0379	0.7001	0.2877	0.0363	0.2544	0.1780	0.9566	0.4909	0.2334	0.0764	0.6240	0.1869	0.0758	0.2909	0.2076	0.4443	0.5481	0.2025	0.4374	0.3836
607	6.07	0.3456	0.8853	0.5661	0.3060	0.8959	0.3681	0.2611	0.4511	0.6222	0.2506	0.4791	0.3117	0.2434	0.3883	0.6279	0.2269	0.3929	0.2967	0.2165	0.2051	0.7056	0.2439	0.1529	0.6860	0.2722	0.1561	0.7290	0.1819	0.2139	0.2251	0.2004	0.1524	0.2373	0.2269	0.1581	0.1935	0.3258	0.8906	0.4671	0.3258	0.8906	0.4671	0.2403	0.0369	0.6662	0.1901	0.0431	0.2607	0.2046	0.2962	0.6273	0.1819	0.2992	0.3025	0.0159	-0.0053	0.0380	0.0095	-0.0002	-0.0374	0.3065	1.2895	0.4879	0.2139	0.6565	0.3790	0.0077	0.0265	-0.0466	0.2287	0.6533	0.5703	0.0129	0.0335	0.0451	-0.0530	-0.0171	-0.0866	-0.0501	-0.0255	0.0754	0.1796	-0.0475	0.1558	0.0621	0.0000	0.0000	0.0000	0.0000	0.0000	0.0038	0.0514	0.0000	-0.0661	-0.0368	-0.0525	-0.0642	-0.0388	0.0420	0.2076	-0.0347	-0.1332	0.0654	0.0000	0.0000	0.0000	0.0000	0.0000	0.0060	0.0512	0.0000	0.1937	1.3337	0.4841	0.3459	0.8852	0.5675	0.3057	0.8960	0.3668	0.3042	1.2890	0.5399	0.3088	1.2900	0.4359	0.2305	0.8290	0.4186	0.2552	0.8223	0.5419	0.1864	0.4573	0.6607	0.1855	0.4624	0.2796	0.1982	0.0614	0.6978	0.1413	0.0797	0.2287	0.1970	0.4508	0.6044	0.1940	0.4500	0.3316	0.2157	0.0689	0.6609	0.1641	0.0778	0.2598	0.1627	0.0361	0.6394	0.1127	0.0485	0.2657	0.3382	0.0379	0.7001	0.2877	0.0364	0.2544	0.1781	0.9566	0.4909	0.2333	0.0765	0.6240	0.1870	0.0758	0.2909	0.2076	0.4443	0.5481	0.2025	0.4375	0.3836
608	6.08	0.3456	0.8853	0.5661	0.3060	0.8960	0.3681	0.2611	0.4511	0.6222	0.2507	0.4791	0.3117	0.2434	0.3883	0.6278	0.2269	0.3928	0.2967	0.2165	0.2051	0.7056	0.2439	0.1529	0.6860	0.2722	0.1561	0.7290	0.1819	0.2139	0.2251	0.2004	0.1524	0.2373	0.2270	0.1581	0.1935	0.3258	0.8906	0.4671	0.3258	0.8906	0.4671	0.2402	0.0370	0.6663	0.1901	0.0432	0.2606	0.2046	0.2962	0.6272	0.1819	0.2992	0.3025	0.0159	-0.0053	0.0380	0.0095	-0.0002	-0.0374	0.3067	1.2894	0.4879	0.2139	0.6565	0.3789	0.0077	0.0265	-0.0466	0.2288	0.6533	0.5703	0.0129	0.0335	0.0451	-0.0530	-0.0171	-0.0866	-0.0501	-0.0255	0.0755	0.1796	-0.0475	0.1558	0.0621	0.0000	0.0000	0.0000	0.0000	0.0000	0.0038	0.0515	0.0000	-0.0661	-0.0368	-0.0525	-0.0642	-0.0388	0.0421	0.2076	-0.0347	-0.1332	0.0654	0.0000	0.0000	0.0000	0.0000	0.0000	0.0060	0.0512	0.0000	0.1938	1.3337	0.4841	0.3459	0.8852	0.5675	0.3058	0.8960	0.3668	0.3043	1.2889	0.5398	0.3090	1.2899	0.4359	0.2306	0.8290	0.4185	0.2552	0.8223	0.5419	0.1864	0.4573	0.6606	0.1855	0.4624	0.2795	0.1982	0.0614	0.6977	0.1412	0.0797	0.2287	0.1971	0.4508	0.6043	0.1940	0.4500	0.3315	0.2158	0.0689	0.6609	0.1641	0.0778	0.2598	0.1626	0.0363	0.6396	0.1127	0.0485	0.2656	0.3382	0.0379	0.7000	0.2877	0.0364	0.2544	0.1781	0.9566	0.4908	0.2333	0.0765	0.6240	0.1870	0.0758	0.2908	0.2077	0.4443	0.5481	0.2025	0.4375	0.3836
609	6.09	0.3456	0.8852	0.5661	0.3061	0.8959	0.3681	0.2611	0.4511	0.6222	0.2507	0.4791	0.3117	0.2434	0.3882	0.6278	0.2269	0.3928	0.2967	0.2165	0.2051	0.7056	0.2439	0.1529	0.6860	0.2722	0.1561	0.7290	0.1819	0.2139	0.2251	0.2004	0.1524	0.2373	0.2270	0.1581	0.1935	0.3259	0.8906	0.4671	0.3259	0.8906	0.4671	0.2402	0.0370	0.6664	0.1901	0.0431	0.2606	0.2046	0.2961	0.6272	0.1819	0.2992	0.3025	0.0159	-0.0053	0.0380	0.0095	-0.0002	-0.0374	0.3068	1.2894	0.4879	0.2140	0.6565	0.3789	0.0077	0.0265	-0.0466	0.2288	0.6533	0.5703	0.0129	0.0335	0.0451	-0.0530	-0.0171	-0.0867	-0.0501	-0.0255	0.0755	0.1795	-0.0475	0.1558	0.0621	0.0000	0.0000	0.0000	0.0000	0.0000	0.0038	0.0515	0.0000	-0.0660	-0.0368	-0.0525	-0.0642	-0.0388	0.0421	0.2075	-0.0348	-0.1332	0.0654	0.0000	0.0000	0.0000	0.0000	0.0000	0.0060	0.0512	0.0000	0.1940	1.3337	0.4841	0.3459	0.8852	0.5675	0.3058	0.8960	0.3667	0.3045	1.2889	0.5398	0.3091	1.2899	0.4359	0.2306	0.8290	0.4185	0.2553	0.8223	0.5418	0.1864	0.4573	0.6606	0.1856	0.4624	0.2795	0.1982	0.0613	0.6977	0.1413	0.0797	0.2287	0.1971	0.4508	0.6043	0.1940	0.4499	0.3315	0.2158	0.0689	0.6609	0.1641	0.0777	0.2598	0.1626	0.0363	0.6397	0.1127	0.0485	0.2656	0.3382	0.0379	0.7001	0.2877	0.0363	0.2544	0.1781	0.9566	0.4908	0.2334	0.0765	0.6240	0.1869	0.0758	0.2908	0.2077	0.4443	0.5481	0.2025	0.4374	0.3835
610	6.10	0.3456	0.8853	0.5661	0.3061	0.8960	0.3681	0.2611	0.4510	0.6222	0.2507	0.4791	0.3117	0.2434	0.3882	0.6279	0.2269	0.3929	0.2967	0.2164	0.2051	0.7056	0.2439	0.1529	0.6860	0.2721	0.1561	0.7290	0.1819	0.2139	0.2251	0.2004	0.1524	0.2373	0.2270	0.1581	0.1935	0.3259	0.8906	0.4671	0.3259	0.8906	0.4671	0.2402	0.0370	0.6664	0.1901	0.0431	0.2607	0.2046	0.2961	0.6272	0.1819	0.2992	0.3025	0.0159	-0.0053	0.0380	0.0095	-0.0002	-0.0374	0.3069	1.2894	0.4879	0.2140	0.6565	0.3789	0.0077	0.0265	-0.0466	0.2288	0.6533	0.5703	0.0130	0.0335	0.0451	-0.0530	-0.0171	-0.0866	-0.0501	-0.0255	0.0755	0.1795	-0.0474	0.1558	0.0621	0.0000	0.0000	0.0000	0.0000	0.0000	0.0038	0.0514	0.0000	-0.0661	-0.0368	-0.0524	-0.0642	-0.0388	0.0421	0.2075	-0.0348	-0.1332	0.0654	0.0000	0.0000	0.0000	0.0000	0.0000	0.0060	0.0512	0.0000	0.1942	1.3336	0.4842	0.3459	0.8852	0.5675	0.3058	0.8960	0.3667	0.3046	1.2889	0.5399	0.3093	1.2900	0.4359	0.2307	0.8289	0.4185	0.2553	0.8223	0.5418	0.1864	0.4573	0.6606	0.1856	0.4625	0.2795	0.1981	0.0613	0.6978	0.1413	0.0797	0.2287	0.1970	0.4508	0.6043	0.1940	0.4500	0.3315	0.2158	0.0689	0.6609	0.1641	0.0777	0.2598	0.1626	0.0363	0.6397	0.1127	0.0484	0.2657	0.3382	0.0379	0.7001	0.2877	0.0363	0.2544	0.1782	0.9565	0.4908	0.2334	0.0765	0.6240	0.1869	0.0758	0.2909	0.2077	0.4443	0.5480	0.2025	0.4374	0.3836
611	6.11	0.3457	0.8853	0.5661	0.3062	0.8960	0.3681	0.2611	0.4510	0.6222	0.2508	0.4791	0.3116	0.2434	0.3882	0.6279	0.2270	0.3929	0.2967	0.2164	0.2050	0.7056	0.2439	0.1528	0.6860	0.2721	0.1561	0.7290	0.1819	0.2139	0.2250	0.2004	0.1524	0.2373	0.2270	0.1581	0.1935	0.3259	0.8906	0.4671	0.3259	0.8906	0.4671	0.2402	0.0369	0.6663	0.1901	0.0431	0.2607	0.2046	0.2961	0.6272	0.1819	0.2992	0.3024	0.0159	-0.0053	0.0380	0.0094	-0.0003	-0.0374	0.3071	1.2894	0.4879	0.2141	0.6565	0.3789	0.0076	0.0265	-0.0466	0.2288	0.6532	0.5702	0.0130	0.0335	0.0450	-0.0530	-0.0171	-0.0866	-0.0501	-0.0255	0.0755	0.1796	-0.0474	0.1558	0.0621	0.0000	0.0000	0.0000	0.0000	0.0000	0.0038	0.0514	0.0000	-0.0661	-0.0368	-0.0524	-0.0642	-0.0388	0.0421	0.2075	-0.0348	-0.1333	0.0654	0.0000	0.0000	0.0000	0.0000	0.0000	0.0060	0.0512	0.0000	0.1943	1.3336	0.4841	0.3460	0.8852	0.5675	0.3059	0.8961	0.3667	0.3048	1.2889	0.5398	0.3094	1.2900	0.4359	0.2308	0.8289	0.4184	0.2554	0.8223	0.5418	0.1864	0.4573	0.6606	0.1856	0.4625	0.2795	0.1982	0.0613	0.6977	0.1413	0.0797	0.2287	0.1971	0.4508	0.6043	0.1941	0.4499	0.3315	0.2158	0.0689	0.6609	0.1641	0.0777	0.2598	0.1626	0.0362	0.6396	0.1127	0.0484	0.2657	0.3382	0.0379	0.7001	0.2877	0.0363	0.2544	0.1783	0.9565	0.4908	0.2334	0.0764	0.6240	0.1869	0.0757	0.2908	0.2078	0.4443	0.5480	0.2025	0.4374	0.3835
612	6.12	0.3457	0.8852	0.5661	0.3063	0.8960	0.3681	0.2611	0.4510	0.6221	0.2508	0.4791	0.3116	0.2434	0.3881	0.6278	0.2271	0.3929	0.2966	0.2164	0.2050	0.7056	0.2438	0.1528	0.6860	0.2721	0.1560	0.7290	0.1820	0.2139	0.2250	0.2004	0.1525	0.2373	0.2271	0.1581	0.1935	0.3260	0.8906	0.4671	0.3260	0.8906	0.4671	0.2402	0.0368	0.6663	0.1900	0.0431	0.2607	0.2047	0.2961	0.6272	0.1819	0.2991	0.3024	0.0159	-0.0052	0.0380	0.0094	-0.0003	-0.0374	0.3072	1.2894	0.4878	0.2141	0.6565	0.3788	0.0076	0.0264	-0.0466	0.2289	0.6532	0.5702	0.0130	0.0336	0.0450	-0.0530	-0.0171	-0.0866	-0.0501	-0.0255	0.0755	0.1796	-0.0474	0.1558	0.0621	0.0000	0.0000	0.0000	0.0000	0.0000	0.0038	0.0515	0.0000	-0.0661	-0.0368	-0.0524	-0.0643	-0.0388	0.0422	0.2075	-0.0348	-0.1333	0.0653	0.0000	0.0000	0.0000	0.0000	0.0000	0.0060	0.0512	0.0000	0.1944	1.3336	0.4841	0.3460	0.8852	0.5674	0.3060	0.8961	0.3667	0.3049	1.2888	0.5398	0.3095	1.2900	0.4359	0.2308	0.8289	0.4184	0.2554	0.8222	0.5417	0.1864	0.4572	0.6605	0.1856	0.4624	0.2795	0.1981	0.0613	0.6977	0.1414	0.0797	0.2287	0.1971	0.4508	0.6043	0.1941	0.4499	0.3315	0.2158	0.0688	0.6609	0.1641	0.0777	0.2597	0.1627	0.0361	0.6395	0.1127	0.0484	0.2656	0.3382	0.0378	0.7001	0.2877	0.0363	0.2544	0.1783	0.9565	0.4907	0.2334	0.0764	0.6240	0.1868	0.0757	0.2908	0.2078	0.4443	0.5480	0.2025	0.4373	0.3835
613	6.13	0.3457	0.8852	0.5661	0.3063	0.8959	0.3680	0.2611	0.4509	0.6222	0.2508	0.4790	0.3116	0.2433	0.3880	0.6279	0.2270	0.3928	0.2967	0.2164	0.2050	0.7056	0.2438	0.1527	0.6860	0.2721	0.1560	0.7291	0.1820	0.2139	0.2250	0.2004	0.1524	0.2373	0.2271	0.1581	0.1935	0.3260	0.8906	0.4671	0.3260	0.8906	0.4671	0.2402	0.0369	0.6664	0.1900	0.0430	0.2607	0.2046	0.2961	0.6272	0.1819	0.2991	0.3024	0.0159	-0.0053	0.0381	0.0094	-0.0003	-0.0374	0.3073	1.2894	0.4878	0.2141	0.6564	0.3788	0.0076	0.0264	-0.0467	0.2288	0.6532	0.5702	0.0130	0.0336	0.0450	-0.0530	-0.0171	-0.0866	-0.0501	-0.0254	0.0755	0.1796	-0.0473	0.1557	0.0621	0.0000	0.0000	0.0000	0.0000	0.0000	0.0038	0.0515	0.0000	-0.0661	-0.0368	-0.0524	-0.0643	-0.0388	0.0422	0.2075	-0.0348	-0.1333	0.0653	0.0000	0.0000	0.0000	0.0000	0.0000	0.0060	0.0512	0.0000	0.1945	1.3335	0.4841	0.3460	0.8851	0.5674	0.3060	0.8960	0.3667	0.3050	1.2888	0.5398	0.3096	1.2899	0.4359	0.2308	0.8289	0.4183	0.2554	0.8222	0.5417	0.1863	0.4572	0.6605	0.1857	0.4624	0.2794	0.1981	0.0612	0.6978	0.1414	0.0797	0.2286	0.1971	0.4507	0.6043	0.1941	0.4499	0.3315	0.2158	0.0688	0.6609	0.1641	0.0777	0.2597	0.1626	0.0362	0.6397	0.1127	0.0483	0.2656	0.3381	0.0378	0.7001	0.2877	0.0362	0.2544	0.1783	0.9565	0.4907	0.2334	0.0764	0.6240	0.1868	0.0757	0.2908	0.2078	0.4443	0.5480	0.2024	0.4373	0.3835
614	6.14	0.3457	0.8852	0.5660	0.3063	0.8959	0.3680	0.2611	0.4509	0.6222	0.2508	0.4790	0.3116	0.2434	0.3880	0.6279	0.2270	0.3928	0.2966	0.2164	0.2050	0.7056	0.2438	0.1528	0.6860	0.2721	0.1560	0.7290	0.1820	0.2139	0.2250	0.2004	0.1524	0.2373	0.2271	0.1581	0.1935	0.3260	0.8906	0.4670	0.3260	0.8906	0.4670	0.2402	0.0369	0.6664	0.1900	0.0430	0.2607	0.2047	0.2961	0.6272	0.1820	0.2991	0.3024	0.0159	-0.0053	0.0380	0.0094	-0.0003	-0.0374	0.3074	1.2894	0.4878	0.2141	0.6565	0.3788	0.0076	0.0265	-0.0467	0.2289	0.6532	0.5701	0.0130	0.0335	0.0451	-0.0530	-0.0171	-0.0866	-0.0501	-0.0254	0.0754	0.1796	-0.0473	0.1557	0.0621	0.0000	0.0000	0.0000	0.0000	0.0000	0.0038	0.0514	0.0000	-0.0661	-0.0369	-0.0524	-0.0643	-0.0388	0.0421	0.2075	-0.0348	-0.1333	0.0654	0.0000	0.0000	0.0000	0.0000	0.0000	0.0060	0.0512	0.0000	0.1947	1.3335	0.4842	0.3460	0.8851	0.5674	0.3061	0.8960	0.3666	0.3051	1.2888	0.5398	0.3098	1.2900	0.4358	0.2308	0.8289	0.4183	0.2554	0.8222	0.5417	0.1864	0.4572	0.6605	0.1857	0.4624	0.2794	0.1981	0.0612	0.6978	0.1414	0.0797	0.2286	0.1971	0.4507	0.6042	0.1941	0.4499	0.3314	0.2158	0.0688	0.6609	0.1641	0.0777	0.2597	0.1626	0.0362	0.6397	0.1127	0.0483	0.2656	0.3381	0.0378	0.7001	0.2877	0.0362	0.2544	0.1784	0.9565	0.4907	0.2334	0.0764	0.6240	0.1868	0.0757	0.2908	0.2078	0.4443	0.5479	0.2025	0.4373	0.3835
615	6.15	0.3458	0.8852	0.5660	0.3064	0.8960	0.3680	0.2612	0.4510	0.6221	0.2509	0.4791	0.3115	0.2434	0.3881	0.6278	0.2271	0.3929	0.2966	0.2164	0.2050	0.7056	0.2439	0.1528	0.6860	0.2721	0.1561	0.7290	0.1820	0.2139	0.2250	0.2004	0.1524	0.2373	0.2271	0.1581	0.1934	0.3261	0.8906	0.4670	0.3261	0.8906	0.4670	0.2402	0.0369	0.6664	0.1901	0.0430	0.2606	0.2047	0.2961	0.6272	0.1820	0.2992	0.3023	0.0159	-0.0053	0.0380	0.0094	-0.0003	-0.0374	0.3076	1.2894	0.4877	0.2142	0.6565	0.3787	0.0076	0.0265	-0.0466	0.2289	0.6532	0.5701	0.0130	0.0335	0.0451	-0.0530	-0.0171	-0.0866	-0.0501	-0.0254	0.0754	0.1795	-0.0474	0.1558	0.0621	0.0000	0.0000	0.0000	0.0000	0.0000	0.0038	0.0514	0.0000	-0.0660	-0.0369	-0.0524	-0.0643	-0.0387	0.0421	0.2076	-0.0349	-0.1332	0.0654	0.0000	0.0000	0.0000	0.0000	0.0000	0.0061	0.0512	0.0000	0.1948	1.3336	0.4841	0.3461	0.8851	0.5674	0.3061	0.8960	0.3666	0.3053	1.2888	0.5397	0.3099	1.2900	0.4358	0.2309	0.8290	0.4183	0.2555	0.8223	0.5417	0.1864	0.4573	0.6605	0.1857	0.4625	0.2794	0.1981	0.0613	0.6977	0.1414	0.0797	0.2286	0.1971	0.4508	0.6042	0.1942	0.4499	0.3314	0.2158	0.0689	0.6609	0.1641	0.0777	0.2597	0.1626	0.0362	0.6396	0.1127	0.0484	0.2656	0.3382	0.0378	0.7001	0.2877	0.0363	0.2544	0.1785	0.9565	0.4906	0.2334	0.0765	0.6240	0.1869	0.0757	0.2908	0.2078	0.4443	0.5479	0.2027	0.4374	0.3834
616	6.16	0.3458	0.8852	0.5660	0.3065	0.8960	0.3678	0.2612	0.4511	0.6221	0.2509	0.4791	0.3115	0.2435	0.3882	0.6278	0.2271	0.3929	0.2966	0.2164	0.2051	0.7055	0.2439	0.1529	0.6860	0.2721	0.1561	0.7290	0.1820	0.2139	0.2250	0.2004	0.1524	0.2372	0.2271	0.1581	0.1934	0.3262	0.8906	0.4669	0.3262	0.8906	0.4669	0.2403	0.0369	0.6662	0.1900	0.0431	0.2606	0.2047	0.2961	0.6271	0.1820	0.2992	0.3023	0.0159	-0.0053	0.0380	0.0095	-0.0003	-0.0374	0.3077	1.2894	0.4877	0.2143	0.6565	0.3786	0.0077	0.0265	-0.0466	0.2289	0.6533	0.5700	0.0130	0.0335	0.0451	-0.0530	-0.0172	-0.0866	-0.0501	-0.0254	0.0754	0.1796	-0.0474	0.1558	0.0622	0.0000	0.0000	0.0000	0.0000	0.0000	0.0038	0.0514	0.0000	-0.0661	-0.0369	-0.0524	-0.0642	-0.0387	0.0421	0.2076	-0.0348	-0.1332	0.0654	0.0000	0.0000	0.0000	0.0000	0.0000	0.0060	0.0512	0.0000	0.1948	1.3336	0.4841	0.3461	0.8851	0.5673	0.3063	0.8961	0.3665	0.3054	1.2889	0.5397	0.3100	1.2900	0.4358	0.2310	0.8290	0.4181	0.2555	0.8223	0.5415	0.1864	0.4573	0.6604	0.1857	0.4625	0.2793	0.1981	0.0614	0.6977	0.1414	0.0798	0.2286	0.1972	0.4508	0.6042	0.1942	0.4500	0.3313	0.2158	0.0689	0.6608	0.1641	0.0778	0.2597	0.1627	0.0360	0.6393	0.1127	0.0485	0.2655	0.3382	0.0379	0.7001	0.2877	0.0363	0.2544	0.1785	0.9566	0.4905	0.2334	0.0765	0.6240	0.1869	0.0758	0.2908	0.2079	0.4443	0.5479	0.2027	0.4375	0.3833
617	6.17	0.3459	0.8852	0.5660	0.3067	0.8961	0.3677	0.2613	0.4511	0.6221	0.2509	0.4790	0.3115	0.2435	0.3882	0.6277	0.2271	0.3928	0.2965	0.2165	0.2051	0.7055	0.2439	0.1529	0.6859	0.2721	0.1561	0.7290	0.1820	0.2139	0.2249	0.2004	0.1524	0.2372	0.2271	0.1581	0.1934	0.3263	0.8907	0.4668	0.3263	0.8907	0.4668	0.2403	0.0368	0.6661	0.1900	0.0432	0.2606	0.2047	0.2961	0.6271	0.1820	0.2992	0.3023	0.0159	-0.0053	0.0381	0.0095	-0.0002	-0.0374	0.3078	1.2894	0.4877	0.2144	0.6566	0.3785	0.0077	0.0265	-0.0466	0.2290	0.6532	0.5699	0.0130	0.0335	0.0451	-0.0530	-0.0171	-0.0866	-0.0501	-0.0255	0.0755	0.1796	-0.0474	0.1558	0.0622	0.0000	0.0000	0.0000	0.0000	0.0000	0.0038	0.0514	0.0000	-0.0661	-0.0368	-0.0524	-0.0642	-0.0388	0.0421	0.2075	-0.0348	-0.1333	0.0654	0.0000	0.0000	0.0000	0.0000	0.0000	0.0060	0.0512	0.0000	0.1950	1.3336	0.4840	0.3461	0.8852	0.5672	0.3065	0.8962	0.3664	0.3055	1.2889	0.5397	0.3101	1.2900	0.4357	0.2312	0.8290	0.4179	0.2556	0.8223	0.5413	0.1865	0.4574	0.6604	0.1858	0.4624	0.2793	0.1981	0.0614	0.6977	0.1413	0.0797	0.2286	0.1972	0.4508	0.6042	0.1942	0.4500	0.3313	0.2158	0.0689	0.6608	0.1641	0.0778	0.2597	0.1628	0.0360	0.6392	0.1127	0.0485	0.2655	0.3382	0.0379	0.7001	0.2877	0.0363	0.2544	0.1783	0.9566	0.4905	0.2335	0.0764	0.6239	0.1869	0.0759	0.2908	0.2079	0.4443	0.5479	0.2027	0.4375	0.3833
618	6.18	0.3459	0.8852	0.5659	0.3066	0.8960	0.3678	0.2613	0.4511	0.6221	0.2509	0.4790	0.3115	0.2436	0.3882	0.6277	0.2271	0.3929	0.2965	0.2165	0.2051	0.7055	0.2439	0.1529	0.6859	0.2722	0.1561	0.7290	0.1820	0.2139	0.2249	0.2005	0.1524	0.2372	0.2271	0.1581	0.1934	0.3262	0.8906	0.4669	0.3262	0.8906	0.4669	0.2403	0.0368	0.6661	0.1901	0.0431	0.2606	0.2048	0.2961	0.6271	0.1821	0.2992	0.3023	0.0159	-0.0053	0.0380	0.0095	-0.0003	-0.0374	0.3080	1.2894	0.4877	0.2144	0.6565	0.3786	0.0077	0.0266	-0.0465	0.2291	0.6532	0.5700	0.0129	0.0335	0.0451	-0.0530	-0.0171	-0.0866	-0.0501	-0.0255	0.0755	0.1796	-0.0474	0.1558	0.0621	0.0000	0.0000	0.0000	0.0000	0.0000	0.0038	0.0514	0.0000	-0.0661	-0.0368	-0.0525	-0.0642	-0.0388	0.0421	0.2075	-0.0348	-0.1333	0.0654	0.0000	0.0000	0.0000	0.0000	0.0000	0.0060	0.0512	0.0000	0.1951	1.3336	0.4841	0.3462	0.8851	0.5673	0.3063	0.8961	0.3665	0.3057	1.2888	0.5396	0.3103	1.2901	0.4357	0.2311	0.8289	0.4181	0.2556	0.8222	0.5415	0.1866	0.4573	0.6604	0.1858	0.4625	0.2793	0.1982	0.0614	0.6977	0.1413	0.0797	0.2286	0.1972	0.4508	0.6042	0.1943	0.4499	0.3313	0.2158	0.0689	0.6608	0.1641	0.0778	0.2597	0.1628	0.0360	0.6392	0.1127	0.0485	0.2655	0.3382	0.0379	0.7001	0.2877	0.0363	0.2544	0.1780	0.9567	0.4904	0.2335	0.0764	0.6240	0.1869	0.0758	0.2908	0.2079	0.4443	0.5479	0.2029	0.4374	0.3833
619	6.19	0.3460	0.8852	0.5659	0.3066	0.8960	0.3679	0.2614	0.4511	0.6221	0.2510	0.4790	0.3115	0.2436	0.3882	0.6277	0.2271	0.3929	0.2965	0.2165	0.2051	0.7055	0.2440	0.1529	0.6859	0.2722	0.1561	0.7290	0.1820	0.2139	0.2249	0.2005	0.1524	0.2372	0.2271	0.1581	0.1934	0.3263	0.8906	0.4669	0.3263	0.8906	0.4669	0.2403	0.0368	0.6661	0.1901	0.0431	0.2606	0.2048	0.2961	0.6271	0.1821	0.2992	0.3023	0.0159	-0.0053	0.0380	0.0095	-0.0003	-0.0374	0.3081	1.2894	0.4876	0.2144	0.6565	0.3786	0.0077	0.0266	-0.0466	0.2291	0.6532	0.5700	0.0129	0.0335	0.0451	-0.0530	-0.0171	-0.0866	-0.0501	-0.0254	0.0754	0.1796	-0.0475	0.1558	0.0621	0.0000	0.0000	0.0000	0.0000	0.0000	0.0038	0.0514	0.0000	-0.0660	-0.0368	-0.0525	-0.0642	-0.0387	0.0421	0.2075	-0.0348	-0.1333	0.0654	0.0000	0.0000	0.0000	0.0000	0.0000	0.0060	0.0512	0.0000	0.1952	1.3337	0.4841	0.3462	0.8851	0.5673	0.3063	0.8961	0.3665	0.3059	1.2888	0.5396	0.3104	1.2900	0.4357	0.2311	0.8289	0.4181	0.2556	0.8222	0.5415	0.1866	0.4573	0.6604	0.1858	0.4625	0.2793	0.1982	0.0614	0.6977	0.1414	0.0798	0.2286	0.1973	0.4508	0.6041	0.1944	0.4500	0.3313	0.2158	0.0689	0.6609	0.1642	0.0778	0.2597	0.1628	0.0360	0.6392	0.1127	0.0485	0.2655	0.3382	0.0379	0.7001	0.2877	0.0363	0.2544	0.1781	0.9567	0.4904	0.2334	0.0764	0.6240	0.1870	0.0758	0.2908	0.2080	0.4443	0.5479	0.2029	0.4374	0.3833
620	6.20	0.3460	0.8852	0.5659	0.3066	0.8960	0.3678	0.2614	0.4510	0.6220	0.2510	0.4790	0.3115	0.2436	0.3882	0.6277	0.2272	0.3928	0.2965	0.2165	0.2051	0.7055	0.2440	0.1529	0.6859	0.2722	0.1561	0.7290	0.1820	0.2139	0.2249	0.2005	0.1524	0.2372	0.2271	0.1580	0.1934	0.3263	0.8906	0.4669	0.3263	0.8906	0.4669	0.2403	0.0369	0.6662	0.1900	0.0432	0.2606	0.2048	0.2961	0.6271	0.1821	0.2992	0.3023	0.0159	-0.0053	0.0380	0.0094	-0.0003	-0.0374	0.3082	1.2893	0.4876	0.2143	0.6565	0.3786	0.0076	0.0265	-0.0466	0.2291	0.6532	0.5700	0.0129	0.0335	0.0450	-0.0530	-0.0171	-0.0866	-0.0500	-0.0254	0.0755	0.1795	-0.0474	0.1558	0.0621	0.0000	0.0000	0.0000	0.0000	0.0000	0.0038	0.0514	0.0000	-0.0660	-0.0368	-0.0525	-0.0641	-0.0387	0.0421	0.2075	-0.0348	-0.1334	0.0654	0.0000	0.0000	0.0000	0.0000	0.0000	0.0060	0.0512	0.0000	0.1953	1.3337	0.4840	0.3463	0.8851	0.5672	0.3063	0.8960	0.3665	0.3060	1.2887	0.5395	0.3105	1.2899	0.4356	0.2311	0.8290	0.4181	0.2556	0.8223	0.5415	0.1866	0.4573	0.6604	0.1859	0.4625	0.2793	0.1982	0.0614	0.6977	0.1414	0.0798	0.2285	0.1973	0.4508	0.6041	0.1943	0.4500	0.3313	0.2158	0.0689	0.6609	0.1642	0.0778	0.2596	0.1628	0.0361	0.6393	0.1127	0.0486	0.2655	0.3382	0.0379	0.7001	0.2877	0.0363	0.2544	0.1786	0.9567	0.4904	0.2334	0.0764	0.6240	0.1869	0.0758	0.2908	0.2081	0.4443	0.5478	0.2027	0.4375	0.3833
621	6.21	0.3461	0.8851	0.5658	0.3066	0.8960	0.3678	0.2614	0.4510	0.6220	0.2510	0.4790	0.3115	0.2436	0.3881	0.6276	0.2272	0.3928	0.2965	0.2165	0.2051	0.7055	0.2439	0.1528	0.6859	0.2722	0.1561	0.7289	0.1820	0.2139	0.2249	0.2005	0.1524	0.2372	0.2271	0.1580	0.1934	0.3263	0.8906	0.4668	0.3263	0.8906	0.4668	0.2402	0.0370	0.6663	0.1900	0.0431	0.2606	0.2048	0.2961	0.6271	0.1821	0.2992	0.3023	0.0159	-0.0052	0.0380	0.0094	-0.0003	-0.0374	0.3083	1.2893	0.4875	0.2143	0.6565	0.3786	0.0076	0.0265	-0.0466	0.2291	0.6532	0.5700	0.0130	0.0336	0.0450	-0.0529	-0.0171	-0.0866	-0.0500	-0.0254	0.0755	0.1795	-0.0474	0.1558	0.0622	0.0000	0.0000	0.0000	0.0000	0.0000	0.0038	0.0514	0.0000	-0.0660	-0.0368	-0.0525	-0.0642	-0.0387	0.0422	0.2075	-0.0348	-0.1334	0.0654	0.0000	0.0000	0.0000	0.0000	0.0000	0.0060	0.0512	0.0000	0.1955	1.3337	0.4839	0.3463	0.8851	0.5672	0.3064	0.8960	0.3664	0.3061	1.2887	0.5395	0.3106	1.2898	0.4356	0.2311	0.8290	0.4181	0.2557	0.8223	0.5415	0.1866	0.4573	0.6603	0.1859	0.4624	0.2793	0.1982	0.0614	0.6977	0.1414	0.0797	0.2285	0.1974	0.4508	0.6041	0.1943	0.4499	0.3313	0.2158	0.0689	0.6609	0.1641	0.0777	0.2596	0.1626	0.0363	0.6396	0.1127	0.0485	0.2655	0.3382	0.0379	0.7001	0.2877	0.0363	0.2544	0.1787	0.9566	0.4904	0.2335	0.0764	0.6240	0.1869	0.0758	0.2908	0.2081	0.4443	0.5478	0.2026	0.4374	0.3833
622	6.22	0.3461	0.8852	0.5658	0.3066	0.8960	0.3678	0.2614	0.4509	0.6220	0.2510	0.4790	0.3114	0.2436	0.3881	0.6277	0.2272	0.3928	0.2965	0.2165	0.2051	0.7055	0.2439	0.1528	0.6859	0.2722	0.1561	0.7290	0.1820	0.2139	0.2249	0.2005	0.1524	0.2372	0.2271	0.1580	0.1934	0.3264	0.8906	0.4668	0.3264	0.8906	0.4668	0.2402	0.0369	0.6663	0.1901	0.0431	0.2606	0.2048	0.2961	0.6271	0.1821	0.2992	0.3023	0.0159	-0.0053	0.0380	0.0095	-0.0003	-0.0374	0.3084	1.2892	0.4875	0.2144	0.6565	0.3786	0.0076	0.0265	-0.0466	0.2292	0.6532	0.5699	0.0130	0.0335	0.0451	-0.0530	-0.0171	-0.0866	-0.0501	-0.0255	0.0755	0.1795	-0.0473	0.1558	0.0621	0.0000	0.0000	0.0000	0.0000	0.0000	0.0038	0.0514	0.0000	-0.0660	-0.0368	-0.0524	-0.0643	-0.0388	0.0422	0.2075	-0.0348	-0.1333	0.0654	0.0000	0.0000	0.0000	0.0000	0.0000	0.0060	0.0512	0.0000	0.1956	1.3336	0.4840	0.3464	0.8851	0.5672	0.3064	0.8960	0.3664	0.3062	1.2886	0.5395	0.3107	1.2898	0.4355	0.2311	0.8290	0.4181	0.2557	0.8223	0.5414	0.1867	0.4573	0.6604	0.1859	0.4625	0.2793	0.1982	0.0613	0.6977	0.1413	0.0796	0.2286	0.1974	0.4508	0.6041	0.1943	0.4499	0.3313	0.2158	0.0689	0.6609	0.1641	0.0777	0.2597	0.1627	0.0362	0.6396	0.1127	0.0484	0.2656	0.3382	0.0378	0.7001	0.2877	0.0363	0.2544	0.1789	0.9565	0.4905	0.2334	0.0764	0.6240	0.1869	0.0757	0.2908	0.2081	0.4443	0.5478	0.2027	0.4374	0.3833
623	6.23	0.3462	0.8852	0.5657	0.3067	0.8960	0.3677	0.2615	0.4509	0.6219	0.2510	0.4791	0.3114	0.2437	0.3881	0.6277	0.2272	0.3929	0.2965	0.2165	0.2051	0.7055	0.2440	0.1528	0.6859	0.2722	0.1561	0.7290	0.1820	0.2139	0.2249	0.2005	0.1524	0.2372	0.2271	0.1581	0.1934	0.3264	0.8906	0.4667	0.3264	0.8906	0.4667	0.2403	0.0369	0.6663	0.1901	0.0430	0.2607	0.2049	0.2961	0.6271	0.1821	0.2992	0.3023	0.0159	-0.0053	0.0380	0.0095	-0.0003	-0.0374	0.3086	1.2892	0.4875	0.2144	0.6565	0.3786	0.0076	0.0265	-0.0466	0.2292	0.6532	0.5699	0.0130	0.0336	0.0450	-0.0530	-0.0172	-0.0866	-0.0502	-0.0256	0.0755	0.1796	-0.0473	0.1558	0.0621	0.0000	0.0000	0.0000	0.0000	0.0000	0.0038	0.0514	0.0000	-0.0660	-0.0369	-0.0524	-0.0643	-0.0388	0.0421	0.2075	-0.0348	-0.1333	0.0654	0.0000	0.0000	0.0000	0.0000	0.0000	0.0060	0.0512	0.0000	0.1957	1.3336	0.4839	0.3465	0.8851	0.5671	0.3064	0.8960	0.3664	0.3063	1.2886	0.5395	0.3108	1.2898	0.4355	0.2312	0.8290	0.4181	0.2558	0.8223	0.5414	0.1867	0.4573	0.6603	0.1859	0.4625	0.2793	0.1982	0.0613	0.6977	0.1413	0.0796	0.2287	0.1974	0.4508	0.6041	0.1943	0.4499	0.3313	0.2158	0.0689	0.6609	0.1641	0.0777	0.2597	0.1627	0.0361	0.6395	0.1127	0.0484	0.2656	0.3382	0.0378	0.7001	0.2877	0.0363	0.2544	0.1789	0.9565	0.4905	0.2334	0.0764	0.6240	0.1869	0.0758	0.2908	0.2081	0.4443	0.5478	0.2028	0.4374	0.3833
624	6.24	0.3463	0.8852	0.5657	0.3067	0.8960	0.3677	0.2615	0.4509	0.6219	0.2510	0.4791	0.3114	0.2437	0.3881	0.6276	0.2272	0.3929	0.2964	0.2166	0.2051	0.7055	0.2440	0.1528	0.6859	0.2722	0.1561	0.7289	0.1820	0.2139	0.2249	0.2005	0.1524	0.2372	0.2271	0.1581	0.1934	0.3265	0.8906	0.4667	0.3265	0.8906	0.4667	0.2402	0.0370	0.6663	0.1900	0.0431	0.2606	0.2049	0.2961	0.6270	0.1820	0.2992	0.3023	0.0159	-0.0052	0.0380	0.0095	-0.0003	-0.0374	0.3087	1.2892	0.4874	0.2144	0.6565	0.3786	0.0077	0.0264	-0.0467	0.2293	0.6532	0.5699	0.0129	0.0336	0.0450	-0.0530	-0.0171	-0.0867	-0.0501	-0.0255	0.0755	0.1795	-0.0474	0.1558	0.0622	0.0000	0.0000	0.0000	0.0000	0.0000	0.0038	0.0514	0.0000	-0.0660	-0.0368	-0.0525	-0.0642	-0.0388	0.0422	0.2075	-0.0348	-0.1333	0.0654	0.0000	0.0000	0.0000	0.0000	0.0000	0.0060	0.0512	0.0000	0.1958	1.3336	0.4838	0.3465	0.8851	0.5670	0.3064	0.8960	0.3663	0.3064	1.2886	0.5394	0.3109	1.2898	0.4355	0.2312	0.8290	0.4181	0.2559	0.8223	0.5414	0.1868	0.4573	0.6603	0.1859	0.4624	0.2792	0.1981	0.0614	0.6977	0.1413	0.0797	0.2286	0.1975	0.4508	0.6040	0.1943	0.4500	0.3313	0.2158	0.0689	0.6608	0.1641	0.0777	0.2597	0.1626	0.0363	0.6396	0.1127	0.0485	0.2655	0.3382	0.0379	0.7001	0.2877	0.0363	0.2544	0.1790	0.9565	0.4904	0.2335	0.0764	0.6240	0.1869	0.0758	0.2908	0.2082	0.4443	0.5478	0.2027	0.4375	0.3833
625	6.25	0.3463	0.8851	0.5656	0.3067	0.8959	0.3676	0.2615	0.4509	0.6219	0.2510	0.4790	0.3114	0.2437	0.3881	0.6276	0.2272	0.3928	0.2964	0.2165	0.2051	0.7054	0.2440	0.1528	0.6859	0.2722	0.1560	0.7289	0.1820	0.2139	0.2249	0.2004	0.1524	0.2372	0.2271	0.1580	0.1934	0.3265	0.8905	0.4666	0.3265	0.8905	0.4666	0.2402	0.0369	0.6663	0.1900	0.0431	0.2606	0.2049	0.2961	0.6270	0.1820	0.2992	0.3023	0.0159	-0.0052	0.0380	0.0095	-0.0002	-0.0374	0.3087	1.2891	0.4874	0.2144	0.6565	0.3785	0.0077	0.0264	-0.0467	0.2293	0.6532	0.5699	0.0129	0.0336	0.0450	-0.0529	-0.0171	-0.0867	-0.0501	-0.0255	0.0756	0.1795	-0.0474	0.1559	0.0622	0.0000	0.0000	0.0000	0.0000	0.0000	0.0038	0.0514	0.0000	-0.0660	-0.0368	-0.0525	-0.0642	-0.0388	0.0422	0.2075	-0.0348	-0.1332	0.0654	0.0000	0.0000	0.0000	0.0000	0.0000	0.0060	0.0512	0.0000	0.1959	1.3336	0.4838	0.3466	0.8851	0.5670	0.3064	0.8960	0.3663	0.3065	1.2886	0.5394	0.3110	1.2897	0.4355	0.2312	0.8290	0.4180	0.2559	0.8222	0.5413	0.1868	0.4573	0.6602	0.1859	0.4624	0.2792	0.1981	0.0613	0.6977	0.1412	0.0796	0.2286	0.1975	0.4508	0.6040	0.1942	0.4499	0.3312	0.2158	0.0689	0.6608	0.1640	0.0777	0.2597	0.1626	0.0362	0.6395	0.1126	0.0484	0.2655	0.3381	0.0378	0.7001	0.2877	0.0363	0.2544	0.1790	0.9565	0.4903	0.2335	0.0764	0.6240	0.1868	0.0758	0.2908	0.2082	0.4442	0.5478	0.2026	0.4374	0.3833
626	6.26	0.3464	0.8851	0.5656	0.3069	0.8960	0.3674	0.2616	0.4508	0.6218	0.2510	0.4790	0.3113	0.2438	0.3881	0.6276	0.2272	0.3928	0.2964	0.2166	0.2050	0.7055	0.2440	0.1528	0.6859	0.2722	0.1560	0.7289	0.1820	0.2139	0.2249	0.2004	0.1524	0.2372	0.2271	0.1580	0.1934	0.3266	0.8906	0.4665	0.3266	0.8906	0.4665	0.2402	0.0368	0.6662	0.1900	0.0430	0.2606	0.2049	0.2961	0.6270	0.1820	0.2992	0.3023	0.0160	-0.0053	0.0380	0.0095	-0.0002	-0.0374	0.3088	1.2891	0.4874	0.2145	0.6565	0.3784	0.0076	0.0264	-0.0467	0.2294	0.6532	0.5697	0.0130	0.0336	0.0450	-0.0530	-0.0171	-0.0866	-0.0502	-0.0256	0.0755	0.1795	-0.0474	0.1558	0.0622	0.0000	0.0000	0.0000	0.0000	0.0000	0.0038	0.0514	0.0000	-0.0660	-0.0369	-0.0524	-0.0643	-0.0388	0.0422	0.2075	-0.0348	-0.1333	0.0654	0.0000	0.0000	0.0000	0.0000	0.0000	0.0060	0.0512	0.0000	0.1960	1.3336	0.4839	0.3466	0.8850	0.5669	0.3066	0.8961	0.3661	0.3066	1.2885	0.5394	0.3110	1.2897	0.4354	0.2314	0.8290	0.4178	0.2560	0.8222	0.5411	0.1869	0.4573	0.6603	0.1859	0.4624	0.2792	0.1982	0.0613	0.6977	0.1412	0.0796	0.2287	0.1975	0.4508	0.6040	0.1942	0.4499	0.3313	0.2158	0.0689	0.6608	0.1640	0.0777	0.2597	0.1627	0.0361	0.6394	0.1127	0.0484	0.2656	0.3382	0.0378	0.7001	0.2877	0.0363	0.2544	0.1791	0.9565	0.4904	0.2334	0.0764	0.6239	0.1868	0.0757	0.2908	0.2082	0.4443	0.5477	0.2026	0.4374	0.3833
627	6.27	0.3465	0.8851	0.5655	0.3071	0.8961	0.3672	0.2617	0.4508	0.6218	0.2510	0.4791	0.3113	0.2438	0.3881	0.6276	0.2272	0.3928	0.2964	0.2166	0.2050	0.7055	0.2440	0.1528	0.6859	0.2723	0.1560	0.7289	0.1820	0.2139	0.2249	0.2004	0.1524	0.2372	0.2271	0.1580	0.1934	0.3268	0.8906	0.4663	0.3268	0.8906	0.4663	0.2402	0.0369	0.6664	0.1901	0.0430	0.2607	0.2050	0.2961	0.6270	0.1820	0.2992	0.3023	0.0159	-0.0053	0.0380	0.0095	-0.0003	-0.0374	0.3089	1.2891	0.4874	0.2146	0.6565	0.3783	0.0076	0.0264	-0.0467	0.2295	0.6532	0.5696	0.0130	0.0335	0.0450	-0.0530	-0.0171	-0.0866	-0.0502	-0.0256	0.0755	0.1795	-0.0474	0.1558	0.0622	0.0000	0.0000	0.0000	0.0000	0.0000	0.0038	0.0514	0.0000	-0.0660	-0.0369	-0.0524	-0.0643	-0.0388	0.0421	0.2075	-0.0348	-0.1333	0.0654	0.0000	0.0000	0.0000	0.0000	0.0000	0.0060	0.0512	0.0000	0.1962	1.3336	0.4839	0.3467	0.8850	0.5667	0.3069	0.8962	0.3660	0.3067	1.2885	0.5394	0.3111	1.2897	0.4354	0.2316	0.8290	0.4175	0.2561	0.8222	0.5409	0.1870	0.4573	0.6603	0.1858	0.4625	0.2792	0.1982	0.0613	0.6977	0.1413	0.0796	0.2287	0.1976	0.4508	0.6040	0.1943	0.4500	0.3313	0.2158	0.0689	0.6608	0.1641	0.0777	0.2597	0.1626	0.0362	0.6397	0.1127	0.0484	0.2656	0.3382	0.0378	0.7001	0.2877	0.0363	0.2544	0.1793	0.9565	0.4904	0.2335	0.0764	0.6240	0.1869	0.0757	0.2908	0.2083	0.4443	0.5477	0.2027	0.4375	0.3833
628	6.28	0.3466	0.8851	0.5654	0.3069	0.8960	0.3674	0.2617	0.4509	0.6218	0.2510	0.4790	0.3113	0.2439	0.3881	0.6275	0.2272	0.3928	0.2964	0.2167	0.2051	0.7054	0.2441	0.1528	0.6859	0.2723	0.1560	0.7289	0.1820	0.2139	0.2249	0.2004	0.1524	0.2372	0.2271	0.1580	0.1934	0.3267	0.8905	0.4664	0.3267	0.8905	0.4664	0.2402	0.0370	0.6664	0.1900	0.0431	0.2606	0.2050	0.2961	0.6270	0.1821	0.2992	0.3022	0.0159	-0.0052	0.0380	0.0094	-0.0003	-0.0374	0.3090	1.2890	0.4873	0.2145	0.6565	0.3784	0.0077	0.0264	-0.0467	0.2295	0.6532	0.5697	0.0130	0.0336	0.0450	-0.0529	-0.0171	-0.0866	-0.0501	-0.0254	0.0754	0.1795	-0.0474	0.1558	0.0622	0.0000	0.0000	0.0000	0.0000	0.0000	0.0038	0.0514	0.0000	-0.0660	-0.0368	-0.0525	-0.0642	-0.0387	0.0421	0.2075	-0.0348	-0.1333	0.0654	0.0000	0.0000	0.0000	0.0000	0.0000	0.0060	0.0512	0.0000	0.1962	1.3336	0.4838	0.3468	0.8850	0.5668	0.3066	0.8961	0.3661	0.3068	1.2885	0.5393	0.3111	1.2896	0.4353	0.2314	0.8290	0.4178	0.2561	0.8222	0.5411	0.1870	0.4573	0.6602	0.1859	0.4624	0.2792	0.1982	0.0614	0.6977	0.1414	0.0797	0.2286	0.1977	0.4508	0.6040	0.1943	0.4500	0.3312	0.2158	0.0689	0.6608	0.1641	0.0777	0.2597	0.1626	0.0363	0.6397	0.1127	0.0485	0.2656	0.3382	0.0378	0.7001	0.2877	0.0363	0.2544	0.1793	0.9566	0.4903	0.2335	0.0764	0.6240	0.1869	0.0758	0.2908	0.2083	0.4442	0.5477	0.2027	0.4375	0.3833
629	6.29	0.3466	0.8850	0.5654	0.3068	0.8960	0.3674	0.2618	0.4508	0.6217	0.2510	0.4790	0.3113	0.2439	0.3881	0.6275	0.2272	0.3928	0.2964	0.2167	0.2051	0.7054	0.2441	0.1528	0.6858	0.2724	0.1561	0.7288	0.1820	0.2139	0.2249	0.2004	0.1524	0.2372	0.2271	0.1580	0.1934	0.3267	0.8905	0.4664	0.3267	0.8905	0.4664	0.2402	0.0370	0.6663	0.1901	0.0431	0.2606	0.2051	0.2961	0.6270	0.1821	0.2992	0.3022	0.0159	-0.0053	0.0381	0.0094	-0.0003	-0.0374	0.3090	1.2890	0.4873	0.2145	0.6566	0.3784	0.0077	0.0264	-0.0466	0.2295	0.6532	0.5697	0.0129	0.0336	0.0450	-0.0529	-0.0170	-0.0866	-0.0500	-0.0253	0.0754	0.1795	-0.0474	0.1559	0.0622	0.0000	0.0000	0.0000	0.0000	0.0000	0.0038	0.0514	0.0000	-0.0660	-0.0368	-0.0525	-0.0642	-0.0387	0.0421	0.2075	-0.0348	-0.1333	0.0653	0.0000	0.0000	0.0000	0.0000	0.0000	0.0060	0.0512	0.0000	0.1963	1.3337	0.4838	0.3469	0.8850	0.5667	0.3066	0.8960	0.3660	0.3069	1.2885	0.5392	0.3112	1.2895	0.4353	0.2313	0.8290	0.4178	0.2561	0.8222	0.5411	0.1871	0.4573	0.6602	0.1859	0.4624	0.2792	0.1983	0.0615	0.6978	0.1414	0.0798	0.2285	0.1977	0.4508	0.6039	0.1943	0.4500	0.3312	0.2159	0.0689	0.6609	0.1642	0.0778	0.2596	0.1626	0.0364	0.6396	0.1127	0.0486	0.2655	0.3382	0.0379	0.7000	0.2877	0.0363	0.2543	0.1793	0.9566	0.4902	0.2335	0.0764	0.6240	0.1869	0.0758	0.2908	0.2084	0.4442	0.5477	0.2027	0.4375	0.3832
630	6.30	0.3467	0.8850	0.5653	0.3070	0.8961	0.3672	0.2619	0.4509	0.6216	0.2510	0.4790	0.3112	0.2440	0.3882	0.6274	0.2272	0.3928	0.2963	0.2168	0.2052	0.7054	0.2441	0.1529	0.6858	0.2724	0.1561	0.7288	0.1820	0.2139	0.2249	0.2004	0.1524	0.2372	0.2270	0.1580	0.1934	0.3269	0.8906	0.4662	0.3269	0.8906	0.4662	0.2403	0.0371	0.6663	0.1901	0.0432	0.2606	0.2051	0.2962	0.6270	0.1821	0.2993	0.3022	0.0159	-0.0053	0.0381	0.0095	-0.0003	-0.0374	0.3091	1.2890	0.4872	0.2146	0.6566	0.3783	0.0077	0.0265	-0.0466	0.2296	0.6532	0.5696	0.0129	0.0336	0.0450	-0.0528	-0.0169	-0.0867	-0.0500	-0.0254	0.0754	0.1795	-0.0475	0.1559	0.0622	0.0000	0.0000	0.0000	0.0000	0.0000	0.0038	0.0514	0.0000	-0.0660	-0.0367	-0.0526	-0.0642	-0.0387	0.0420	0.2075	-0.0348	-0.1333	0.0654	0.0000	0.0000	0.0000	0.0000	0.0000	0.0060	0.0512	0.0000	0.1964	1.3337	0.4838	0.3470	0.8850	0.5666	0.3067	0.8961	0.3659	0.3070	1.2885	0.5392	0.3112	1.2895	0.4353	0.2315	0.8291	0.4176	0.2562	0.8222	0.5409	0.1872	0.4574	0.6602	0.1859	0.4624	0.2791	0.1983	0.0615	0.6979	0.1414	0.0798	0.2285	0.1978	0.4508	0.6039	0.1943	0.4500	0.3312	0.2159	0.0690	0.6609	0.1642	0.0778	0.2596	0.1626	0.0364	0.6396	0.1127	0.0486	0.2655	0.3383	0.0379	0.7000	0.2877	0.0364	0.2543	0.1794	0.9567	0.4902	0.2335	0.0764	0.6240	0.1870	0.0759	0.2908	0.2084	0.4442	0.5476	0.2028	0.4375	0.3832
631	6.31	0.3468	0.8851	0.5652	0.3074	0.8962	0.3669	0.2620	0.4509	0.6216	0.2510	0.4790	0.3112	0.2440	0.3882	0.6274	0.2272	0.3929	0.2963	0.2168	0.2052	0.7054	0.2441	0.1529	0.6858	0.2724	0.1561	0.7288	0.1820	0.2139	0.2249	0.2004	0.1524	0.2372	0.2270	0.1580	0.1933	0.3271	0.8906	0.4660	0.3271	0.8906	0.4660	0.2402	0.0371	0.6663	0.1901	0.0432	0.2606	0.2051	0.2962	0.6270	0.1821	0.2993	0.3022	0.0159	-0.0053	0.0380	0.0095	-0.0002	-0.0374	0.3092	1.2890	0.4872	0.2148	0.6567	0.3781	0.0076	0.0265	-0.0466	0.2297	0.6532	0.5694	0.0130	0.0335	0.0450	-0.0529	-0.0170	-0.0867	-0.0501	-0.0254	0.0754	0.1795	-0.0475	0.1559	0.0622	0.0000	0.0000	0.0000	0.0000	0.0000	0.0038	0.0514	0.0000	-0.0660	-0.0367	-0.0526	-0.0642	-0.0387	0.0420	0.2075	-0.0347	-0.1333	0.0654	0.0000	0.0000	0.0000	0.0000	0.0000	0.0060	0.0512	0.0000	0.1965	1.3337	0.4838	0.3471	0.8850	0.5664	0.3071	0.8963	0.3657	0.3071	1.2885	0.5392	0.3113	1.2895	0.4352	0.2319	0.8292	0.4172	0.2564	0.8222	0.5406	0.1872	0.4574	0.6601	0.1858	0.4625	0.2791	0.1983	0.0615	0.6978	0.1413	0.0798	0.2286	0.1978	0.4508	0.6039	0.1943	0.4500	0.3311	0.2159	0.0690	0.6609	0.1642	0.0778	0.2597	0.1626	0.0364	0.6397	0.1127	0.0486	0.2655	0.3382	0.0379	0.7000	0.2877	0.0364	0.2543	0.1795	0.9567	0.4902	0.2334	0.0764	0.6240	0.1870	0.0759	0.2907	0.2084	0.4442	0.5476	0.2028	0.4376	0.3832
632	6.32	0.3469	0.8850	0.5652	0.3075	0.8963	0.3667	0.2620	0.4508	0.6216	0.2510	0.4790	0.3112	0.2440	0.3882	0.6274	0.2272	0.3929	0.2963	0.2168	0.2052	0.7054	0.2441	0.1529	0.6858	0.2724	0.1561	0.7288	0.1820	0.2139	0.2249	0.2004	0.1524	0.2372	0.2270	0.1580	0.1933	0.3272	0.8907	0.4660	0.3272	0.8907	0.4660	0.2402	0.0371	0.6664	0.1900	0.0432	0.2606	0.2051	0.2962	0.6270	0.1821	0.2993	0.3022	0.0159	-0.0053	0.0381	0.0095	-0.0003	-0.0374	0.3092	1.2890	0.4872	0.2148	0.6567	0.3780	0.0076	0.0265	-0.0466	0.2298	0.6532	0.5693	0.0130	0.0336	0.0450	-0.0529	-0.0169	-0.0867	-0.0501	-0.0254	0.0754	0.1795	-0.0475	0.1559	0.0622	0.0000	0.0000	0.0000	0.0000	0.0000	0.0038	0.0514	0.0000	-0.0660	-0.0367	-0.0525	-0.0642	-0.0387	0.0421	0.2075	-0.0347	-0.1333	0.0654	0.0000	0.0000	0.0000	0.0000	0.0000	0.0060	0.0512	0.0000	0.1965	1.3336	0.4838	0.3471	0.8850	0.5663	0.3072	0.8963	0.3656	0.3071	1.2885	0.5392	0.3113	1.2895	0.4352	0.2320	0.8292	0.4171	0.2565	0.8222	0.5404	0.1872	0.4574	0.6601	0.1858	0.4625	0.2791	0.1983	0.0615	0.6979	0.1413	0.0798	0.2286	0.1978	0.4508	0.6039	0.1943	0.4500	0.3311	0.2159	0.0690	0.6609	0.1641	0.0778	0.2597	0.1626	0.0364	0.6397	0.1127	0.0486	0.2655	0.3382	0.0379	0.7000	0.2877	0.0364	0.2543	0.1795	0.9566	0.4902	0.2334	0.0764	0.6240	0.1869	0.0759	0.2908	0.2084	0.4442	0.5476	0.2028	0.4376	0.3832
633	6.33	0.3470	0.8850	0.5651	0.3075	0.8963	0.3667	0.2620	0.4508	0.6216	0.2510	0.4790	0.3111	0.2440	0.3881	0.6274	0.2272	0.3929	0.2963	0.2168	0.2051	0.7054	0.2441	0.1528	0.6858	0.2724	0.1560	0.7288	0.1820	0.2139	0.2249	0.2004	0.1524	0.2372	0.2270	0.1580	0.1933	0.3272	0.8906	0.4659	0.3272	0.8906	0.4659	0.2402	0.0370	0.6664	0.1901	0.0431	0.2606	0.2051	0.2961	0.6269	0.1820	0.2992	0.3022	0.0159	-0.0053	0.0380	0.0095	-0.0002	-0.0374	0.3093	1.2889	0.4872	0.2149	0.6566	0.3779	0.0076	0.0265	-0.0467	0.2299	0.6532	0.5692	0.0130	0.0336	0.0450	-0.0529	-0.0171	-0.0867	-0.0502	-0.0256	0.0755	0.1795	-0.0474	0.1559	0.0622	0.0000	0.0000	0.0000	0.0000	0.0000	0.0038	0.0514	0.0000	-0.0660	-0.0368	-0.0525	-0.0643	-0.0388	0.0421	0.2075	-0.0347	-0.1333	0.0654	0.0000	0.0000	0.0000	0.0000	0.0000	0.0060	0.0512	0.0000	0.1966	1.3336	0.4838	0.3472	0.8849	0.5663	0.3073	0.8963	0.3655	0.3072	1.2884	0.5392	0.3114	1.2894	0.4352	0.2320	0.8291	0.4170	0.2566	0.8221	0.5404	0.1872	0.4573	0.6601	0.1858	0.4625	0.2791	0.1982	0.0614	0.6978	0.1412	0.0796	0.2287	0.1978	0.4508	0.6038	0.1943	0.4500	0.3311	0.2158	0.0689	0.6609	0.1641	0.0777	0.2597	0.1626	0.0363	0.6397	0.1127	0.0484	0.2656	0.3382	0.0379	0.7001	0.2877	0.0363	0.2543	0.1796	0.9565	0.4902	0.2334	0.0764	0.6240	0.1869	0.0758	0.2908	0.2085	0.4442	0.5476	0.2027	0.4375	0.3832
634	6.34	0.3471	0.8850	0.5650	0.3075	0.8963	0.3666	0.2620	0.4507	0.6215	0.2510	0.4791	0.3111	0.2440	0.3880	0.6274	0.2272	0.3928	0.2963	0.2167	0.2051	0.7054	0.2441	0.1528	0.6858	0.2724	0.1560	0.7288	0.1820	0.2139	0.2248	0.2004	0.1524	0.2371	0.2270	0.1580	0.1933	0.3273	0.8906	0.4658	0.3273	0.8906	0.4658	0.2402	0.0369	0.6664	0.1900	0.0430	0.2606	0.2051	0.2961	0.6269	0.1820	0.2992	0.3022	0.0159	-0.0053	0.0381	0.0095	-0.0002	-0.0374	0.3093	1.2889	0.4871	0.2149	0.6566	0.3779	0.0076	0.0264	-0.0467	0.2299	0.6531	0.5692	0.0131	0.0336	0.0450	-0.0529	-0.0170	-0.0867	-0.0502	-0.0256	0.0755	0.1795	-0.0474	0.1559	0.0622	0.0000	0.0000	0.0000	0.0000	0.0000	0.0038	0.0514	0.0000	-0.0660	-0.0368	-0.0525	-0.0643	-0.0389	0.0422	0.2075	-0.0347	-0.1333	0.0654	0.0000	0.0000	0.0000	0.0000	0.0000	0.0060	0.0512	0.0000	0.1967	1.3335	0.4838	0.3473	0.8849	0.5662	0.3073	0.8963	0.3655	0.3072	1.2883	0.5392	0.3114	1.2894	0.4351	0.2321	0.8291	0.4170	0.2567	0.8221	0.5403	0.1872	0.4573	0.6601	0.1858	0.4624	0.2791	0.1982	0.0614	0.6978	0.1412	0.0796	0.2287	0.1978	0.4507	0.6038	0.1943	0.4499	0.3311	0.2158	0.0689	0.6609	0.1640	0.0776	0.2597	0.1626	0.0363	0.6397	0.1127	0.0484	0.2656	0.3382	0.0378	0.7001	0.2877	0.0363	0.2544	0.1797	0.9565	0.4902	0.2334	0.0764	0.6240	0.1868	0.0757	0.2908	0.2085	0.4442	0.5475	0.2027	0.4374	0.3831
635	6.35	0.3471	0.8850	0.5650	0.3076	0.8963	0.3665	0.2620	0.4507	0.6215	0.2510	0.4791	0.3111	0.2440	0.3880	0.6274	0.2272	0.3929	0.2962	0.2167	0.2051	0.7054	0.2441	0.1528	0.6858	0.2724	0.1560	0.7288	0.1820	0.2139	0.2248	0.2004	0.1524	0.2371	0.2270	0.1580	0.1933	0.3273	0.8906	0.4658	0.3273	0.8906	0.4658	0.2402	0.0369	0.6664	0.1900	0.0430	0.2607	0.2052	0.2961	0.6269	0.1820	0.2991	0.3022	0.0159	-0.0053	0.0382	0.0095	-0.0002	-0.0374	0.3094	1.2889	0.4871	0.2149	0.6566	0.3779	0.0075	0.0264	-0.0467	0.2300	0.6531	0.5692	0.0131	0.0336	0.0450	-0.0528	-0.0168	-0.0867	-0.0503	-0.0256	0.0756	0.1795	-0.0474	0.1558	0.0622	0.0000	0.0000	0.0000	0.0000	0.0000	0.0038	0.0514	0.0000	-0.0659	-0.0367	-0.0524	-0.0644	-0.0389	0.0422	0.2075	-0.0347	-0.1333	0.0654	0.0000	0.0000	0.0000	0.0000	0.0000	0.0060	0.0512	0.0000	0.1968	1.3335	0.4839	0.3474	0.8849	0.5661	0.3073	0.8964	0.3654	0.3073	1.2883	0.5391	0.3114	1.2894	0.4351	0.2322	0.8291	0.4169	0.2568	0.8221	0.5402	0.1872	0.4573	0.6601	0.1858	0.4624	0.2791	0.1983	0.0615	0.6980	0.1411	0.0795	0.2287	0.1979	0.4507	0.6038	0.1943	0.4499	0.3311	0.2159	0.0689	0.6610	0.1640	0.0776	0.2598	0.1625	0.0362	0.6397	0.1127	0.0483	0.2657	0.3381	0.0378	0.7001	0.2876	0.0363	0.2544	0.1797	0.9564	0.4902	0.2335	0.0764	0.6239	0.1868	0.0757	0.2908	0.2085	0.4442	0.5475	0.2027	0.4374	0.3831
636	6.36	0.3472	0.8850	0.5649	0.3076	0.8963	0.3665	0.2621	0.4507	0.6215	0.2511	0.4791	0.3111	0.2441	0.3880	0.6274	0.2272	0.3929	0.2962	0.2168	0.2051	0.7054	0.2441	0.1528	0.6858	0.2724	0.1560	0.7288	0.1820	0.2139	0.2248	0.2004	0.1524	0.2371	0.2270	0.1580	0.1933	0.3274	0.8906	0.4657	0.3274	0.8906	0.4657	0.2402	0.0369	0.6664	0.1901	0.0430	0.2607	0.2052	0.2961	0.6269	0.1821	0.2992	0.3022	0.0159	-0.0053	0.0382	0.0095	-0.0003	-0.0374	0.3095	1.2888	0.4871	0.2150	0.6566	0.3778	0.0076	0.0264	-0.0467	0.2301	0.6531	0.5691	0.0131	0.0336	0.0450	-0.0528	-0.0169	-0.0867	-0.0502	-0.0256	0.0755	0.1795	-0.0474	0.1558	0.0622	0.0000	0.0000	0.0000	0.0000	0.0000	0.0038	0.0514	0.0000	-0.0660	-0.0367	-0.0524	-0.0643	-0.0388	0.0421	0.2075	-0.0348	-0.1333	0.0654	0.0000	0.0000	0.0000	0.0000	0.0000	0.0060	0.0512	0.0000	0.1969	1.3335	0.4839	0.3475	0.8849	0.5661	0.3074	0.8964	0.3654	0.3074	1.2883	0.5391	0.3115	1.2894	0.4351	0.2322	0.8291	0.4169	0.2569	0.8221	0.5402	0.1873	0.4573	0.6600	0.1859	0.4624	0.2791	0.1983	0.0615	0.6980	0.1412	0.0796	0.2287	0.1980	0.4507	0.6038	0.1943	0.4499	0.3311	0.2159	0.0689	0.6609	0.1641	0.0777	0.2598	0.1626	0.0363	0.6397	0.1127	0.0483	0.2657	0.3382	0.0378	0.7001	0.2877	0.0363	0.2544	0.1798	0.9564	0.4902	0.2336	0.0764	0.6239	0.1869	0.0757	0.2908	0.2086	0.4442	0.5475	0.2028	0.4374	0.3831
637	6.37	0.3473	0.8849	0.5649	0.3077	0.8963	0.3665	0.2621	0.4507	0.6215	0.2511	0.4790	0.3110	0.2441	0.3880	0.6273	0.2272	0.3928	0.2962	0.2168	0.2051	0.7053	0.2442	0.1528	0.6858	0.2725	0.1560	0.7288	0.1820	0.2139	0.2248	0.2004	0.1524	0.2371	0.2270	0.1580	0.1933	0.3275	0.8906	0.4657	0.3275	0.8906	0.4657	0.2402	0.0370	0.6664	0.1901	0.0431	0.2606	0.2053	0.2961	0.6269	0.1821	0.2992	0.3022	0.0159	-0.0053	0.0381	0.0095	-0.0003	-0.0374	0.3095	1.2888	0.4871	0.2150	0.6566	0.3778	0.0076	0.0265	-0.0467	0.2301	0.6531	0.5691	0.0130	0.0336	0.0450	-0.0529	-0.0171	-0.0867	-0.0501	-0.0255	0.0755	0.1795	-0.0474	0.1559	0.0622	0.0000	0.0000	0.0000	0.0000	0.0000	0.0038	0.0514	0.0000	-0.0660	-0.0368	-0.0525	-0.0642	-0.0388	0.0421	0.2075	-0.0348	-0.1333	0.0654	0.0000	0.0000	0.0000	0.0000	0.0000	0.0060	0.0512	0.0000	0.1969	1.3335	0.4838	0.3475	0.8848	0.5661	0.3074	0.8963	0.3653	0.3075	1.2883	0.5391	0.3116	1.2893	0.4351	0.2322	0.8291	0.4169	0.2569	0.8220	0.5402	0.1874	0.4573	0.6600	0.1859	0.4624	0.2790	0.1983	0.0614	0.6978	0.1413	0.0797	0.2286	0.1980	0.4507	0.6037	0.1944	0.4500	0.3311	0.2159	0.0689	0.6608	0.1641	0.0777	0.2597	0.1626	0.0363	0.6397	0.1127	0.0484	0.2656	0.3382	0.0378	0.7001	0.2877	0.0363	0.2543	0.1799	0.9565	0.4901	0.2335	0.0763	0.6239	0.1869	0.0758	0.2908	0.2086	0.4442	0.5475	0.2028	0.4375	0.3831
638	6.38	0.3473	0.8849	0.5648	0.3077	0.8963	0.3665	0.2622	0.4507	0.6214	0.2511	0.4790	0.3110	0.2442	0.3881	0.6273	0.2272	0.3928	0.2962	0.2168	0.2051	0.7053	0.2442	0.1528	0.6857	0.2725	0.1560	0.7288	0.1820	0.2139	0.2248	0.2004	0.1524	0.2371	0.2270	0.1580	0.1933	0.3275	0.8906	0.4657	0.3275	0.8906	0.4657	0.2402	0.0370	0.6663	0.1900	0.0431	0.2606	0.2053	0.2961	0.6268	0.1821	0.2993	0.3021	0.0159	-0.0053	0.0380	0.0095	-0.0002	-0.0374	0.3096	1.2888	0.4870	0.2150	0.6567	0.3778	0.0076	0.0265	-0.0466	0.2301	0.6531	0.5691	0.0130	0.0336	0.0450	-0.0529	-0.0171	-0.0867	-0.0501	-0.0255	0.0755	0.1795	-0.0474	0.1559	0.0622	0.0000	0.0000	0.0000	0.0000	0.0000	0.0038	0.0514	0.0000	-0.0660	-0.0368	-0.0525	-0.0642	-0.0388	0.0421	0.2075	-0.0348	-0.1333	0.0654	0.0000	0.0000	0.0000	0.0000	0.0000	0.0060	0.0512	0.0000	0.1970	1.3336	0.4838	0.3476	0.8848	0.5660	0.3074	0.8964	0.3653	0.3076	1.2883	0.5390	0.3116	1.2893	0.4350	0.2322	0.8292	0.4168	0.2569	0.8221	0.5402	0.1874	0.4573	0.6599	0.1859	0.4625	0.2790	0.1982	0.0614	0.6977	0.1412	0.0797	0.2286	0.1980	0.4508	0.6037	0.1944	0.4500	0.3310	0.2159	0.0689	0.6608	0.1641	0.0778	0.2597	0.1626	0.0364	0.6396	0.1127	0.0485	0.2656	0.3382	0.0379	0.7000	0.2877	0.0363	0.2543	0.1799	0.9566	0.4901	0.2335	0.0764	0.6239	0.1869	0.0758	0.2908	0.2086	0.4442	0.5474	0.2028	0.4376	0.3830
639	6.39	0.3474	0.8849	0.5648	0.3078	0.8963	0.3664	0.2623	0.4508	0.6214	0.2512	0.4791	0.3109	0.2443	0.3881	0.6272	0.2273	0.3929	0.2962	0.2169	0.2052	0.7053	0.2442	0.1529	0.6857	0.2725	0.1561	0.7287	0.1820	0.2139	0.2248	0.2005	0.1524	0.2371	0.2270	0.1580	0.1933	0.3276	0.8906	0.4656	0.3276	0.8906	0.4656	0.2403	0.0371	0.6663	0.1901	0.0432	0.2606	0.2053	0.2961	0.6268	0.1822	0.2993	0.3021	0.0159	-0.0053	0.0380	0.0095	-0.0002	-0.0374	0.3097	1.2888	0.4870	0.2151	0.6567	0.3778	0.0076	0.0265	-0.0466	0.2302	0.6532	0.5690	0.0130	0.0335	0.0450	-0.0529	-0.0171	-0.0867	-0.0500	-0.0255	0.0755	0.1795	-0.0475	0.1559	0.0622	0.0000	0.0000	0.0000	0.0000	0.0000	0.0038	0.0514	0.0000	-0.0660	-0.0368	-0.0525	-0.0642	-0.0387	0.0421	0.2075	-0.0348	-0.1333	0.0654	0.0000	0.0000	0.0000	0.0000	0.0000	0.0060	0.0512	0.0000	0.1971	1.3336	0.4838	0.3477	0.8848	0.5660	0.3075	0.8964	0.3653	0.3077	1.2884	0.5390	0.3117	1.2893	0.4350	0.2323	0.8292	0.4168	0.2570	0.8221	0.5401	0.1875	0.4574	0.6599	0.1859	0.4625	0.2790	0.1983	0.0615	0.6977	0.1413	0.0797	0.2286	0.1981	0.4508	0.6037	0.1944	0.4501	0.3310	0.2159	0.0689	0.6608	0.1641	0.0778	0.2597	0.1626	0.0364	0.6397	0.1127	0.0486	0.2656	0.3383	0.0379	0.7000	0.2877	0.0364	0.2543	0.1800	0.9566	0.4901	0.2335	0.0764	0.6239	0.1870	0.0759	0.2908	0.2087	0.4442	0.5474	0.2030	0.4376	0.3830
640	6.40	0.3475	0.8849	0.5648	0.3078	0.8964	0.3664	0.2623	0.4508	0.6214	0.2512	0.4791	0.3109	0.2443	0.3881	0.6272	0.2273	0.3929	0.2962	0.2169	0.2051	0.7053	0.2443	0.1528	0.6857	0.2725	0.1561	0.7287	0.1820	0.2139	0.2248	0.2005	0.1524	0.2371	0.2271	0.1580	0.1933	0.3277	0.8906	0.4656	0.3277	0.8906	0.4656	0.2403	0.0370	0.6663	0.1901	0.0432	0.2606	0.2054	0.2961	0.6268	0.1822	0.2993	0.3021	0.0159	-0.0053	0.0381	0.0095	-0.0003	-0.0374	0.3098	1.2888	0.4870	0.2151	0.6567	0.3777	0.0076	0.0265	-0.0466	0.2303	0.6531	0.5690	0.0130	0.0335	0.0450	-0.0529	-0.0170	-0.0867	-0.0500	-0.0254	0.0755	0.1795	-0.0475	0.1559	0.0622	0.0000	0.0000	0.0000	0.0000	0.0000	0.0038	0.0514	0.0000	-0.0660	-0.0368	-0.0525	-0.0642	-0.0387	0.0421	0.2074	-0.0348	-0.1334	0.0654	0.0000	0.0000	0.0000	0.0000	0.0000	0.0060	0.0512	0.0000	0.1972	1.3336	0.4838	0.3477	0.8848	0.5659	0.3076	0.8964	0.3652	0.3078	1.2883	0.5391	0.3117	1.2892	0.4350	0.2324	0.8292	0.4168	0.2571	0.8221	0.5401	0.1876	0.4574	0.6599	0.1860	0.4625	0.2790	0.1983	0.0615	0.6978	0.1414	0.0798	0.2286	0.1982	0.4508	0.6036	0.1945	0.4500	0.3310	0.2160	0.0689	0.6608	0.1642	0.0778	0.2597	0.1627	0.0364	0.6397	0.1128	0.0486	0.2656	0.3383	0.0379	0.7000	0.2877	0.0363	0.2543	0.1801	0.9566	0.4901	0.2336	0.0764	0.6238	0.1870	0.0759	0.2908	0.2088	0.4442	0.5474	0.2030	0.4376	0.3830
641	6.41	0.3475	0.8849	0.5647	0.3078	0.8964	0.3664	0.2623	0.4507	0.6213	0.2512	0.4791	0.3110	0.2443	0.3881	0.6272	0.2273	0.3929	0.2961	0.2169	0.2051	0.7053	0.2442	0.1528	0.6857	0.2725	0.1560	0.7287	0.1820	0.2139	0.2248	0.2005	0.1524	0.2371	0.2271	0.1580	0.1933	0.3277	0.8906	0.4655	0.3277	0.8906	0.4655	0.2402	0.0370	0.6663	0.1901	0.0431	0.2606	0.2054	0.2961	0.6268	0.1822	0.2993	0.3021	0.0159	-0.0053	0.0381	0.0095	-0.0003	-0.0374	0.3098	1.2887	0.4870	0.2151	0.6567	0.3777	0.0076	0.0265	-0.0466	0.2303	0.6531	0.5690	0.0130	0.0335	0.0450	-0.0528	-0.0169	-0.0867	-0.0501	-0.0254	0.0755	0.1795	-0.0475	0.1559	0.0622	0.0000	0.0000	0.0000	0.0000	0.0000	0.0038	0.0514	0.0000	-0.0659	-0.0367	-0.0525	-0.0642	-0.0387	0.0422	0.2074	-0.0348	-0.1334	0.0654	0.0000	0.0000	0.0000	0.0000	0.0000	0.0060	0.0512	0.0000	0.1973	1.3336	0.4838	0.3478	0.8848	0.5659	0.3076	0.8964	0.3652	0.3078	1.2883	0.5390	0.3118	1.2892	0.4350	0.2324	0.8292	0.4167	0.2571	0.8221	0.5401	0.1876	0.4573	0.6599	0.1860	0.4625	0.2789	0.1983	0.0615	0.6979	0.1413	0.0797	0.2286	0.1982	0.4508	0.6036	0.1945	0.4500	0.3309	0.2159	0.0689	0.6609	0.1641	0.0778	0.2597	0.1626	0.0364	0.6396	0.1127	0.0486	0.2656	0.3382	0.0379	0.7000	0.2877	0.0363	0.2543	0.1801	0.9566	0.4900	0.2335	0.0764	0.6239	0.1869	0.0758	0.2907	0.2088	0.4442	0.5473	0.2029	0.4376	0.3830
642	6.42	0.3476	0.8849	0.5647	0.3079	0.8964	0.3663	0.2624	0.4507	0.6213	0.2512	0.4791	0.3109	0.2443	0.3881	0.6272	0.2273	0.3929	0.2961	0.2169	0.2051	0.7053	0.2442	0.1528	0.6857	0.2725	0.1560	0.7287	0.1820	0.2139	0.2247	0.2005	0.1524	0.2371	0.2271	0.1580	0.1932	0.3277	0.8906	0.4655	0.3277	0.8906	0.4655	0.2402	0.0370	0.6663	0.1901	0.0431	0.2606	0.2054	0.2961	0.6267	0.1822	0.2993	0.3021	0.0159	-0.0053	0.0381	0.0095	-0.0003	-0.0374	0.3099	1.2887	0.4870	0.2152	0.6567	0.3777	0.0076	0.0265	-0.0466	0.2303	0.6531	0.5689	0.0130	0.0335	0.0450	-0.0529	-0.0171	-0.0867	-0.0501	-0.0254	0.0754	0.1795	-0.0475	0.1559	0.0622	0.0000	0.0000	0.0000	0.0000	0.0000	0.0038	0.0514	0.0000	-0.0660	-0.0368	-0.0525	-0.0642	-0.0387	0.0421	0.2075	-0.0348	-0.1333	0.0654	0.0000	0.0000	0.0000	0.0000	0.0000	0.0060	0.0512	0.0000	0.1974	1.3336	0.4838	0.3479	0.8848	0.5658	0.3076	0.8964	0.3652	0.3079	1.2883	0.5390	0.3118	1.2892	0.4349	0.2324	0.8292	0.4167	0.2572	0.8221	0.5400	0.1876	0.4574	0.6598	0.1860	0.4625	0.2789	0.1983	0.0615	0.6977	0.1414	0.0797	0.2286	0.1982	0.4508	0.6036	0.1945	0.4500	0.3309	0.2159	0.0689	0.6608	0.1641	0.0778	0.2597	0.1626	0.0364	0.6396	0.1127	0.0485	0.2656	0.3382	0.0379	0.7000	0.2877	0.0363	0.2543	0.1802	0.9566	0.4900	0.2335	0.0764	0.6239	0.1869	0.0759	0.2907	0.2088	0.4442	0.5473	0.2030	0.4376	0.3829
643	6.43	0.3477	0.8849	0.5646	0.3079	0.8964	0.3663	0.2624	0.4508	0.6212	0.2513	0.4792	0.3109	0.2443	0.3881	0.6271	0.2274	0.3929	0.2960	0.2169	0.2052	0.7052	0.2443	0.1529	0.6857	0.2725	0.1561	0.7287	0.1821	0.2139	0.2247	0.2005	0.1524	0.2371	0.2271	0.1580	0.1932	0.3278	0.8907	0.4655	0.3278	0.8907	0.4655	0.2403	0.0370	0.6663	0.1901	0.0432	0.2606	0.2054	0.2961	0.6267	0.1822	0.2993	0.3020	0.0159	-0.0052	0.0381	0.0095	-0.0003	-0.0374	0.3100	1.2887	0.4869	0.2152	0.6567	0.3776	0.0076	0.0264	-0.0466	0.2304	0.6531	0.5689	0.0130	0.0335	0.0450	-0.0529	-0.0171	-0.0867	-0.0502	-0.0255	0.0755	0.1795	-0.0475	0.1559	0.0622	0.0000	0.0000	0.0000	0.0000	0.0000	0.0038	0.0514	0.0000	-0.0660	-0.0368	-0.0525	-0.0643	-0.0388	0.0421	0.2075	-0.0348	-0.1333	0.0654	0.0000	0.0000	0.0000	0.0000	0.0000	0.0060	0.0512	0.0000	0.1974	1.3336	0.4838	0.3479	0.8849	0.5658	0.3077	0.8965	0.3651	0.3080	1.2883	0.5390	0.3119	1.2892	0.4349	0.2325	0.8292	0.4167	0.2573	0.8221	0.5400	0.1877	0.4574	0.6598	0.1861	0.4625	0.2789	0.1983	0.0615	0.6976	0.1413	0.0797	0.2286	0.1982	0.4508	0.6035	0.1945	0.4501	0.3309	0.2159	0.0689	0.6607	0.1641	0.0778	0.2597	0.1626	0.0364	0.6396	0.1127	0.0485	0.2656	0.3382	0.0379	0.7000	0.2877	0.0363	0.2543	0.1803	0.9566	0.4900	0.2336	0.0764	0.6238	0.1870	0.0759	0.2907	0.2088	0.4442	0.5473	0.2030	0.4376	0.3829
644	6.44	0.3478	0.8849	0.5646	0.3080	0.8964	0.3663	0.2624	0.4508	0.6212	0.2513	0.4791	0.3109	0.2444	0.3881	0.6271	0.2274	0.3929	0.2960	0.2169	0.2052	0.7052	0.2443	0.1528	0.6857	0.2725	0.1561	0.7287	0.1821	0.2139	0.2247	0.2005	0.1525	0.2371	0.2271	0.1580	0.1932	0.3279	0.8906	0.4654	0.3279	0.8906	0.4654	0.2402	0.0371	0.6663	0.1900	0.0432	0.2606	0.2054	0.2961	0.6267	0.1822	0.2993	0.3020	0.0159	-0.0053	0.0381	0.0095	-0.0003	-0.0374	0.3100	1.2887	0.4869	0.2153	0.6567	0.3776	0.0076	0.0264	-0.0466	0.2304	0.6531	0.5689	0.0130	0.0336	0.0450	-0.0529	-0.0170	-0.0867	-0.0501	-0.0254	0.0755	0.1795	-0.0475	0.1559	0.0622	0.0000	0.0000	0.0000	0.0000	0.0000	0.0038	0.0514	0.0000	-0.0660	-0.0368	-0.0525	-0.0642	-0.0387	0.0421	0.2075	-0.0347	-0.1334	0.0654	0.0000	0.0000	0.0000	0.0000	0.0000	0.0060	0.0512	0.0000	0.1975	1.3337	0.4837	0.3480	0.8848	0.5658	0.3077	0.8965	0.3651	0.3080	1.2883	0.5389	0.3119	1.2892	0.4349	0.2326	0.8292	0.4167	0.2573	0.8221	0.5400	0.1877	0.4574	0.6598	0.1861	0.4625	0.2789	0.1983	0.0615	0.6977	0.1414	0.0798	0.2285	0.1983	0.4508	0.6035	0.1945	0.4501	0.3309	0.2159	0.0689	0.6608	0.1642	0.0778	0.2596	0.1626	0.0364	0.6396	0.1127	0.0486	0.2655	0.3382	0.0379	0.7000	0.2877	0.0363	0.2543	0.1803	0.9566	0.4899	0.2336	0.0763	0.6239	0.1869	0.0759	0.2907	0.2089	0.4442	0.5473	0.2030	0.4376	0.3829
645	6.45	0.3478	0.8848	0.5646	0.3080	0.8964	0.3663	0.2624	0.4507	0.6212	0.2513	0.4791	0.3109	0.2443	0.3880	0.6271	0.2274	0.3929	0.2960	0.2169	0.2051	0.7052	0.2442	0.1528	0.6857	0.2725	0.1560	0.7287	0.1821	0.2139	0.2247	0.2005	0.1524	0.2371	0.2271	0.1580	0.1932	0.3279	0.8906	0.4654	0.3279	0.8906	0.4654	0.2402	0.0370	0.6663	0.1900	0.0431	0.2606	0.2054	0.2961	0.6267	0.1822	0.2993	0.3020	0.0159	-0.0053	0.0381	0.0095	-0.0003	-0.0374	0.3100	1.2886	0.4869	0.2153	0.6567	0.3776	0.0076	0.0265	-0.0466	0.2305	0.6531	0.5689	0.0130	0.0336	0.0450	-0.0528	-0.0169	-0.0867	-0.0501	-0.0254	0.0755	0.1795	-0.0475	0.1559	0.0622	0.0000	0.0000	0.0000	0.0000	0.0000	0.0038	0.0514	0.0000	-0.0660	-0.0367	-0.0524	-0.0642	-0.0387	0.0421	0.2075	-0.0347	-0.1334	0.0654	0.0000	0.0000	0.0000	0.0000	0.0000	0.0060	0.0512	0.0000	0.1976	1.3336	0.4837	0.3480	0.8848	0.5658	0.3078	0.8964	0.3651	0.3081	1.2882	0.5389	0.3120	1.2891	0.4349	0.2326	0.8292	0.4166	0.2573	0.8220	0.5399	0.1877	0.4573	0.6598	0.1861	0.4625	0.2788	0.1983	0.0615	0.6979	0.1414	0.0798	0.2285	0.1983	0.4507	0.6035	0.1946	0.4500	0.3309	0.2160	0.0689	0.6608	0.1641	0.0778	0.2596	0.1626	0.0363	0.6396	0.1127	0.0485	0.2655	0.3382	0.0378	0.7000	0.2877	0.0363	0.2543	0.1803	0.9566	0.4899	0.2336	0.0763	0.6238	0.1869	0.0758	0.2907	0.2089	0.4442	0.5472	0.2030	0.4376	0.3829
646	6.46	0.3479	0.8848	0.5646	0.3081	0.8964	0.3663	0.2624	0.4506	0.6212	0.2514	0.4791	0.3108	0.2443	0.3880	0.6272	0.2275	0.3929	0.2960	0.2169	0.2051	0.7053	0.2442	0.1528	0.6857	0.2725	0.1560	0.7287	0.1821	0.2140	0.2247	0.2005	0.1524	0.2371	0.2271	0.1580	0.1932	0.3280	0.8906	0.4654	0.3280	0.8906	0.4654	0.2402	0.0370	0.6664	0.1901	0.0431	0.2606	0.2054	0.2961	0.6267	0.1823	0.2993	0.3020	0.0159	-0.0053	0.0380	0.0094	-0.0003	-0.0374	0.3101	1.2886	0.4869	0.2154	0.6567	0.3776	0.0076	0.0264	-0.0467	0.2305	0.6531	0.5688	0.0130	0.0336	0.0450	-0.0529	-0.0171	-0.0867	-0.0501	-0.0254	0.0754	0.1795	-0.0474	0.1558	0.0622	0.0000	0.0000	0.0000	0.0000	0.0000	0.0038	0.0514	0.0000	-0.0660	-0.0368	-0.0525	-0.0643	-0.0387	0.0421	0.2075	-0.0348	-0.1333	0.0654	0.0000	0.0000	0.0000	0.0000	0.0000	0.0061	0.0512	0.0000	0.1977	1.3336	0.4838	0.3481	0.8848	0.5657	0.3079	0.8965	0.3651	0.3082	1.2881	0.5389	0.3121	1.2891	0.4349	0.2327	0.8292	0.4166	0.2574	0.8220	0.5399	0.1877	0.4573	0.6598	0.1861	0.4625	0.2788	0.1983	0.0614	0.6977	0.1414	0.0797	0.2286	0.1983	0.4507	0.6035	0.1946	0.4500	0.3309	0.2159	0.0689	0.6608	0.1641	0.0778	0.2597	0.1626	0.0363	0.6397	0.1127	0.0485	0.2656	0.3382	0.0378	0.7001	0.2877	0.0363	0.2544	0.1804	0.9565	0.4900	0.2336	0.0764	0.6239	0.1869	0.0758	0.2907	0.2089	0.4442	0.5472	0.2030	0.4375	0.3829
647	6.47	0.3479	0.8848	0.5645	0.3082	0.8964	0.3662	0.2624	0.4506	0.6212	0.2514	0.4791	0.3108	0.2443	0.3879	0.6272	0.2275	0.3929	0.2960	0.2169	0.2051	0.7053	0.2442	0.1528	0.6857	0.2725	0.1560	0.7287	0.1821	0.2140	0.2247	0.2005	0.1524	0.2371	0.2271	0.1580	0.1932	0.3280	0.8906	0.4654	0.3280	0.8906	0.4654	0.2402	0.0370	0.6664	0.1900	0.0431	0.2606	0.2054	0.2961	0.6267	0.1823	0.2993	0.3020	0.0160	-0.0053	0.0381	0.0094	-0.0003	-0.0374	0.3102	1.2886	0.4869	0.2154	0.6567	0.3775	0.0075	0.0264	-0.0467	0.2306	0.6531	0.5688	0.0131	0.0336	0.0450	-0.0529	-0.0170	-0.0867	-0.0501	-0.0254	0.0755	0.1795	-0.0474	0.1558	0.0622	0.0000	0.0000	0.0000	0.0000	0.0000	0.0038	0.0514	0.0000	-0.0660	-0.0368	-0.0525	-0.0643	-0.0387	0.0422	0.2074	-0.0349	-0.1334	0.0654	0.0000	0.0000	0.0000	0.0000	0.0000	0.0061	0.0512	0.0000	0.1978	1.3335	0.4838	0.3481	0.8847	0.5657	0.3079	0.8965	0.3651	0.3083	1.2881	0.5389	0.3122	1.2890	0.4348	0.2328	0.8292	0.4166	0.2575	0.8220	0.5399	0.1877	0.4573	0.6597	0.1861	0.4626	0.2788	0.1983	0.0614	0.6978	0.1414	0.0797	0.2285	0.1983	0.4507	0.6035	0.1946	0.4500	0.3308	0.2159	0.0689	0.6608	0.1641	0.0778	0.2596	0.1626	0.0363	0.6397	0.1127	0.0485	0.2656	0.3382	0.0378	0.7001	0.2877	0.0363	0.2544	0.1805	0.9565	0.4899	0.2336	0.0764	0.6239	0.1869	0.0758	0.2907	0.2089	0.4442	0.5472	0.2030	0.4375	0.3829
648	6.48	0.3479	0.8847	0.5645	0.3082	0.8964	0.3662	0.2624	0.4506	0.6212	0.2514	0.4791	0.3108	0.2443	0.3879	0.6271	0.2275	0.3929	0.2960	0.2169	0.2051	0.7052	0.2442	0.1527	0.6857	0.2725	0.1560	0.7287	0.1821	0.2139	0.2247	0.2005	0.1524	0.2371	0.2271	0.1580	0.1932	0.3281	0.8906	0.4654	0.3281	0.8906	0.4654	0.2402	0.0370	0.6664	0.1900	0.0431	0.2606	0.2055	0.2961	0.6267	0.1823	0.2993	0.3020	0.0160	-0.0053	0.0382	0.0094	-0.0003	-0.0374	0.3103	1.2885	0.4868	0.2154	0.6567	0.3775	0.0076	0.0265	-0.0467	0.2306	0.6530	0.5688	0.0131	0.0336	0.0450	-0.0528	-0.0169	-0.0867	-0.0501	-0.0254	0.0755	0.1795	-0.0474	0.1558	0.0622	0.0000	0.0000	0.0000	0.0000	0.0000	0.0038	0.0514	0.0000	-0.0660	-0.0367	-0.0524	-0.0642	-0.0388	0.0422	0.2074	-0.0348	-0.1334	0.0654	0.0000	0.0000	0.0000	0.0000	0.0000	0.0060	0.0512	0.0000	0.1979	1.3336	0.4837	0.3482	0.8847	0.5657	0.3080	0.8964	0.3650	0.3084	1.2881	0.5388	0.3122	1.2889	0.4348	0.2328	0.8292	0.4165	0.2575	0.8219	0.5398	0.1877	0.4573	0.6597	0.1862	0.4625	0.2788	0.1983	0.0615	0.6979	0.1413	0.0797	0.2285	0.1983	0.4507	0.6034	0.1946	0.4500	0.3308	0.2160	0.0689	0.6608	0.1641	0.0777	0.2596	0.1626	0.0363	0.6397	0.1127	0.0485	0.2655	0.3382	0.0378	0.7001	0.2877	0.0362	0.2543	0.1805	0.9565	0.4899	0.2337	0.0764	0.6237	0.1869	0.0758	0.2907	0.2090	0.4442	0.5472	0.2030	0.4375	0.3828
649	6.49	0.3480	0.8847	0.5645	0.3082	0.8963	0.3662	0.2624	0.4506	0.6212	0.2514	0.4791	0.3108	0.2444	0.3879	0.6271	0.2275	0.3929	0.2960	0.2169	0.2051	0.7052	0.2443	0.1527	0.6857	0.2725	0.1560	0.7287	0.1821	0.2139	0.2247	0.2005	0.1524	0.2371	0.2272	0.1579	0.1932	0.3281	0.8905	0.4654	0.3281	0.8905	0.4654	0.2402	0.0370	0.6664	0.1901	0.0431	0.2606	0.2055	0.2961	0.6266	0.1823	0.2993	0.3020	0.0160	-0.0053	0.0381	0.0095	-0.0003	-0.0374	0.3104	1.2885	0.4868	0.2154	0.6567	0.3775	0.0076	0.0265	-0.0466	0.2306	0.6530	0.5688	0.0130	0.0336	0.0450	-0.0529	-0.0171	-0.0867	-0.0501	-0.0255	0.0755	0.1795	-0.0474	0.1558	0.0622	0.0000	0.0000	0.0000	0.0000	0.0000	0.0038	0.0514	0.0000	-0.0660	-0.0368	-0.0524	-0.0642	-0.0388	0.0422	0.2074	-0.0348	-0.1334	0.0654	0.0000	0.0000	0.0000	0.0000	0.0000	0.0060	0.0512	0.0000	0.1980	1.3336	0.4837	0.3482	0.8846	0.5657	0.3080	0.8964	0.3650	0.3085	1.2881	0.5388	0.3123	1.2889	0.4348	0.2328	0.8292	0.4165	0.2575	0.8220	0.5398	0.1877	0.4573	0.6597	0.1862	0.4625	0.2788	0.1983	0.0614	0.6977	0.1413	0.0797	0.2285	0.1983	0.4507	0.6034	0.1946	0.4500	0.3308	0.2160	0.0689	0.6607	0.1641	0.0777	0.2596	0.1626	0.0363	0.6396	0.1127	0.0485	0.2655	0.3382	0.0378	0.7001	0.2877	0.0362	0.2543	0.1806	0.9565	0.4899	0.2337	0.0764	0.6238	0.1869	0.0758	0.2907	0.2090	0.4441	0.5472	0.2031	0.4376	0.3828
650	6.50	0.3480	0.8847	0.5645	0.3083	0.8963	0.3662	0.2625	0.4507	0.6212	0.2515	0.4791	0.3108	0.2444	0.3880	0.6271	0.2275	0.3929	0.2960	0.2170	0.2051	0.7052	0.2443	0.1528	0.6857	0.2725	0.1560	0.7287	0.1821	0.2139	0.2247	0.2005	0.1524	0.2371	0.2272	0.1580	0.1932	0.3282	0.8905	0.4654	0.3282	0.8905	0.4654	0.2403	0.0370	0.6663	0.1901	0.0432	0.2606	0.2055	0.2961	0.6267	0.1823	0.2993	0.3020	0.0159	-0.0053	0.0381	0.0095	-0.0003	-0.0374	0.3105	1.2885	0.4868	0.2155	0.6567	0.3775	0.0076	0.0265	-0.0466	0.2306	0.6531	0.5688	0.0130	0.0335	0.0450	-0.0529	-0.0170	-0.0867	-0.0501	-0.0253	0.0754	0.1795	-0.0475	0.1559	0.0622	0.0000	0.0000	0.0000	0.0000	0.0000	0.0038	0.0514	0.0000	-0.0660	-0.0368	-0.0525	-0.0642	-0.0387	0.0421	0.2074	-0.0348	-0.1334	0.0654	0.0000	0.0000	0.0000	0.0000	0.0000	0.0060	0.0512	0.0000	0.1982	1.3336	0.4837	0.3483	0.8847	0.5657	0.3081	0.8964	0.3650	0.3086	1.2881	0.5388	0.3124	1.2889	0.4348	0.2328	0.8292	0.4166	0.2575	0.8220	0.5399	0.1878	0.4573	0.6597	0.1862	0.4625	0.2787	0.1983	0.0615	0.6977	0.1414	0.0798	0.2285	0.1984	0.4507	0.6034	0.1947	0.4501	0.3308	0.2160	0.0689	0.6608	0.1642	0.0778	0.2596	0.1626	0.0364	0.6396	0.1127	0.0486	0.2655	0.3383	0.0378	0.7001	0.2877	0.0363	0.2543	0.1807	0.9566	0.4899	0.2336	0.0764	0.6238	0.1870	0.0759	0.2907	0.2090	0.4441	0.5472	0.2032	0.4376	0.3828
651	6.51	0.3481	0.8848	0.5645	0.3084	0.8964	0.3662	0.2626	0.4508	0.6211	0.2515	0.4792	0.3107	0.2445	0.3881	0.6270	0.2276	0.3929	0.2959	0.2170	0.2052	0.7052	0.2443	0.1529	0.6856	0.2725	0.1561	0.7287	0.1821	0.2140	0.2246	0.2005	0.1525	0.2370	0.2272	0.1580	0.1932	0.3282	0.8906	0.4653	0.3282	0.8906	0.4653	0.2403	0.0371	0.6663	0.1901	0.0432	0.2605	0.2055	0.2962	0.6266	0.1824	0.2994	0.3019	0.0159	-0.0053	0.0382	0.0095	-0.0003	-0.0374	0.3106	1.2886	0.4867	0.2155	0.6568	0.3775	0.0077	0.0264	-0.0466	0.2307	0.6531	0.5688	0.0130	0.0336	0.0450	-0.0528	-0.0168	-0.0867	-0.0500	-0.0253	0.0754	0.1795	-0.0476	0.1559	0.0622	0.0000	0.0000	0.0000	0.0000	0.0000	0.0038	0.0514	0.0000	-0.0660	-0.0367	-0.0525	-0.0642	-0.0387	0.0420	0.2074	-0.0347	-0.1334	0.0654	0.0000	0.0000	0.0000	0.0000	0.0000	0.0060	0.0512	0.0000	0.1983	1.3337	0.4836	0.3483	0.8847	0.5657	0.3081	0.8964	0.3650	0.3088	1.2882	0.5387	0.3125	1.2889	0.4347	0.2329	0.8293	0.4165	0.2576	0.8221	0.5398	0.1878	0.4574	0.6597	0.1862	0.4625	0.2787	0.1984	0.0616	0.6978	0.1415	0.0799	0.2284	0.1984	0.4508	0.6034	0.1947	0.4502	0.3308	0.2160	0.0690	0.6608	0.1642	0.0779	0.2596	0.1627	0.0364	0.6396	0.1127	0.0487	0.2654	0.3383	0.0379	0.7000	0.2877	0.0364	0.2543	0.1807	0.9567	0.4898	0.2337	0.0764	0.6238	0.1870	0.0760	0.2907	0.2090	0.4441	0.5471	0.2032	0.4378	0.3828
652	6.52	0.3482	0.8848	0.5645	0.3084	0.8964	0.3662	0.2626	0.4508	0.6211	0.2515	0.4792	0.3107	0.2445	0.3881	0.6270	0.2276	0.3930	0.2959	0.2170	0.2053	0.7052	0.2443	0.1529	0.6856	0.2725	0.1562	0.7286	0.1821	0.2140	0.2246	0.2005	0.1525	0.2370	0.2272	0.1580	0.1932	0.3283	0.8906	0.4653	0.3283	0.8906	0.4653	0.2403	0.0371	0.6663	0.1901	0.0433	0.2605	0.2055	0.2962	0.6266	0.1824	0.2994	0.3019	0.0159	-0.0053	0.0381	0.0095	-0.0003	-0.0374	0.3107	1.2886	0.4866	0.2155	0.6568	0.3775	0.0077	0.0264	-0.0466	0.2307	0.6532	0.5687	0.0129	0.0336	0.0450	-0.0528	-0.0170	-0.0867	-0.0500	-0.0253	0.0754	0.1794	-0.0476	0.1559	0.0622	0.0000	0.0000	0.0000	0.0000	0.0000	0.0038	0.0514	0.0000	-0.0660	-0.0368	-0.0525	-0.0641	-0.0386	0.0421	0.2074	-0.0347	-0.1335	0.0654	0.0000	0.0000	0.0000	0.0000	0.0000	0.0060	0.0512	0.0000	0.1984	1.3338	0.4835	0.3484	0.8847	0.5657	0.3082	0.8965	0.3650	0.3089	1.2882	0.5386	0.3126	1.2889	0.4346	0.2329	0.8293	0.4165	0.2576	0.8221	0.5398	0.1878	0.4575	0.6596	0.1863	0.4625	0.2787	0.1983	0.0616	0.6976	0.1415	0.0799	0.2284	0.1984	0.4508	0.6034	0.1947	0.4502	0.3307	0.2160	0.0690	0.6607	0.1642	0.0780	0.2595	0.1627	0.0365	0.6396	0.1127	0.0488	0.2654	0.3383	0.0380	0.7000	0.2877	0.0364	0.2543	0.1807	0.9568	0.4898	0.2337	0.0764	0.6238	0.1870	0.0760	0.2906	0.2090	0.4442	0.5471	0.2032	0.4379	0.3827
653	6.53	0.3482	0.8848	0.5645	0.3084	0.8964	0.3662	0.2626	0.4508	0.6211	0.2515	0.4792	0.3107	0.2445	0.3881	0.6270	0.2276	0.3929	0.2959	0.2170	0.2052	0.7052	0.2443	0.1529	0.6856	0.2725	0.1561	0.7287	0.1821	0.2140	0.2246	0.2005	0.1525	0.2370	0.2272	0.1580	0.1932	0.3283	0.8906	0.4653	0.3283	0.8906	0.4653	0.2403	0.0371	0.6663	0.1900	0.0433	0.2605	0.2055	0.2962	0.6266	0.1824	0.2994	0.3019	0.0159	-0.0053	0.0380	0.0095	-0.0003	-0.0374	0.3108	1.2885	0.4866	0.2155	0.6568	0.3775	0.0077	0.0264	-0.0466	0.2307	0.6532	0.5687	0.0130	0.0336	0.0450	-0.0529	-0.0171	-0.0867	-0.0500	-0.0253	0.0754	0.1795	-0.0475	0.1559	0.0622	0.0000	0.0000	0.0000	0.0000	0.0000	0.0038	0.0514	0.0000	-0.0660	-0.0368	-0.0526	-0.0641	-0.0387	0.0421	0.2074	-0.0348	-0.1334	0.0654	0.0000	0.0000	0.0000	0.0000	0.0000	0.0060	0.0512	0.0000	0.1985	1.3337	0.4835	0.3484	0.8847	0.5657	0.3082	0.8964	0.3650	0.3090	1.2882	0.5386	0.3127	1.2889	0.4346	0.2329	0.8293	0.4165	0.2576	0.8221	0.5398	0.1878	0.4574	0.6596	0.1863	0.4625	0.2787	0.1982	0.0616	0.6976	0.1415	0.0799	0.2284	0.1984	0.4508	0.6034	0.1947	0.4501	0.3307	0.2159	0.0690	0.6607	0.1642	0.0779	0.2595	0.1626	0.0364	0.6396	0.1127	0.0487	0.2654	0.3382	0.0379	0.7000	0.2877	0.0364	0.2543	0.1808	0.9567	0.4898	0.2335	0.0764	0.6239	0.1870	0.0760	0.2907	0.2090	0.4442	0.5471	0.2032	0.4378	0.3828
654	6.54	0.3482	0.8847	0.5645	0.3085	0.8964	0.3662	0.2626	0.4507	0.6211	0.2515	0.4791	0.3108	0.2444	0.3880	0.6271	0.2276	0.3929	0.2959	0.2170	0.2052	0.7052	0.2443	0.1528	0.6857	0.2725	0.1561	0.7287	0.1821	0.2140	0.2246	0.2005	0.1524	0.2370	0.2272	0.1580	0.1932	0.3284	0.8905	0.4653	0.3284	0.8905	0.4653	0.2402	0.0370	0.6664	0.1900	0.0432	0.2606	0.2055	0.2961	0.6266	0.1823	0.2993	0.3019	0.0159	-0.0053	0.0381	0.0095	-0.0003	-0.0374	0.3109	1.2885	0.4866	0.2156	0.6567	0.3775	0.0076	0.0265	-0.0467	0.2307	0.6531	0.5687	0.0130	0.0335	0.0450	-0.0529	-0.0170	-0.0867	-0.0501	-0.0254	0.0754	0.1795	-0.0475	0.1558	0.0622	0.0000	0.0000	0.0000	0.0000	0.0000	0.0038	0.0514	0.0000	-0.0660	-0.0368	-0.0525	-0.0642	-0.0387	0.0421	0.2074	-0.0348	-0.1334	0.0654	0.0000	0.0000	0.0000	0.0000	0.0000	0.0060	0.0512	0.0000	0.1986	1.3336	0.4835	0.3485	0.8847	0.5657	0.3083	0.8964	0.3650	0.3091	1.2881	0.5386	0.3128	1.2888	0.4346	0.2330	0.8292	0.4165	0.2577	0.8220	0.5398	0.1878	0.4574	0.6597	0.1863	0.4626	0.2787	0.1983	0.0615	0.6977	0.1414	0.0798	0.2285	0.1984	0.4508	0.6034	0.1947	0.4501	0.3308	0.2159	0.0689	0.6608	0.1642	0.0779	0.2596	0.1626	0.0364	0.6396	0.1127	0.0486	0.2655	0.3382	0.0379	0.7001	0.2877	0.0363	0.2543	0.1809	0.9566	0.4898	0.2335	0.0764	0.6239	0.1869	0.0759	0.2907	0.2090	0.4442	0.5471	0.2031	0.4377	0.3828
655	6.55	0.3483	0.8847	0.5645	0.3086	0.8963	0.3662	0.2626	0.4506	0.6212	0.2516	0.4791	0.3107	0.2444	0.3879	0.6271	0.2276	0.3929	0.2959	0.2169	0.2051	0.7052	0.2443	0.1528	0.6857	0.2725	0.1560	0.7287	0.1822	0.2140	0.2246	0.2006	0.1524	0.2370	0.2272	0.1580	0.1932	0.3284	0.8905	0.4653	0.3284	0.8905	0.4653	0.2402	0.0370	0.6664	0.1900	0.0431	0.2606	0.2056	0.2961	0.6267	0.1823	0.2993	0.3019	0.0160	-0.0053	0.0382	0.0094	-0.0003	-0.0374	0.3110	1.2884	0.4865	0.2156	0.6567	0.3775	0.0076	0.0264	-0.0467	0.2308	0.6531	0.5687	0.0131	0.0335	0.0450	-0.0528	-0.0168	-0.0867	-0.0501	-0.0254	0.0755	0.1795	-0.0474	0.1558	0.0622	0.0000	0.0000	0.0000	0.0000	0.0000	0.0038	0.0514	0.0000	-0.0659	-0.0367	-0.0524	-0.0643	-0.0387	0.0421	0.2074	-0.0348	-0.1334	0.0654	0.0000	0.0000	0.0000	0.0000	0.0000	0.0060	0.0512	0.0000	0.1988	1.3336	0.4834	0.3485	0.8846	0.5657	0.3083	0.8964	0.3650	0.3092	1.2880	0.5385	0.3129	1.2888	0.4345	0.2331	0.8292	0.4165	0.2578	0.8220	0.5398	0.1878	0.4573	0.6597	0.1863	0.4625	0.2787	0.1984	0.0615	0.6980	0.1414	0.0797	0.2285	0.1984	0.4507	0.6034	0.1947	0.4501	0.3308	0.2160	0.0690	0.6609	0.1642	0.0778	0.2596	0.1626	0.0363	0.6397	0.1127	0.0485	0.2655	0.3382	0.0378	0.7001	0.2877	0.0363	0.2544	0.1810	0.9565	0.4898	0.2336	0.0764	0.6238	0.1869	0.0758	0.2907	0.2091	0.4442	0.5471	0.2031	0.4376	0.3828
656	6.56	0.3483	0.8846	0.5645	0.3086	0.8963	0.3662	0.2625	0.4506	0.6212	0.2516	0.4790	0.3108	0.2444	0.3879	0.6271	0.2276	0.3929	0.2959	0.2169	0.2051	0.7052	0.2442	0.1527	0.6857	0.2725	0.1560	0.7287	0.1822	0.2139	0.2246	0.2006	0.1524	0.2370	0.2272	0.1579	0.1932	0.3285	0.8905	0.4653	0.3285	0.8905	0.4653	0.2402	0.0369	0.6664	0.1900	0.0431	0.2606	0.2056	0.2961	0.6267	0.1823	0.2992	0.3019	0.0160	-0.0053	0.0382	0.0094	-0.0003	-0.0374	0.3111	1.2884	0.4865	0.2156	0.6567	0.3775	0.0076	0.0264	-0.0467	0.2308	0.6530	0.5687	0.0131	0.0336	0.0450	-0.0528	-0.0167	-0.0867	-0.0501	-0.0254	0.0755	0.1795	-0.0474	0.1558	0.0622	0.0000	0.0000	0.0000	0.0000	0.0000	0.0038	0.0514	0.0000	-0.0659	-0.0367	-0.0524	-0.0643	-0.0387	0.0422	0.2074	-0.0348	-0.1334	0.0654	0.0000	0.0000	0.0000	0.0000	0.0000	0.0060	0.0512	0.0000	0.1989	1.3336	0.4834	0.3486	0.8846	0.5657	0.3084	0.8964	0.3650	0.3092	1.2880	0.5385	0.3130	1.2888	0.4345	0.2331	0.8292	0.4165	0.2578	0.8219	0.5398	0.1878	0.4573	0.6597	0.1863	0.4625	0.2787	0.1984	0.0615	0.6980	0.1414	0.0797	0.2285	0.1985	0.4507	0.6034	0.1947	0.4500	0.3308	0.2160	0.0689	0.6609	0.1641	0.0777	0.2596	0.1626	0.0363	0.6397	0.1127	0.0485	0.2655	0.3382	0.0378	0.7001	0.2877	0.0362	0.2544	0.1810	0.9565	0.4898	0.2336	0.0763	0.6238	0.1868	0.0758	0.2907	0.2091	0.4441	0.5471	0.2031	0.4375	0.3828
657	6.57	0.3483	0.8846	0.5645	0.3086	0.8963	0.3662	0.2625	0.4506	0.6212	0.2515	0.4790	0.3108	0.2444	0.3879	0.6271	0.2276	0.3928	0.2960	0.2169	0.2050	0.7052	0.2442	0.1527	0.6857	0.2725	0.1559	0.7287	0.1822	0.2139	0.2246	0.2006	0.1524	0.2370	0.2272	0.1579	0.1932	0.3285	0.8904	0.4653	0.3285	0.8904	0.4653	0.2402	0.0369	0.6664	0.1900	0.0431	0.2606	0.2056	0.2961	0.6267	0.1823	0.2992	0.3019	0.0160	-0.0053	0.0382	0.0094	-0.0003	-0.0374	0.3112	1.2883	0.4864	0.2156	0.6566	0.3775	0.0076	0.0265	-0.0467	0.2308	0.6530	0.5688	0.0131	0.0336	0.0450	-0.0528	-0.0168	-0.0867	-0.0501	-0.0254	0.0755	0.1795	-0.0474	0.1558	0.0622	0.0000	0.0000	0.0000	0.0000	0.0000	0.0038	0.0514	0.0000	-0.0659	-0.0367	-0.0524	-0.0642	-0.0387	0.0422	0.2074	-0.0348	-0.1334	0.0654	0.0000	0.0000	0.0000	0.0000	0.0000	0.0060	0.0512	0.0000	0.1990	1.3336	0.4833	0.3486	0.8845	0.5657	0.3084	0.8963	0.3650	0.3093	1.2880	0.5384	0.3131	1.2887	0.4345	0.2331	0.8292	0.4165	0.2578	0.8219	0.5398	0.1878	0.4573	0.6597	0.1863	0.4625	0.2787	0.1983	0.0615	0.6979	0.1414	0.0797	0.2285	0.1985	0.4507	0.6034	0.1947	0.4500	0.3308	0.2160	0.0689	0.6609	0.1641	0.0777	0.2596	0.1626	0.0363	0.6397	0.1127	0.0485	0.2655	0.3382	0.0377	0.7001	0.2877	0.0362	0.2544	0.1810	0.9566	0.4898	0.2336	0.0763	0.6238	0.1868	0.0757	0.2907	0.2091	0.4441	0.5471	0.2031	0.4375	0.3828
658	6.58	0.3484	0.8846	0.5645	0.3087	0.8963	0.3662	0.2626	0.4506	0.6212	0.2516	0.4790	0.3108	0.2445	0.3879	0.6271	0.2276	0.3929	0.2960	0.2170	0.2051	0.7052	0.2443	0.1527	0.6857	0.2725	0.1560	0.7287	0.1822	0.2139	0.2246	0.2006	0.1524	0.2370	0.2272	0.1579	0.1932	0.3285	0.8904	0.4653	0.3285	0.8904	0.4653	0.2402	0.0369	0.6664	0.1900	0.0431	0.2606	0.2056	0.2961	0.6266	0.1823	0.2993	0.3019	0.0160	-0.0053	0.0381	0.0094	-0.0003	-0.0374	0.3113	1.2884	0.4864	0.2157	0.6567	0.3775	0.0076	0.0265	-0.0467	0.2309	0.6530	0.5688	0.0131	0.0336	0.0450	-0.0529	-0.0171	-0.0867	-0.0501	-0.0254	0.0755	0.1795	-0.0475	0.1558	0.0622	0.0000	0.0000	0.0000	0.0000	0.0000	0.0038	0.0514	0.0000	-0.0660	-0.0368	-0.0524	-0.0642	-0.0387	0.0422	0.2074	-0.0348	-0.1334	0.0654	0.0000	0.0000	0.0000	0.0000	0.0000	0.0060	0.0512	0.0000	0.1991	1.3336	0.4833	0.3487	0.8846	0.5657	0.3084	0.8963	0.3650	0.3095	1.2880	0.5384	0.3132	1.2887	0.4344	0.2332	0.8292	0.4165	0.2579	0.8219	0.5398	0.1879	0.4573	0.6597	0.1863	0.4625	0.2787	0.1983	0.0614	0.6977	0.1414	0.0797	0.2285	0.1985	0.4507	0.6034	0.1947	0.4500	0.3308	0.2160	0.0689	0.6607	0.1641	0.0778	0.2596	0.1626	0.0363	0.6397	0.1127	0.0485	0.2655	0.3382	0.0378	0.7001	0.2877	0.0362	0.2544	0.1811	0.9566	0.4898	0.2337	0.0764	0.6238	0.1869	0.0758	0.2907	0.2091	0.4442	0.5471	0.2031	0.4375	0.3828
659	6.59	0.3485	0.8847	0.5644	0.3087	0.8963	0.3662	0.2626	0.4506	0.6211	0.2516	0.4791	0.3107	0.2445	0.3880	0.6271	0.2276	0.3929	0.2959	0.2170	0.2051	0.7052	0.2443	0.1528	0.6857	0.2725	0.1560	0.7287	0.1822	0.2140	0.2246	0.2006	0.1524	0.2370	0.2272	0.1580	0.1932	0.3286	0.8905	0.4653	0.3286	0.8905	0.4653	0.2402	0.0370	0.6664	0.1901	0.0431	0.2606	0.2056	0.2961	0.6266	0.1824	0.2993	0.3019	0.0160	-0.0053	0.0381	0.0095	-0.0003	-0.0374	0.3115	1.2884	0.4863	0.2157	0.6567	0.3775	0.0076	0.0264	-0.0467	0.2309	0.6531	0.5687	0.0130	0.0336	0.0450	-0.0529	-0.0170	-0.0867	-0.0501	-0.0254	0.0755	0.1795	-0.0475	0.1558	0.0622	0.0000	0.0000	0.0000	0.0000	0.0000	0.0038	0.0514	0.0000	-0.0660	-0.0368	-0.0524	-0.0642	-0.0387	0.0421	0.2074	-0.0347	-0.1334	0.0654	0.0000	0.0000	0.0000	0.0000	0.0000	0.0060	0.0512	0.0000	0.1993	1.3336	0.4832	0.3487	0.8846	0.5656	0.3085	0.8964	0.3650	0.3096	1.2880	0.5383	0.3133	1.2888	0.4343	0.2332	0.8292	0.4165	0.2579	0.8220	0.5398	0.1879	0.4573	0.6597	0.1863	0.4625	0.2787	0.1983	0.0615	0.6977	0.1414	0.0798	0.2285	0.1985	0.4508	0.6034	0.1948	0.4501	0.3307	0.2160	0.0689	0.6608	0.1642	0.0778	0.2596	0.1626	0.0363	0.6397	0.1127	0.0486	0.2655	0.3382	0.0378	0.7001	0.2877	0.0363	0.2543	0.1812	0.9566	0.4898	0.2337	0.0764	0.6238	0.1869	0.0759	0.2907	0.2091	0.4442	0.5471	0.2032	0.4376	0.3828
660	6.60	0.3485	0.8847	0.5644	0.3088	0.8963	0.3662	0.2627	0.4507	0.6211	0.2516	0.4791	0.3107	0.2446	0.3881	0.6271	0.2276	0.3929	0.2960	0.2170	0.2052	0.7052	0.2443	0.1528	0.6857	0.2726	0.1561	0.7287	0.1822	0.2140	0.2246	0.2006	0.1524	0.2370	0.2272	0.1580	0.1932	0.3287	0.8905	0.4653	0.3287	0.8905	0.4653	0.2403	0.0370	0.6663	0.1901	0.0432	0.2605	0.2056	0.2962	0.6267	0.1824	0.2993	0.3019	0.0159	-0.0053	0.0382	0.0095	-0.0003	-0.0374	0.3116	1.2884	0.4863	0.2158	0.6567	0.3775	0.0076	0.0264	-0.0466	0.2309	0.6531	0.5688	0.0130	0.0336	0.0450	-0.0527	-0.0167	-0.0867	-0.0500	-0.0253	0.0755	0.1795	-0.0475	0.1558	0.0622	0.0000	0.0000	0.0000	0.0000	0.0000	0.0038	0.0514	0.0000	-0.0659	-0.0366	-0.0525	-0.0642	-0.0387	0.0421	0.2074	-0.0348	-0.1334	0.0654	0.0000	0.0000	0.0000	0.0000	0.0000	0.0061	0.0512	0.0000	0.1994	1.3337	0.4831	0.3488	0.8846	0.5657	0.3085	0.8964	0.3650	0.3098	1.2881	0.5382	0.3134	1.2888	0.4343	0.2332	0.8293	0.4165	0.2580	0.8220	0.5398	0.1879	0.4574	0.6597	0.1864	0.4625	0.2787	0.1984	0.0616	0.6980	0.1415	0.0798	0.2285	0.1985	0.4508	0.6034	0.1948	0.4501	0.3307	0.2160	0.0690	0.6609	0.1642	0.0779	0.2596	0.1627	0.0363	0.6395	0.1127	0.0486	0.2655	0.3382	0.0379	0.7001	0.2877	0.0363	0.2543	0.1812	0.9567	0.4898	0.2336	0.0764	0.6238	0.1870	0.0759	0.2907	0.2092	0.4442	0.5472	0.2033	0.4377	0.3828
661	6.61	0.3486	0.8846	0.5645	0.3088	0.8962	0.3662	0.2627	0.4507	0.6211	0.2516	0.4791	0.3108	0.2446	0.3881	0.6270	0.2277	0.3929	0.2960	0.2170	0.2052	0.7052	0.2443	0.1529	0.6857	0.2726	0.1561	0.7287	0.1822	0.2139	0.2246	0.2006	0.1524	0.2370	0.2272	0.1580	0.1932	0.3287	0.8904	0.4653	0.3287	0.8904	0.4653	0.2403	0.0370	0.6662	0.1901	0.0432	0.2605	0.2056	0.2962	0.6267	0.1824	0.2994	0.3019	0.0159	-0.0053	0.0382	0.0095	-0.0003	-0.0374	0.3117	1.2884	0.4862	0.2158	0.6567	0.3775	0.0076	0.0264	-0.0466	0.2309	0.6531	0.5688	0.0130	0.0336	0.0450	-0.0528	-0.0168	-0.0867	-0.0500	-0.0253	0.0755	0.1795	-0.0476	0.1559	0.0622	0.0000	0.0000	0.0000	0.0000	0.0000	0.0038	0.0514	0.0000	-0.0659	-0.0367	-0.0525	-0.0641	-0.0387	0.0421	0.2074	-0.0348	-0.1334	0.0654	0.0000	0.0000	0.0000	0.0000	0.0000	0.0060	0.0512	0.0000	0.1995	1.3337	0.4830	0.3488	0.8846	0.5657	0.3086	0.8963	0.3650	0.3099	1.2881	0.5382	0.3135	1.2887	0.4343	0.2332	0.8293	0.4166	0.2580	0.8220	0.5399	0.1880	0.4574	0.6597	0.1864	0.4625	0.2787	0.1984	0.0616	0.6979	0.1414	0.0798	0.2284	0.1986	0.4508	0.6034	0.1948	0.4501	0.3307	0.2160	0.0690	0.6608	0.1642	0.0779	0.2596	0.1628	0.0362	0.6393	0.1127	0.0487	0.2654	0.3383	0.0379	0.7000	0.2877	0.0363	0.2543	0.1813	0.9567	0.4898	0.2336	0.0764	0.6238	0.1870	0.0760	0.2907	0.2092	0.4442	0.5472	0.2033	0.4377	0.3828
662	6.62	0.3486	0.8846	0.5645	0.3088	0.8962	0.3662	0.2627	0.4507	0.6211	0.2516	0.4790	0.3108	0.2446	0.3881	0.6270	0.2277	0.3929	0.2960	0.2170	0.2052	0.7052	0.2443	0.1529	0.6857	0.2726	0.1561	0.7287	0.1822	0.2139	0.2246	0.2005	0.1524	0.2370	0.2272	0.1580	0.1932	0.3287	0.8904	0.4653	0.3287	0.8904	0.4653	0.2403	0.0371	0.6663	0.1900	0.0432	0.2605	0.2056	0.2961	0.6266	0.1824	0.2994	0.3019	0.0159	-0.0053	0.0380	0.0095	-0.0003	-0.0374	0.3119	1.2884	0.4862	0.2158	0.6567	0.3775	0.0076	0.0265	-0.0466	0.2310	0.6531	0.5688	0.0130	0.0335	0.0450	-0.0529	-0.0170	-0.0867	-0.0500	-0.0254	0.0755	0.1795	-0.0476	0.1558	0.0622	0.0000	0.0000	0.0000	0.0000	0.0000	0.0038	0.0514	0.0000	-0.0660	-0.0368	-0.0526	-0.0641	-0.0387	0.0421	0.2074	-0.0348	-0.1334	0.0654	0.0000	0.0000	0.0000	0.0000	0.0000	0.0060	0.0512	0.0000	0.1997	1.3338	0.4830	0.3489	0.8846	0.5657	0.3086	0.8963	0.3650	0.3101	1.2881	0.5381	0.3137	1.2887	0.4343	0.2333	0.8293	0.4166	0.2580	0.8220	0.5399	0.1880	0.4574	0.6597	0.1864	0.4625	0.2787	0.1983	0.0615	0.6977	0.1414	0.0798	0.2285	0.1986	0.4508	0.6034	0.1948	0.4501	0.3308	0.2159	0.0689	0.6608	0.1642	0.0779	0.2596	0.1627	0.0364	0.6395	0.1127	0.0487	0.2654	0.3382	0.0379	0.7000	0.2877	0.0363	0.2543	0.1813	0.9568	0.4898	0.2335	0.0763	0.6239	0.1870	0.0760	0.2907	0.2091	0.4442	0.5472	0.2033	0.4377	0.3828
663	6.63	0.3487	0.8846	0.5644	0.3089	0.8963	0.3662	0.2628	0.4507	0.6211	0.2517	0.4791	0.3108	0.2446	0.3881	0.6270	0.2277	0.3929	0.2960	0.2171	0.2052	0.7052	0.2444	0.1529	0.6857	0.2726	0.1561	0.7287	0.1822	0.2140	0.2247	0.2006	0.1525	0.2370	0.2272	0.1580	0.1932	0.3288	0.8905	0.4653	0.3288	0.8905	0.4653	0.2403	0.0371	0.6663	0.1901	0.0432	0.2605	0.2056	0.2961	0.6266	0.1825	0.2994	0.3019	0.0159	-0.0053	0.0380	0.0095	-0.0003	-0.0374	0.3120	1.2884	0.4862	0.2159	0.6567	0.3775	0.0076	0.0265	-0.0466	0.2311	0.6531	0.5688	0.0130	0.0335	0.0450	-0.0529	-0.0171	-0.0867	-0.0500	-0.0254	0.0754	0.1795	-0.0476	0.1559	0.0622	0.0000	0.0000	0.0000	0.0000	0.0000	0.0038	0.0514	0.0000	-0.0660	-0.0368	-0.0526	-0.0642	-0.0387	0.0421	0.2074	-0.0347	-0.1334	0.0654	0.0000	0.0000	0.0000	0.0000	0.0000	0.0060	0.0512	0.0000	0.1998	1.3338	0.4830	0.3490	0.8846	0.5657	0.3087	0.8963	0.3650	0.3102	1.2881	0.5381	0.3138	1.2887	0.4342	0.2334	0.8293	0.4166	0.2581	0.8220	0.5399	0.1880	0.4574	0.6597	0.1864	0.4625	0.2788	0.1983	0.0615	0.6976	0.1415	0.0799	0.2285	0.1986	0.4508	0.6034	0.1949	0.4501	0.3308	0.2159	0.0689	0.6608	0.1642	0.0779	0.2596	0.1626	0.0364	0.6396	0.1127	0.0487	0.2655	0.3383	0.0379	0.7000	0.2877	0.0364	0.2543	0.1814	0.9567	0.4899	0.2335	0.0764	0.6239	0.1870	0.0760	0.2907	0.2092	0.4442	0.5472	0.2034	0.4377	0.3828
664	6.64	0.3488	0.8846	0.5644	0.3090	0.8962	0.3662	0.2628	0.4507	0.6211	0.2517	0.4790	0.3107	0.2447	0.3881	0.6270	0.2278	0.3929	0.2960	0.2171	0.2052	0.7052	0.2444	0.1528	0.6857	0.2726	0.1560	0.7287	0.1822	0.2140	0.2246	0.2006	0.1525	0.2370	0.2272	0.1580	0.1932	0.3289	0.8904	0.4653	0.3289	0.8904	0.4653	0.2403	0.0371	0.6663	0.1901	0.0432	0.2606	0.2057	0.2961	0.6266	0.1825	0.2993	0.3019	0.0159	-0.0053	0.0380	0.0095	-0.0003	-0.0374	0.3121	1.2884	0.4861	0.2159	0.6567	0.3775	0.0076	0.0264	-0.0466	0.2311	0.6531	0.5688	0.0130	0.0336	0.0450	-0.0529	-0.0171	-0.0867	-0.0501	-0.0254	0.0754	0.1795	-0.0476	0.1559	0.0622	0.0000	0.0000	0.0000	0.0000	0.0000	0.0038	0.0514	0.0000	-0.0660	-0.0368	-0.0525	-0.0642	-0.0387	0.0421	0.2074	-0.0347	-0.1335	0.0654	0.0000	0.0000	0.0000	0.0000	0.0000	0.0060	0.0512	0.0000	0.2000	1.3338	0.4830	0.3490	0.8846	0.5656	0.3087	0.8963	0.3650	0.3103	1.2880	0.5381	0.3139	1.2887	0.4342	0.2334	0.8293	0.4166	0.2582	0.8220	0.5399	0.1881	0.4574	0.6597	0.1865	0.4625	0.2787	0.1983	0.0615	0.6976	0.1415	0.0798	0.2285	0.1987	0.4508	0.6034	0.1949	0.4501	0.3308	0.2159	0.0689	0.6607	0.1642	0.0779	0.2596	0.1627	0.0364	0.6396	0.1128	0.0486	0.2655	0.3383	0.0379	0.7000	0.2877	0.0363	0.2543	0.1816	0.9567	0.4899	0.2336	0.0764	0.6239	0.1870	0.0759	0.2907	0.2093	0.4442	0.5472	0.2034	0.4376	0.3828
665	6.65	0.3488	0.8846	0.5645	0.3090	0.8962	0.3662	0.2628	0.4506	0.6211	0.2517	0.4790	0.3107	0.2446	0.3880	0.6271	0.2277	0.3929	0.2960	0.2171	0.2051	0.7052	0.2443	0.1528	0.6857	0.2726	0.1560	0.7287	0.1822	0.2140	0.2246	0.2006	0.1524	0.2370	0.2272	0.1580	0.1932	0.3289	0.8904	0.4653	0.3289	0.8904	0.4653	0.2402	0.0370	0.6663	0.1901	0.0432	0.2606	0.2056	0.2961	0.6266	0.1825	0.2993	0.3019	0.0159	-0.0053	0.0381	0.0095	-0.0003	-0.0374	0.3122	1.2883	0.4861	0.2159	0.6567	0.3775	0.0076	0.0264	-0.0467	0.2311	0.6531	0.5688	0.0130	0.0336	0.0450	-0.0529	-0.0171	-0.0867	-0.0501	-0.0254	0.0755	0.1795	-0.0476	0.1558	0.0622	0.0000	0.0000	0.0000	0.0000	0.0000	0.0038	0.0514	0.0000	-0.0660	-0.0368	-0.0525	-0.0642	-0.0387	0.0421	0.2074	-0.0348	-0.1334	0.0654	0.0000	0.0000	0.0000	0.0000	0.0000	0.0060	0.0512	0.0000	0.2001	1.3337	0.4830	0.3491	0.8845	0.5657	0.3087	0.8963	0.3650	0.3104	1.2880	0.5381	0.3140	1.2886	0.4341	0.2334	0.8292	0.4166	0.2582	0.8220	0.5399	0.1880	0.4574	0.6597	0.1865	0.4625	0.2787	0.1982	0.0615	0.6976	0.1415	0.0798	0.2285	0.1987	0.4508	0.6034	0.1949	0.4500	0.3308	0.2159	0.0689	0.6607	0.1642	0.0778	0.2596	0.1626	0.0364	0.6396	0.1127	0.0486	0.2655	0.3382	0.0378	0.7000	0.2877	0.0363	0.2543	0.1816	0.9567	0.4899	0.2336	0.0764	0.6238	0.1869	0.0759	0.2907	0.2093	0.4442	0.5472	0.2033	0.4376	0.3828
666	6.66	0.3489	0.8846	0.5644	0.3090	0.8962	0.3662	0.2628	0.4506	0.6211	0.2517	0.4790	0.3108	0.2446	0.3880	0.6271	0.2278	0.3929	0.2960	0.2171	0.2051	0.7052	0.2443	0.1528	0.6857	0.2726	0.1560	0.7287	0.1822	0.2140	0.2247	0.2006	0.1524	0.2370	0.2272	0.1580	0.1932	0.3290	0.8904	0.4653	0.3290	0.8904	0.4653	0.2402	0.0370	0.6663	0.1900	0.0432	0.2606	0.2056	0.2961	0.6267	0.1824	0.2993	0.3020	0.0159	-0.0053	0.0380	0.0095	-0.0003	-0.0374	0.3124	1.2883	0.4861	0.2159	0.6567	0.3775	0.0076	0.0264	-0.0467	0.2311	0.6531	0.5688	0.0130	0.0336	0.0450	-0.0529	-0.0170	-0.0867	-0.0501	-0.0254	0.0755	0.1795	-0.0476	0.1558	0.0622	0.0000	0.0000	0.0000	0.0000	0.0000	0.0038	0.0514	0.0000	-0.0659	-0.0368	-0.0525	-0.0642	-0.0387	0.0421	0.2074	-0.0348	-0.1334	0.0654	0.0000	0.0000	0.0000	0.0000	0.0000	0.0060	0.0512	0.0000	0.2002	1.3337	0.4829	0.3491	0.8845	0.5657	0.3088	0.8963	0.3650	0.3106	1.2879	0.5380	0.3141	1.2886	0.4341	0.2335	0.8292	0.4166	0.2583	0.8220	0.5399	0.1881	0.4574	0.6597	0.1865	0.4625	0.2787	0.1983	0.0615	0.6977	0.1414	0.0798	0.2285	0.1987	0.4508	0.6034	0.1949	0.4501	0.3308	0.2159	0.0689	0.6608	0.1642	0.0778	0.2596	0.1626	0.0364	0.6396	0.1127	0.0486	0.2655	0.3382	0.0378	0.7001	0.2877	0.0363	0.2543	0.1816	0.9567	0.4899	0.2335	0.0764	0.6239	0.1869	0.0759	0.2907	0.2093	0.4442	0.5472	0.2033	0.4376	0.3828
667	6.67	0.3490	0.8846	0.5644	0.3091	0.8962	0.3662	0.2628	0.4506	0.6212	0.2518	0.4790	0.3108	0.2447	0.3880	0.6271	0.2278	0.3929	0.2960	0.2171	0.2051	0.7052	0.2444	0.1528	0.6857	0.2726	0.1560	0.7287	0.1823	0.2140	0.2247	0.2006	0.1524	0.2370	0.2273	0.1580	0.1932	0.3291	0.8904	0.4653	0.3291	0.8904	0.4653	0.2403	0.0370	0.6664	0.1901	0.0431	0.2606	0.2057	0.2961	0.6267	0.1825	0.2993	0.3020	0.0159	-0.0053	0.0381	0.0094	-0.0003	-0.0374	0.3125	1.2882	0.4860	0.2160	0.6567	0.3775	0.0076	0.0265	-0.0467	0.2312	0.6531	0.5688	0.0131	0.0335	0.0450	-0.0528	-0.0168	-0.0867	-0.0501	-0.0254	0.0755	0.1795	-0.0476	0.1558	0.0622	0.0000	0.0000	0.0000	0.0000	0.0000	0.0038	0.0514	0.0000	-0.0659	-0.0367	-0.0525	-0.0642	-0.0387	0.0422	0.2074	-0.0348	-0.1334	0.0654	0.0000	0.0000	0.0000	0.0000	0.0000	0.0060	0.0512	0.0000	0.2004	1.3337	0.4829	0.3492	0.8845	0.5656	0.3089	0.8963	0.3650	0.3107	1.2879	0.5380	0.3143	1.2886	0.4340	0.2336	0.8292	0.4166	0.2584	0.8220	0.5399	0.1881	0.4573	0.6597	0.1865	0.4625	0.2788	0.1984	0.0616	0.6980	0.1414	0.0798	0.2285	0.1987	0.4508	0.6035	0.1950	0.4500	0.3308	0.2160	0.0690	0.6609	0.1642	0.0778	0.2596	0.1626	0.0364	0.6397	0.1127	0.0486	0.2655	0.3383	0.0378	0.7001	0.2877	0.0363	0.2543	0.1817	0.9566	0.4899	0.2335	0.0764	0.6239	0.1869	0.0758	0.2907	0.2093	0.4442	0.5472	0.2034	0.4375	0.3828
668	6.68	0.3490	0.8845	0.5644	0.3092	0.8962	0.3662	0.2628	0.4506	0.6212	0.2518	0.4789	0.3108	0.2446	0.3879	0.6271	0.2278	0.3928	0.2960	0.2171	0.2051	0.7053	0.2443	0.1527	0.6857	0.2726	0.1559	0.7287	0.1823	0.2139	0.2247	0.2006	0.1524	0.2371	0.2272	0.1579	0.1932	0.3291	0.8903	0.4653	0.3291	0.8903	0.4653	0.2402	0.0370	0.6664	0.1901	0.0431	0.2606	0.2057	0.2961	0.6267	0.1825	0.2993	0.3020	0.0159	-0.0053	0.0381	0.0094	-0.0003	-0.0374	0.3126	1.2882	0.4860	0.2160	0.6566	0.3776	0.0076	0.0265	-0.0467	0.2313	0.6530	0.5688	0.0131	0.0336	0.0450	-0.0528	-0.0168	-0.0867	-0.0501	-0.0254	0.0755	0.1795	-0.0475	0.1558	0.0622	0.0000	0.0000	0.0000	0.0000	0.0000	0.0038	0.0514	0.0000	-0.0659	-0.0367	-0.0525	-0.0642	-0.0388	0.0422	0.2074	-0.0347	-0.1334	0.0654	0.0000	0.0000	0.0000	0.0000	0.0000	0.0060	0.0512	0.0000	0.2005	1.3337	0.4829	0.3493	0.8845	0.5657	0.3089	0.8962	0.3650	0.3109	1.2878	0.5380	0.3144	1.2885	0.4340	0.2336	0.8292	0.4166	0.2584	0.8219	0.5399	0.1881	0.4573	0.6597	0.1865	0.4625	0.2788	0.1984	0.0615	0.6979	0.1414	0.0798	0.2285	0.1987	0.4507	0.6035	0.1949	0.4500	0.3308	0.2160	0.0689	0.6609	0.1642	0.0778	0.2596	0.1626	0.0363	0.6397	0.1127	0.0485	0.2655	0.3382	0.0378	0.7001	0.2877	0.0362	0.2543	0.1818	0.9566	0.4899	0.2335	0.0763	0.6239	0.1869	0.0758	0.2907	0.2094	0.4442	0.5472	0.2034	0.4375	0.3828
669	6.69	0.3490	0.8845	0.5645	0.3092	0.8961	0.3662	0.2628	0.4505	0.6212	0.2518	0.4789	0.3108	0.2446	0.3879	0.6271	0.2278	0.3928	0.2960	0.2171	0.2050	0.7053	0.2443	0.1527	0.6857	0.2726	0.1559	0.7288	0.1822	0.2139	0.2247	0.2006	0.1524	0.2371	0.2272	0.1579	0.1932	0.3291	0.8903	0.4653	0.3291	0.8903	0.4653	0.2402	0.0369	0.6664	0.1900	0.0431	0.2606	0.2057	0.2961	0.6267	0.1825	0.2992	0.3020	0.0160	-0.0053	0.0381	0.0094	-0.0003	-0.0374	0.3127	1.2881	0.4859	0.2160	0.6566	0.3776	0.0076	0.0264	-0.0467	0.2313	0.6530	0.5688	0.0131	0.0336	0.0450	-0.0529	-0.0169	-0.0867	-0.0501	-0.0254	0.0755	0.1795	-0.0475	0.1558	0.0622	0.0000	0.0000	0.0000	0.0000	0.0000	0.0038	0.0514	0.0000	-0.0659	-0.0367	-0.0525	-0.0642	-0.0388	0.0422	0.2074	-0.0348	-0.1334	0.0654	0.0000	0.0000	0.0000	0.0000	0.0000	0.0060	0.0512	0.0000	0.2006	1.3337	0.4829	0.3493	0.8844	0.5657	0.3089	0.8962	0.3650	0.3110	1.2878	0.5379	0.3145	1.2884	0.4339	0.2336	0.8291	0.4166	0.2584	0.8219	0.5399	0.1881	0.4573	0.6597	0.1865	0.4625	0.2788	0.1983	0.0614	0.6978	0.1414	0.0798	0.2285	0.1987	0.4507	0.6035	0.1949	0.4500	0.3308	0.2159	0.0689	0.6609	0.1641	0.0778	0.2596	0.1626	0.0363	0.6397	0.1127	0.0485	0.2655	0.3382	0.0377	0.7001	0.2877	0.0362	0.2544	0.1818	0.9566	0.4899	0.2335	0.0763	0.6239	0.1869	0.0758	0.2907	0.2093	0.4442	0.5472	0.2033	0.4375	0.3829
670	6.70	0.3491	0.8845	0.5644	0.3093	0.8961	0.3662	0.2629	0.4506	0.6212	0.2518	0.4789	0.3108	0.2447	0.3879	0.6271	0.2279	0.3928	0.2960	0.2171	0.2051	0.7053	0.2444	0.1527	0.6857	0.2726	0.1559	0.7287	0.1823	0.2140	0.2247	0.2006	0.1524	0.2370	0.2272	0.1580	0.1932	0.3292	0.8903	0.4653	0.3292	0.8903	0.4653	0.2402	0.0370	0.6664	0.1901	0.0431	0.2606	0.2057	0.2961	0.6267	0.1825	0.2993	0.3020	0.0160	-0.0053	0.0381	0.0094	-0.0003	-0.0374	0.3129	1.2881	0.4859	0.2161	0.6567	0.3776	0.0076	0.0264	-0.0467	0.2313	0.6531	0.5688	0.0131	0.0335	0.0450	-0.0528	-0.0169	-0.0867	-0.0501	-0.0254	0.0754	0.1795	-0.0475	0.1558	0.0622	0.0000	0.0000	0.0000	0.0000	0.0000	0.0038	0.0514	0.0000	-0.0659	-0.0367	-0.0525	-0.0643	-0.0388	0.0421	0.2074	-0.0348	-0.1334	0.0654	0.0000	0.0000	0.0000	0.0000	0.0000	0.0060	0.0512	0.0000	0.2009	1.3337	0.4828	0.3494	0.8845	0.5656	0.3090	0.8962	0.3650	0.3112	1.2878	0.5379	0.3147	1.2884	0.4339	0.2337	0.8292	0.4166	0.2585	0.8220	0.5399	0.1882	0.4573	0.6597	0.1866	0.4625	0.2788	0.1983	0.0615	0.6979	0.1414	0.0798	0.2285	0.1988	0.4508	0.6035	0.1950	0.4500	0.3308	0.2160	0.0689	0.6609	0.1642	0.0778	0.2596	0.1626	0.0363	0.6397	0.1127	0.0485	0.2656	0.3382	0.0378	0.7001	0.2877	0.0362	0.2544	0.1820	0.9566	0.4899	0.2336	0.0763	0.6239	0.1869	0.0758	0.2907	0.2094	0.4442	0.5472	0.2034	0.4375	0.3829
671	6.71	0.3492	0.8846	0.5644	0.3093	0.8962	0.3662	0.2630	0.4507	0.6212	0.2519	0.4790	0.3107	0.2448	0.3880	0.6271	0.2279	0.3929	0.2960	0.2171	0.2052	0.7052	0.2444	0.1528	0.6857	0.2726	0.1560	0.7287	0.1823	0.2140	0.2246	0.2006	0.1525	0.2370	0.2272	0.1580	0.1932	0.3293	0.8904	0.4653	0.3293	0.8904	0.4653	0.2402	0.0370	0.6663	0.1901	0.0432	0.2606	0.2058	0.2962	0.6267	0.1826	0.2993	0.3020	0.0159	-0.0053	0.0381	0.0095	-0.0003	-0.0374	0.3131	1.2882	0.4858	0.2161	0.6567	0.3776	0.0076	0.0264	-0.0466	0.2314	0.6531	0.5688	0.0130	0.0335	0.0450	-0.0529	-0.0170	-0.0867	-0.0501	-0.0254	0.0754	0.1795	-0.0476	0.1558	0.0622	0.0000	0.0000	0.0000	0.0000	0.0000	0.0038	0.0514	0.0000	-0.0660	-0.0368	-0.0525	-0.0642	-0.0387	0.0421	0.2074	-0.0348	-0.1334	0.0654	0.0000	0.0000	0.0000	0.0000	0.0000	0.0060	0.0512	0.0000	0.2010	1.3338	0.4828	0.3495	0.8845	0.5656	0.3091	0.8962	0.3650	0.3114	1.2879	0.5378	0.3148	1.2884	0.4338	0.2338	0.8292	0.4166	0.2586	0.8220	0.5399	0.1883	0.4574	0.6597	0.1866	0.4625	0.2788	0.1983	0.0615	0.6977	0.1415	0.0798	0.2285	0.1988	0.4508	0.6035	0.1950	0.4501	0.3308	0.2159	0.0690	0.6607	0.1642	0.0779	0.2596	0.1626	0.0364	0.6397	0.1127	0.0486	0.2655	0.3382	0.0379	0.7000	0.2877	0.0363	0.2543	0.1820	0.9567	0.4899	0.2336	0.0764	0.6238	0.1870	0.0759	0.2907	0.2094	0.4442	0.5472	0.2035	0.4376	0.3828
672	6.72	0.3493	0.8846	0.5644	0.3094	0.8962	0.3662	0.2630	0.4507	0.6211	0.2519	0.4790	0.3107	0.2448	0.3881	0.6270	0.2279	0.3929	0.2960	0.2172	0.2052	0.7052	0.2444	0.1529	0.6857	0.2727	0.1561	0.7287	0.1823	0.2140	0.2247	0.2006	0.1525	0.2371	0.2272	0.1580	0.1932	0.3293	0.8904	0.4653	0.3293	0.8904	0.4653	0.2403	0.0371	0.6663	0.1901	0.0433	0.2605	0.2058	0.2962	0.6267	0.1826	0.2994	0.3019	0.0159	-0.0053	0.0380	0.0095	-0.0003	-0.0374	0.3132	1.2882	0.4858	0.2162	0.6568	0.3776	0.0077	0.0264	-0.0466	0.2314	0.6532	0.5688	0.0130	0.0336	0.0450	-0.0529	-0.0171	-0.0867	-0.0500	-0.0253	0.0755	0.1795	-0.0476	0.1558	0.0622	0.0000	0.0000	0.0000	0.0000	0.0000	0.0038	0.0514	0.0000	-0.0660	-0.0368	-0.0526	-0.0641	-0.0387	0.0421	0.2074	-0.0347	-0.1335	0.0654	0.0000	0.0000	0.0000	0.0000	0.0000	0.0060	0.0512	0.0000	0.2011	1.3339	0.4827	0.3495	0.8845	0.5656	0.3092	0.8962	0.3650	0.3115	1.2879	0.5378	0.3149	1.2884	0.4338	0.2338	0.8293	0.4166	0.2586	0.8221	0.5399	0.1883	0.4575	0.6597	0.1866	0.4625	0.2788	0.1983	0.0616	0.6976	0.1415	0.0799	0.2285	0.1989	0.4508	0.6035	0.1951	0.4501	0.3308	0.2159	0.0690	0.6607	0.1642	0.0780	0.2596	0.1626	0.0365	0.6396	0.1127	0.0488	0.2654	0.3383	0.0379	0.7000	0.2877	0.0364	0.2543	0.1821	0.9568	0.4899	0.2336	0.0763	0.6239	0.1870	0.0760	0.2907	0.2095	0.4442	0.5472	0.2036	0.4377	0.3828
673	6.73	0.3493	0.8845	0.5644	0.3094	0.8960	0.3663	0.2631	0.4507	0.6211	0.2519	0.4789	0.3108	0.2449	0.3881	0.6270	0.2280	0.3929	0.2960	0.2172	0.2052	0.7052	0.2445	0.1529	0.6857	0.2727	0.1561	0.7287	0.1823	0.2140	0.2247	0.2007	0.1525	0.2371	0.2273	0.1580	0.1932	0.3293	0.8903	0.4654	0.3293	0.8903	0.4654	0.2403	0.0371	0.6663	0.1901	0.0433	0.2605	0.2058	0.2962	0.6267	0.1827	0.2994	0.3019	0.0159	-0.0053	0.0381	0.0095	-0.0003	-0.0374	0.3134	1.2881	0.4857	0.2162	0.6568	0.3776	0.0077	0.0264	-0.0466	0.2314	0.6532	0.5689	0.0129	0.0336	0.0450	-0.0528	-0.0170	-0.0867	-0.0500	-0.0253	0.0754	0.1795	-0.0476	0.1559	0.0622	0.0000	0.0000	0.0000	0.0000	0.0000	0.0038	0.0514	0.0000	-0.0660	-0.0368	-0.0526	-0.0641	-0.0386	0.0421	0.2074	-0.0347	-0.1335	0.0654	0.0000	0.0000	0.0000	0.0000	0.0000	0.0060	0.0512	0.0000	0.2013	1.3339	0.4827	0.3496	0.8844	0.5657	0.3091	0.8961	0.3650	0.3117	1.2879	0.5377	0.3151	1.2883	0.4338	0.2337	0.8293	0.4168	0.2586	0.8221	0.5400	0.1884	0.4575	0.6597	0.1866	0.4625	0.2788	0.1984	0.0616	0.6977	0.1415	0.0799	0.2284	0.1990	0.4508	0.6035	0.1951	0.4501	0.3308	0.2160	0.0690	0.6608	0.1643	0.0780	0.2596	0.1627	0.0365	0.6396	0.1128	0.0488	0.2654	0.3383	0.0379	0.7000	0.2878	0.0364	0.2543	0.1822	0.9569	0.4898	0.2336	0.0763	0.6238	0.1871	0.0760	0.2907	0.2095	0.4442	0.5472	0.2036	0.4378	0.3828
674	6.74	0.3494	0.8845	0.5644	0.3093	0.8960	0.3665	0.2632	0.4507	0.6211	0.2519	0.4789	0.3108	0.2450	0.3881	0.6270	0.2280	0.3929	0.2960	0.2173	0.2052	0.7052	0.2445	0.1529	0.6857	0.2727	0.1560	0.7287	0.1823	0.2140	0.2247	0.2006	0.1525	0.2371	0.2273	0.1580	0.1932	0.3293	0.8902	0.4654	0.3293	0.8902	0.4654	0.2403	0.0371	0.6663	0.1901	0.0433	0.2605	0.2059	0.2962	0.6267	0.1827	0.2994	0.3020	0.0159	-0.0054	0.0382	0.0095	-0.0003	-0.0374	0.3135	1.2881	0.4857	0.2161	0.6567	0.3778	0.0077	0.0265	-0.0466	0.2315	0.6532	0.5690	0.0129	0.0335	0.0450	-0.0528	-0.0167	-0.0867	-0.0500	-0.0253	0.0754	0.1795	-0.0476	0.1558	0.0622	0.0000	0.0000	0.0000	0.0000	0.0000	0.0038	0.0514	0.0000	-0.0659	-0.0367	-0.0526	-0.0641	-0.0386	0.0420	0.2074	-0.0347	-0.1335	0.0654	0.0000	0.0000	0.0000	0.0000	0.0000	0.0060	0.0512	0.0000	0.2015	1.3339	0.4827	0.3497	0.8844	0.5657	0.3090	0.8960	0.3651	0.3119	1.2879	0.5377	0.3152	1.2883	0.4337	0.2336	0.8292	0.4169	0.2586	0.8221	0.5402	0.1885	0.4575	0.6597	0.1866	0.4625	0.2788	0.1985	0.0617	0.6980	0.1415	0.0799	0.2285	0.1990	0.4508	0.6035	0.1952	0.4501	0.3308	0.2160	0.0690	0.6609	0.1643	0.0780	0.2596	0.1627	0.0365	0.6396	0.1128	0.0488	0.2655	0.3383	0.0379	0.7000	0.2878	0.0364	0.2543	0.1823	0.9568	0.4899	0.2336	0.0764	0.6238	0.1871	0.0760	0.2907	0.2095	0.4442	0.5472	0.2037	0.4377	0.3828
675	6.75	0.3495	0.8845	0.5644	0.3096	0.8961	0.3663	0.2632	0.4507	0.6211	0.2520	0.4789	0.3108	0.2450	0.3881	0.6270	0.2280	0.3929	0.2960	0.2173	0.2052	0.7052	0.2445	0.1528	0.6857	0.2727	0.1560	0.7287	0.1823	0.2140	0.2247	0.2007	0.1525	0.2371	0.2273	0.1580	0.1932	0.3295	0.8903	0.4653	0.3295	0.8903	0.4653	0.2403	0.0371	0.6663	0.1901	0.0433	0.2605	0.2059	0.2962	0.6267	0.1827	0.2994	0.3019	0.0159	-0.0054	0.0381	0.0095	-0.0003	-0.0374	0.3137	1.2881	0.4857	0.2163	0.6567	0.3776	0.0076	0.0265	-0.0466	0.2316	0.6531	0.5688	0.0130	0.0335	0.0450	-0.0527	-0.0167	-0.0867	-0.0500	-0.0254	0.0754	0.1795	-0.0477	0.1558	0.0622	0.0000	0.0000	0.0000	0.0000	0.0000	0.0038	0.0514	0.0000	-0.0659	-0.0366	-0.0526	-0.0641	-0.0387	0.0421	0.2074	-0.0347	-0.1335	0.0654	0.0000	0.0000	0.0000	0.0000	0.0000	0.0060	0.0512	0.0000	0.2016	1.3339	0.4826	0.3498	0.8844	0.5656	0.3093	0.8961	0.3650	0.3120	1.2879	0.5377	0.3153	1.2883	0.4337	0.2339	0.8292	0.4167	0.2588	0.8220	0.5400	0.1885	0.4575	0.6597	0.1867	0.4626	0.2788	0.1984	0.0617	0.6980	0.1415	0.0799	0.2285	0.1990	0.4508	0.6034	0.1952	0.4501	0.3308	0.2160	0.0690	0.6609	0.1643	0.0780	0.2596	0.1626	0.0365	0.6396	0.1127	0.0488	0.2655	0.3383	0.0379	0.7000	0.2877	0.0363	0.2543	0.1824	0.9568	0.4898	0.2335	0.0764	0.6239	0.1870	0.0760	0.2907	0.2095	0.4442	0.5472	0.2037	0.4377	0.3828
676	6.76	0.3496	0.8845	0.5644	0.3098	0.8961	0.3662	0.2632	0.4506	0.6211	0.2521	0.4789	0.3108	0.2450	0.3880	0.6270	0.2281	0.3929	0.2960	0.2172	0.2051	0.7052	0.2445	0.1528	0.6857	0.2727	0.1560	0.7287	0.1824	0.2140	0.2247	0.2007	0.1524	0.2371	0.2273	0.1580	0.1932	0.3297	0.8903	0.4653	0.3297	0.8903	0.4653	0.2403	0.0370	0.6663	0.1901	0.0432	0.2606	0.2059	0.2962	0.6267	0.1827	0.2993	0.3019	0.0159	-0.0053	0.0382	0.0095	-0.0003	-0.0374	0.3138	1.2880	0.4857	0.2164	0.6567	0.3775	0.0076	0.0265	-0.0466	0.2317	0.6531	0.5688	0.0130	0.0335	0.0450	-0.0527	-0.0167	-0.0867	-0.0500	-0.0254	0.0755	0.1795	-0.0476	0.1558	0.0622	0.0000	0.0000	0.0000	0.0000	0.0000	0.0038	0.0514	0.0000	-0.0659	-0.0366	-0.0525	-0.0642	-0.0387	0.0422	0.2074	-0.0347	-0.1335	0.0654	0.0000	0.0000	0.0000	0.0000	0.0000	0.0060	0.0512	0.0000	0.2017	1.3338	0.4826	0.3499	0.8844	0.5656	0.3095	0.8961	0.3650	0.3121	1.2878	0.5377	0.3155	1.2883	0.4337	0.2341	0.8292	0.4166	0.2589	0.8220	0.5399	0.1884	0.4574	0.6597	0.1868	0.4625	0.2788	0.1984	0.0616	0.6980	0.1415	0.0799	0.2285	0.1990	0.4508	0.6034	0.1952	0.4501	0.3308	0.2160	0.0690	0.6609	0.1642	0.0779	0.2596	0.1626	0.0364	0.6396	0.1127	0.0487	0.2655	0.3383	0.0378	0.7000	0.2877	0.0363	0.2543	0.1825	0.9567	0.4898	0.2336	0.0763	0.6239	0.1870	0.0759	0.2907	0.2096	0.4442	0.5472	0.2036	0.4376	0.3828
677	6.77	0.3497	0.8844	0.5644	0.3098	0.8960	0.3662	0.2631	0.4505	0.6212	0.2521	0.4789	0.3108	0.2449	0.3878	0.6271	0.2281	0.3928	0.2960	0.2172	0.2051	0.7052	0.2444	0.1527	0.6857	0.2727	0.1559	0.7287	0.1823	0.2140	0.2247	0.2007	0.1524	0.2371	0.2273	0.1580	0.1932	0.3297	0.8902	0.4653	0.3297	0.8902	0.4653	0.2402	0.0369	0.6664	0.1901	0.0431	0.2606	0.2059	0.2961	0.6267	0.1826	0.2993	0.3020	0.0160	-0.0053	0.0382	0.0094	-0.0003	-0.0374	0.3139	1.2879	0.4857	0.2164	0.6566	0.3775	0.0076	0.0264	-0.0467	0.2317	0.6530	0.5688	0.0131	0.0336	0.0450	-0.0527	-0.0167	-0.0867	-0.0501	-0.0254	0.0755	0.1795	-0.0475	0.1558	0.0622	0.0000	0.0000	0.0000	0.0000	0.0000	0.0038	0.0514	0.0000	-0.0659	-0.0366	-0.0524	-0.0643	-0.0388	0.0422	0.2074	-0.0347	-0.1335	0.0654	0.0000	0.0000	0.0000	0.0000	0.0000	0.0060	0.0512	0.0000	0.2019	1.3337	0.4826	0.3499	0.8843	0.5656	0.3096	0.8961	0.3650	0.3122	1.2877	0.5377	0.3156	1.2882	0.4337	0.2342	0.8291	0.4166	0.2590	0.8219	0.5399	0.1884	0.4573	0.6597	0.1868	0.4625	0.2788	0.1984	0.0616	0.6981	0.1415	0.0798	0.2285	0.1990	0.4508	0.6034	0.1952	0.4500	0.3308	0.2160	0.0690	0.6609	0.1642	0.0778	0.2596	0.1626	0.0363	0.6397	0.1127	0.0486	0.2656	0.3382	0.0377	0.7001	0.2877	0.0362	0.2544	0.1826	0.9566	0.4899	0.2337	0.0763	0.6238	0.1869	0.0758	0.2907	0.2096	0.4442	0.5472	0.2036	0.4375	0.3828
678	6.78	0.3497	0.8844	0.5644	0.3099	0.8960	0.3662	0.2631	0.4504	0.6212	0.2521	0.4789	0.3107	0.2449	0.3878	0.6271	0.2281	0.3928	0.2960	0.2172	0.2050	0.7053	0.2444	0.1526	0.6858	0.2726	0.1558	0.7287	0.1823	0.2140	0.2247	0.2007	0.1524	0.2371	0.2273	0.1580	0.1932	0.3298	0.8902	0.4653	0.3298	0.8902	0.4653	0.2402	0.0369	0.6664	0.1901	0.0431	0.2606	0.2059	0.2961	0.6267	0.1826	0.2992	0.3020	0.0160	-0.0053	0.0382	0.0094	-0.0004	-0.0374	0.3140	1.2879	0.4857	0.2165	0.6566	0.3775	0.0075	0.0265	-0.0467	0.2318	0.6530	0.5688	0.0131	0.0335	0.0450	-0.0528	-0.0167	-0.0866	-0.0502	-0.0254	0.0755	0.1795	-0.0475	0.1557	0.0622	0.0000	0.0000	0.0000	0.0000	0.0000	0.0038	0.0514	0.0000	-0.0659	-0.0367	-0.0524	-0.0643	-0.0388	0.0422	0.2074	-0.0347	-0.1335	0.0654	0.0000	0.0000	0.0000	0.0000	0.0000	0.0060	0.0512	0.0000	0.2021	1.3337	0.4826	0.3500	0.8844	0.5656	0.3096	0.8961	0.3649	0.3123	1.2876	0.5377	0.3157	1.2882	0.4336	0.2343	0.8291	0.4165	0.2591	0.8219	0.5398	0.1885	0.4573	0.6597	0.1868	0.4626	0.2787	0.1984	0.0615	0.6981	0.1414	0.0798	0.2286	0.1990	0.4507	0.6034	0.1952	0.4500	0.3308	0.2160	0.0689	0.6610	0.1641	0.0778	0.2597	0.1626	0.0363	0.6397	0.1127	0.0485	0.2656	0.3382	0.0377	0.7001	0.2877	0.0362	0.2544	0.1827	0.9565	0.4899	0.2336	0.0763	0.6239	0.1869	0.0758	0.2907	0.2096	0.4442	0.5472	0.2036	0.4375	0.3829
679	6.79	0.3499	0.8844	0.5643	0.3100	0.8961	0.3661	0.2632	0.4505	0.6212	0.2522	0.4789	0.3107	0.2450	0.3879	0.6271	0.2282	0.3929	0.2960	0.2172	0.2051	0.7052	0.2445	0.1527	0.6857	0.2727	0.1559	0.7287	0.1824	0.2140	0.2246	0.2007	0.1525	0.2370	0.2273	0.1580	0.1932	0.3299	0.8903	0.4652	0.3299	0.8903	0.4652	0.2402	0.0370	0.6664	0.1901	0.0431	0.2606	0.2059	0.2961	0.6267	0.1827	0.2993	0.3020	0.0160	-0.0053	0.0381	0.0095	-0.0004	-0.0374	0.3142	1.2879	0.4856	0.2166	0.6567	0.3775	0.0076	0.0265	-0.0467	0.2319	0.6530	0.5687	0.0131	0.0335	0.0450	-0.0528	-0.0168	-0.0867	-0.0502	-0.0254	0.0755	0.1795	-0.0475	0.1558	0.0622	0.0000	0.0000	0.0000	0.0000	0.0000	0.0038	0.0514	0.0000	-0.0659	-0.0367	-0.0525	-0.0643	-0.0388	0.0422	0.2074	-0.0348	-0.1334	0.0654	0.0000	0.0000	0.0000	0.0000	0.0000	0.0061	0.0513	0.0000	0.2023	1.3337	0.4826	0.3501	0.8844	0.5656	0.3098	0.8961	0.3649	0.3125	1.2877	0.5377	0.3159	1.2882	0.4336	0.2344	0.8291	0.4165	0.2592	0.8219	0.5398	0.1885	0.4573	0.6597	0.1869	0.4626	0.2787	0.1984	0.0615	0.6980	0.1415	0.0798	0.2285	0.1991	0.4508	0.6034	0.1953	0.4500	0.3308	0.2160	0.0689	0.6609	0.1642	0.0778	0.2596	0.1626	0.0363	0.6397	0.1128	0.0486	0.2656	0.3382	0.0377	0.7001	0.2877	0.0362	0.2544	0.1828	0.9566	0.4899	0.2336	0.0763	0.6238	0.1869	0.0758	0.2907	0.2097	0.4442	0.5472	0.2037	0.4375	0.3828
680	6.80	0.3500	0.8844	0.5643	0.3101	0.8960	0.3661	0.2633	0.4506	0.6211	0.2522	0.4789	0.3107	0.2451	0.3880	0.6270	0.2282	0.3928	0.2960	0.2173	0.2051	0.7052	0.2445	0.1528	0.6857	0.2727	0.1559	0.7287	0.1824	0.2140	0.2246	0.2007	0.1524	0.2370	0.2274	0.1580	0.1932	0.3301	0.8902	0.4652	0.3301	0.8902	0.4652	0.2403	0.0370	0.6663	0.1901	0.0432	0.2605	0.2060	0.2961	0.6266	0.1827	0.2993	0.3019	0.0159	-0.0053	0.0381	0.0095	-0.0003	-0.0374	0.3143	1.2879	0.4855	0.2167	0.6567	0.3775	0.0076	0.0265	-0.0466	0.2319	0.6531	0.5687	0.0130	0.0335	0.0450	-0.0529	-0.0170	-0.0867	-0.0501	-0.0253	0.0755	0.1795	-0.0476	0.1558	0.0622	0.0000	0.0000	0.0000	0.0000	0.0000	0.0038	0.0514	0.0000	-0.0660	-0.0368	-0.0525	-0.0642	-0.0387	0.0422	0.2074	-0.0348	-0.1335	0.0654	0.0000	0.0000	0.0000	0.0000	0.0000	0.0061	0.0512	0.0000	0.2024	1.3338	0.4825	0.3502	0.8844	0.5655	0.3099	0.8961	0.3649	0.3127	1.2877	0.5376	0.3160	1.2881	0.4335	0.2345	0.8292	0.4165	0.2593	0.8220	0.5398	0.1886	0.4574	0.6596	0.1869	0.4626	0.2787	0.1983	0.0615	0.6977	0.1415	0.0799	0.2285	0.1992	0.4508	0.6034	0.1953	0.4501	0.3307	0.2160	0.0689	0.6607	0.1642	0.0779	0.2596	0.1626	0.0364	0.6396	0.1127	0.0487	0.2655	0.3383	0.0378	0.7000	0.2877	0.0363	0.2543	0.1829	0.9567	0.4898	0.2337	0.0763	0.6238	0.1870	0.0759	0.2907	0.2097	0.4442	0.5472	0.2038	0.4376	0.3827
681	6.81	0.3500	0.8844	0.5643	0.3101	0.8959	0.3663	0.2634	0.4506	0.6210	0.2522	0.4789	0.3107	0.2450	0.3879	0.6268	0.2282	0.3928	0.2960	0.2173	0.2052	0.7052	0.2445	0.1528	0.6856	0.2728	0.1560	0.7286	0.1824	0.2140	0.2246	0.2007	0.1524	0.2370	0.2274	0.1579	0.1932	0.3301	0.8902	0.4653	0.3301	0.8902	0.4653	0.2403	0.0371	0.6663	0.1901	0.0433	0.2605	0.2060	0.2962	0.6266	0.1828	0.2994	0.3019	0.0159	-0.0053	0.0380	0.0095	-0.0003	-0.0374	0.3145	1.2879	0.4855	0.2166	0.6567	0.3776	0.0077	0.0265	-0.0466	0.2319	0.6531	0.5688	0.0130	0.0336	0.0450	-0.0529	-0.0171	-0.0867	-0.0500	-0.0253	0.0755	0.1795	-0.0479	0.1557	0.0622	0.0000	0.0000	0.0000	0.0000	0.0000	0.0038	0.0514	0.0000	-0.0660	-0.0368	-0.0526	-0.0642	-0.0387	0.0421	0.2074	-0.0348	-0.1335	0.0654	0.0000	0.0000	0.0000	0.0000	0.0000	0.0060	0.0512	0.0000	0.2025	1.3338	0.4824	0.3503	0.8843	0.5656	0.3098	0.8960	0.3650	0.3128	1.2877	0.5376	0.3161	1.2881	0.4335	0.2344	0.8292	0.4167	0.2593	0.8220	0.5400	0.1886	0.4575	0.6596	0.1869	0.4626	0.2787	0.1983	0.0616	0.6976	0.1415	0.0799	0.2284	0.1992	0.4508	0.6034	0.1954	0.4501	0.3307	0.2159	0.0689	0.6607	0.1643	0.0779	0.2595	0.1626	0.0365	0.6396	0.1127	0.0488	0.2654	0.3383	0.0379	0.7000	0.2877	0.0363	0.2543	0.1830	0.9568	0.4897	0.2336	0.0763	0.6239	0.1870	0.0760	0.2907	0.2097	0.4442	0.5471	0.2038	0.4377	0.3827
682	6.82	0.3502	0.8844	0.5643	0.3100	0.8959	0.3664	0.2634	0.4506	0.6210	0.2523	0.4789	0.3107	0.2447	0.3879	0.6266	0.2282	0.3929	0.2959	0.2174	0.2052	0.7052	0.2446	0.1528	0.6856	0.2728	0.1560	0.7286	0.1824	0.2140	0.2246	0.2007	0.1525	0.2370	0.2274	0.1580	0.1932	0.3301	0.8902	0.4653	0.3301	0.8902	0.4653	0.2403	0.0371	0.6663	0.1901	0.0433	0.2605	0.2060	0.2962	0.6266	0.1828	0.2994	0.3019	0.0159	-0.0053	0.0381	0.0095	-0.0003	-0.0374	0.3146	1.2879	0.4855	0.2167	0.6567	0.3776	0.0077	0.0265	-0.0466	0.2320	0.6531	0.5689	0.0129	0.0336	0.0450	-0.0529	-0.0170	-0.0867	-0.0500	-0.0253	0.0754	0.1794	-0.0483	0.1556	0.0622	0.0000	0.0000	0.0000	0.0000	0.0000	0.0038	0.0514	0.0000	-0.0660	-0.0368	-0.0526	-0.0642	-0.0387	0.0421	0.2074	-0.0347	-0.1335	0.0654	0.0000	0.0000	0.0000	0.0000	0.0000	0.0060	0.0512	0.0000	0.2027	1.3339	0.4825	0.3504	0.8843	0.5656	0.3098	0.8960	0.3651	0.3130	1.2878	0.5376	0.3163	1.2881	0.4335	0.2344	0.8292	0.4169	0.2593	0.8220	0.5401	0.1887	0.4575	0.6596	0.1870	0.4626	0.2787	0.1984	0.0616	0.6977	0.1416	0.0799	0.2284	0.1992	0.4508	0.6034	0.1955	0.4502	0.3307	0.2160	0.0690	0.6608	0.1643	0.0780	0.2596	0.1627	0.0365	0.6396	0.1128	0.0488	0.2654	0.3383	0.0379	0.7000	0.2877	0.0363	0.2543	0.1831	0.9568	0.4897	0.2336	0.0764	0.6238	0.1871	0.0760	0.2907	0.2098	0.4442	0.5471	0.2039	0.4378	0.3827
683	6.83	0.3503	0.8844	0.5643	0.3104	0.8960	0.3661	0.2635	0.4507	0.6210	0.2523	0.4789	0.3107	0.2448	0.3879	0.6266	0.2283	0.3929	0.2959	0.2174	0.2052	0.7052	0.2446	0.1528	0.6856	0.2728	0.1560	0.7286	0.1824	0.2140	0.2246	0.2007	0.1525	0.2370	0.2274	0.1580	0.1931	0.3303	0.8902	0.4652	0.3303	0.8902	0.4652	0.2403	0.0371	0.6663	0.1901	0.0433	0.2605	0.2061	0.2962	0.6266	0.1829	0.2994	0.3019	0.0159	-0.0053	0.0381	0.0095	-0.0003	-0.0374	0.3148	1.2879	0.4855	0.2169	0.6568	0.3775	0.0077	0.0265	-0.0466	0.2321	0.6531	0.5687	0.0130	0.0335	0.0450	-0.0528	-0.0168	-0.0867	-0.0501	-0.0253	0.0754	0.1794	-0.0482	0.1556	0.0622	0.0000	0.0000	0.0000	0.0000	0.0000	0.0039	0.0514	0.0000	-0.0660	-0.0367	-0.0526	-0.0642	-0.0387	0.0420	0.2074	-0.0347	-0.1334	0.0654	0.0000	0.0000	0.0000	0.0000	0.0000	0.0060	0.0512	0.0000	0.2029	1.3339	0.4825	0.3505	0.8843	0.5655	0.3101	0.8961	0.3649	0.3132	1.2878	0.5376	0.3164	1.2881	0.4335	0.2347	0.8292	0.4166	0.2595	0.8220	0.5398	0.1888	0.4575	0.6596	0.1870	0.4626	0.2787	0.1984	0.0617	0.6978	0.1416	0.0799	0.2285	0.1993	0.4509	0.6034	0.1955	0.4502	0.3307	0.2160	0.0690	0.6608	0.1643	0.0780	0.2596	0.1627	0.0365	0.6396	0.1128	0.0488	0.2655	0.3383	0.0379	0.7000	0.2878	0.0363	0.2543	0.1833	0.9568	0.4897	0.2337	0.0764	0.6238	0.1871	0.0760	0.2907	0.2098	0.4442	0.5471	0.2040	0.4378	0.3827
684	6.84	0.3504	0.8844	0.5643	0.3105	0.8960	0.3661	0.2635	0.4506	0.6210	0.2524	0.4789	0.3106	0.2452	0.3880	0.6268	0.2283	0.3929	0.2959	0.2174	0.2052	0.7052	0.2446	0.1528	0.6856	0.2728	0.1560	0.7286	0.1825	0.2140	0.2246	0.2008	0.1525	0.2370	0.2274	0.1580	0.1931	0.3305	0.8902	0.4652	0.3305	0.8902	0.4652	0.2403	0.0371	0.6662	0.1901	0.0433	0.2605	0.2061	0.2962	0.6266	0.1829	0.2994	0.3019	0.0159	-0.0053	0.0381	0.0095	-0.0003	-0.0374	0.3149	1.2879	0.4855	0.2170	0.6568	0.3774	0.0077	0.0265	-0.0466	0.2322	0.6531	0.5687	0.0130	0.0335	0.0450	-0.0529	-0.0170	-0.0867	-0.0501	-0.0253	0.0754	0.1795	-0.0478	0.1558	0.0622	0.0000	0.0000	0.0000	0.0000	0.0000	0.0039	0.0514	0.0000	-0.0660	-0.0368	-0.0525	-0.0642	-0.0387	0.0421	0.2074	-0.0347	-0.1335	0.0654	0.0000	0.0000	0.0000	0.0000	0.0000	0.0060	0.0513	0.0000	0.2030	1.3339	0.4824	0.3506	0.8843	0.5655	0.3103	0.8961	0.3648	0.3133	1.2878	0.5375	0.3165	1.2880	0.4335	0.2348	0.8292	0.4165	0.2596	0.8220	0.5398	0.1888	0.4575	0.6596	0.1871	0.4626	0.2787	0.1983	0.0616	0.6976	0.1416	0.0800	0.2284	0.1993	0.4509	0.6034	0.1956	0.4502	0.3307	0.2160	0.0690	0.6607	0.1643	0.0780	0.2595	0.1627	0.0364	0.6395	0.1127	0.0489	0.2654	0.3383	0.0379	0.7000	0.2877	0.0363	0.2543	0.1833	0.9568	0.4897	0.2336	0.0763	0.6238	0.1871	0.0760	0.2906	0.2099	0.4442	0.5471	0.2041	0.4378	0.3827
685	6.85	0.3505	0.8843	0.5643	0.3105	0.8959	0.3662	0.2635	0.4506	0.6210	0.2524	0.4789	0.3107	0.2453	0.3880	0.6269	0.2283	0.3928	0.2959	0.2174	0.2052	0.7052	0.2446	0.1528	0.6856	0.2728	0.1559	0.7286	0.1825	0.2140	0.2246	0.2008	0.1525	0.2370	0.2274	0.1579	0.1931	0.3305	0.8901	0.4652	0.3305	0.8901	0.4652	0.2403	0.0370	0.6662	0.1901	0.0433	0.2605	0.2061	0.2962	0.6266	0.1829	0.2994	0.3019	0.0159	-0.0053	0.0381	0.0095	-0.0003	-0.0374	0.3150	1.2878	0.4855	0.2170	0.6567	0.3775	0.0076	0.0265	-0.0466	0.2322	0.6531	0.5687	0.0130	0.0335	0.0450	-0.0529	-0.0171	-0.0867	-0.0500	-0.0254	0.0754	0.1795	-0.0477	0.1558	0.0622	0.0000	0.0000	0.0000	0.0000	0.0000	0.0038	0.0514	0.0000	-0.0660	-0.0368	-0.0525	-0.0642	-0.0387	0.0421	0.2074	-0.0347	-0.1335	0.0654	0.0000	0.0000	0.0000	0.0000	0.0000	0.0060	0.0512	0.0000	0.2032	1.3338	0.4824	0.3507	0.8842	0.5655	0.3103	0.8960	0.3649	0.3134	1.2877	0.5375	0.3167	1.2880	0.4335	0.2348	0.8292	0.4166	0.2597	0.8220	0.5399	0.1888	0.4575	0.6596	0.1871	0.4626	0.2786	0.1983	0.0616	0.6976	0.1415	0.0799	0.2284	0.1994	0.4508	0.6033	0.1956	0.4501	0.3307	0.2160	0.0690	0.6607	0.1643	0.0780	0.2595	0.1628	0.0362	0.6393	0.1127	0.0488	0.2654	0.3383	0.0378	0.7000	0.2877	0.0363	0.2543	0.1834	0.9568	0.4897	0.2337	0.0764	0.6238	0.1870	0.0760	0.2907	0.2099	0.4442	0.5471	0.2040	0.4377	0.3827
686	6.86	0.3506	0.8843	0.5643	0.3105	0.8959	0.3663	0.2636	0.4505	0.6210	0.2525	0.4789	0.3106	0.2453	0.3879	0.6270	0.2284	0.3928	0.2959	0.2174	0.2051	0.7052	0.2446	0.1527	0.6857	0.2728	0.1559	0.7287	0.1825	0.2140	0.2246	0.2008	0.1525	0.2370	0.2274	0.1579	0.1932	0.3305	0.8901	0.4653	0.3305	0.8901	0.4653	0.2403	0.0370	0.6663	0.1901	0.0432	0.2606	0.2061	0.2961	0.6266	0.1829	0.2994	0.3019	0.0160	-0.0053	0.0380	0.0095	-0.0003	-0.0374	0.3152	1.2878	0.4855	0.2170	0.6567	0.3776	0.0076	0.0265	-0.0467	0.2323	0.6531	0.5688	0.0130	0.0335	0.0450	-0.0529	-0.0170	-0.0867	-0.0501	-0.0254	0.0755	0.1795	-0.0476	0.1558	0.0622	0.0000	0.0000	0.0000	0.0000	0.0000	0.0038	0.0514	0.0000	-0.0659	-0.0368	-0.0525	-0.0642	-0.0387	0.0422	0.2074	-0.0347	-0.1335	0.0654	0.0000	0.0000	0.0000	0.0000	0.0000	0.0060	0.0512	0.0000	0.2033	1.3338	0.4824	0.3508	0.8842	0.5656	0.3102	0.8959	0.3650	0.3135	1.2876	0.5376	0.3168	1.2880	0.4335	0.2348	0.8291	0.4167	0.2598	0.8219	0.5400	0.1889	0.4574	0.6596	0.1872	0.4626	0.2786	0.1984	0.0615	0.6977	0.1415	0.0799	0.2285	0.1994	0.4508	0.6033	0.1956	0.4501	0.3307	0.2160	0.0689	0.6608	0.1643	0.0779	0.2596	0.1627	0.0364	0.6396	0.1128	0.0487	0.2655	0.3383	0.0378	0.7001	0.2877	0.0362	0.2543	0.1836	0.9567	0.4897	0.2336	0.0764	0.6238	0.1870	0.0759	0.2907	0.2100	0.4442	0.5471	0.2040	0.4376	0.3827
687	6.87	0.3507	0.8843	0.5642	0.3108	0.8960	0.3661	0.2636	0.4505	0.6210	0.2525	0.4789	0.3106	0.2453	0.3879	0.6270	0.2284	0.3928	0.2959	0.2174	0.2051	0.7052	0.2446	0.1527	0.6857	0.2728	0.1558	0.7287	0.1825	0.2140	0.2246	0.2008	0.1525	0.2370	0.2274	0.1579	0.1931	0.3308	0.8901	0.4652	0.3308	0.8901	0.4652	0.2402	0.0370	0.6664	0.1901	0.0432	0.2606	0.2061	0.2961	0.6266	0.1829	0.2993	0.3019	0.0160	-0.0053	0.0381	0.0095	-0.0003	-0.0374	0.3153	1.2878	0.4855	0.2172	0.6567	0.3774	0.0076	0.0265	-0.0467	0.2324	0.6530	0.5687	0.0130	0.0335	0.0450	-0.0529	-0.0168	-0.0867	-0.0501	-0.0254	0.0755	0.1795	-0.0476	0.1558	0.0622	0.0000	0.0000	0.0000	0.0000	0.0000	0.0038	0.0514	0.0000	-0.0659	-0.0367	-0.0525	-0.0643	-0.0387	0.0422	0.2073	-0.0348	-0.1335	0.0654	0.0000	0.0000	0.0000	0.0000	0.0000	0.0060	0.0513	0.0000	0.2035	1.3337	0.4824	0.3509	0.8842	0.5655	0.3106	0.8960	0.3648	0.3136	1.2876	0.5375	0.3170	1.2880	0.4335	0.2352	0.8291	0.4164	0.2599	0.8219	0.5397	0.1889	0.4574	0.6596	0.1872	0.4626	0.2786	0.1984	0.0615	0.6978	0.1415	0.0799	0.2285	0.1995	0.4508	0.6033	0.1957	0.4501	0.3306	0.2160	0.0689	0.6608	0.1642	0.0779	0.2596	0.1626	0.0364	0.6396	0.1127	0.0487	0.2655	0.3382	0.0378	0.7001	0.2877	0.0362	0.2543	0.1837	0.9566	0.4897	0.2336	0.0763	0.6238	0.1870	0.0759	0.2907	0.2100	0.4442	0.5471	0.2041	0.4376	0.3827
688	6.88	0.3508	0.8843	0.5642	0.3110	0.8960	0.3660	0.2637	0.4505	0.6210	0.2526	0.4789	0.3106	0.2454	0.3879	0.6269	0.2285	0.3928	0.2959	0.2174	0.2051	0.7052	0.2446	0.1527	0.6857	0.2728	0.1559	0.7287	0.1826	0.2140	0.2246	0.2008	0.1524	0.2370	0.2275	0.1579	0.1931	0.3309	0.8901	0.4651	0.3309	0.8901	0.4651	0.2402	0.0370	0.6663	0.1901	0.0432	0.2606	0.2062	0.2961	0.6266	0.1830	0.2994	0.3018	0.0159	-0.0053	0.0380	0.0095	-0.0003	-0.0374	0.3155	1.2877	0.4855	0.2173	0.6567	0.3774	0.0076	0.0265	-0.0466	0.2325	0.6530	0.5686	0.0130	0.0335	0.0450	-0.0530	-0.0170	-0.0866	-0.0501	-0.0254	0.0755	0.1795	-0.0476	0.1558	0.0622	0.0000	0.0000	0.0000	0.0000	0.0000	0.0038	0.0514	0.0000	-0.0660	-0.0368	-0.0525	-0.0643	-0.0388	0.0422	0.2073	-0.0348	-0.1335	0.0654	0.0000	0.0000	0.0000	0.0000	0.0000	0.0060	0.0513	0.0000	0.2036	1.3337	0.4823	0.3511	0.8842	0.5655	0.3108	0.8960	0.3648	0.3138	1.2876	0.5375	0.3171	1.2879	0.4335	0.2353	0.8291	0.4164	0.2601	0.8219	0.5397	0.1890	0.4574	0.6596	0.1873	0.4626	0.2786	0.1983	0.0615	0.6976	0.1415	0.0799	0.2285	0.1995	0.4508	0.6033	0.1957	0.4501	0.3306	0.2160	0.0689	0.6608	0.1643	0.0779	0.2596	0.1626	0.0364	0.6396	0.1128	0.0487	0.2655	0.3383	0.0378	0.7001	0.2877	0.0362	0.2543	0.1838	0.9567	0.4897	0.2336	0.0763	0.6239	0.1870	0.0759	0.2907	0.2101	0.4442	0.5471	0.2041	0.4376	0.3826
689	6.89	0.3509	0.8842	0.5643	0.3111	0.8959	0.3660	0.2637	0.4505	0.6210	0.2526	0.4788	0.3106	0.2454	0.3879	0.6269	0.2285	0.3928	0.2959	0.2174	0.2051	0.7052	0.2446	0.1527	0.6856	0.2728	0.1559	0.7287	0.1826	0.2140	0.2246	0.2008	0.1524	0.2370	0.2275	0.1579	0.1931	0.3310	0.8901	0.4651	0.3310	0.8901	0.4651	0.2403	0.0370	0.6663	0.1901	0.0432	0.2605	0.2062	0.2961	0.6265	0.1830	0.2994	0.3018	0.0159	-0.0053	0.0380	0.0095	-0.0003	-0.0374	0.3156	1.2877	0.4855	0.2174	0.6567	0.3773	0.0076	0.0265	-0.0466	0.2326	0.6530	0.5686	0.0130	0.0335	0.0450	-0.0530	-0.0171	-0.0866	-0.0501	-0.0254	0.0755	0.1795	-0.0476	0.1558	0.0622	0.0000	0.0000	0.0000	0.0000	0.0000	0.0038	0.0514	0.0000	-0.0660	-0.0368	-0.0525	-0.0642	-0.0387	0.0422	0.2073	-0.0347	-0.1335	0.0654	0.0000	0.0000	0.0000	0.0000	0.0000	0.0060	0.0513	0.0000	0.2038	1.3338	0.4823	0.3511	0.8842	0.5655	0.3109	0.8960	0.3648	0.3140	1.2876	0.5375	0.3173	1.2879	0.4335	0.2354	0.8291	0.4164	0.2601	0.8219	0.5397	0.1890	0.4574	0.6595	0.1874	0.4626	0.2785	0.1983	0.0615	0.6976	0.1415	0.0799	0.2284	0.1996	0.4508	0.6033	0.1957	0.4501	0.3306	0.2160	0.0689	0.6607	0.1643	0.0779	0.2595	0.1626	0.0364	0.6396	0.1127	0.0488	0.2654	0.3383	0.0378	0.7000	0.2877	0.0362	0.2543	0.1839	0.9567	0.4896	0.2336	0.0763	0.6238	0.1870	0.0759	0.2907	0.2101	0.4442	0.5470	0.2041	0.4377	0.3826
690	6.90	0.3510	0.8842	0.5642	0.3113	0.8959	0.3660	0.2638	0.4505	0.6209	0.2527	0.4789	0.3106	0.2453	0.3879	0.6268	0.2286	0.3928	0.2959	0.2175	0.2052	0.7051	0.2446	0.1527	0.6856	0.2728	0.1559	0.7286	0.1826	0.2140	0.2245	0.2008	0.1524	0.2370	0.2275	0.1579	0.1931	0.3311	0.8901	0.4651	0.3311	0.8901	0.4651	0.2403	0.0370	0.6663	0.1901	0.0433	0.2605	0.2063	0.2962	0.6265	0.1830	0.2994	0.3018	0.0159	-0.0053	0.0381	0.0095	-0.0003	-0.0374	0.3158	1.2877	0.4854	0.2174	0.6567	0.3773	0.0076	0.0265	-0.0466	0.2326	0.6531	0.5686	0.0130	0.0335	0.0450	-0.0530	-0.0171	-0.0866	-0.0500	-0.0253	0.0755	0.1795	-0.0478	0.1557	0.0622	0.0000	0.0000	0.0000	0.0000	0.0000	0.0038	0.0514	0.0000	-0.0660	-0.0368	-0.0524	-0.0642	-0.0387	0.0421	0.2073	-0.0348	-0.1335	0.0654	0.0000	0.0000	0.0000	0.0000	0.0000	0.0061	0.0513	0.0000	0.2040	1.3338	0.4822	0.3512	0.8842	0.5654	0.3110	0.8960	0.3648	0.3141	1.2876	0.5374	0.3174	1.2879	0.4334	0.2355	0.8292	0.4163	0.2602	0.8219	0.5396	0.1891	0.4575	0.6595	0.1874	0.4626	0.2785	0.1983	0.0615	0.6975	0.1415	0.0800	0.2284	0.1996	0.4508	0.6033	0.1958	0.4502	0.3306	0.2160	0.0689	0.6606	0.1643	0.0780	0.2595	0.1626	0.0364	0.6396	0.1127	0.0488	0.2654	0.3383	0.0378	0.7000	0.2877	0.0363	0.2543	0.1840	0.9568	0.4896	0.2337	0.0763	0.6237	0.1870	0.0760	0.2906	0.2102	0.4442	0.5470	0.2042	0.4378	0.3826
691	6.91	0.3511	0.8843	0.5642	0.3114	0.8959	0.3660	0.2639	0.4506	0.6209	0.2527	0.4789	0.3105	0.2450	0.3878	0.6265	0.2286	0.3928	0.2959	0.2175	0.2052	0.7051	0.2447	0.1528	0.6856	0.2729	0.1559	0.7286	0.1826	0.2141	0.2245	0.2009	0.1525	0.2369	0.2275	0.1580	0.1931	0.3313	0.8901	0.4651	0.3313	0.8901	0.4651	0.2403	0.0371	0.6663	0.1901	0.0433	0.2605	0.2063	0.2962	0.6265	0.1831	0.2995	0.3018	0.0159	-0.0053	0.0381	0.0095	-0.0003	-0.0374	0.3160	1.2877	0.4854	0.2176	0.6568	0.3773	0.0077	0.0265	-0.0466	0.2328	0.6531	0.5686	0.0130	0.0335	0.0450	-0.0530	-0.0170	-0.0866	-0.0501	-0.0253	0.0755	0.1795	-0.0483	0.1555	0.0622	0.0000	0.0000	0.0000	0.0000	0.0000	0.0039	0.0514	0.0000	-0.0660	-0.0368	-0.0525	-0.0642	-0.0387	0.0421	0.2073	-0.0349	-0.1335	0.0654	0.0000	0.0000	0.0000	0.0000	0.0000	0.0061	0.0513	0.0000	0.2042	1.3338	0.4822	0.3514	0.8842	0.5654	0.3112	0.8960	0.3647	0.3144	1.2876	0.5374	0.3176	1.2879	0.4334	0.2356	0.8292	0.4163	0.2603	0.8219	0.5396	0.1892	0.4575	0.6595	0.1875	0.4626	0.2785	0.1983	0.0616	0.6976	0.1416	0.0800	0.2284	0.1997	0.4508	0.6033	0.1960	0.4502	0.3305	0.2160	0.0690	0.6606	0.1643	0.0780	0.2595	0.1627	0.0364	0.6396	0.1128	0.0488	0.2654	0.3383	0.0378	0.7000	0.2877	0.0363	0.2543	0.1842	0.9568	0.4896	0.2337	0.0763	0.6237	0.1871	0.0760	0.2906	0.2103	0.4442	0.5470	0.2044	0.4378	0.3825
692	6.92	0.3512	0.8842	0.5642	0.3115	0.8959	0.3659	0.2639	0.4506	0.6210	0.2528	0.4789	0.3105	0.2452	0.3879	0.6265	0.2287	0.3929	0.2958	0.2176	0.2052	0.7051	0.2447	0.1528	0.6856	0.2729	0.1559	0.7286	0.1827	0.2140	0.2245	0.2009	0.1525	0.2369	0.2276	0.1580	0.1931	0.3314	0.8901	0.4651	0.3314	0.8901	0.4651	0.2403	0.0371	0.6663	0.1901	0.0433	0.2605	0.2063	0.2962	0.6265	0.1832	0.2995	0.3018	0.0159	-0.0053	0.0380	0.0095	-0.0003	-0.0374	0.3162	1.2877	0.4854	0.2177	0.6568	0.3773	0.0077	0.0265	-0.0466	0.2328	0.6531	0.5686	0.0130	0.0335	0.0450	-0.0529	-0.0170	-0.0867	-0.0501	-0.0253	0.0755	0.1795	-0.0483	0.1556	0.0622	0.0000	0.0000	0.0000	0.0000	0.0000	0.0038	0.0514	0.0000	-0.0660	-0.0368	-0.0525	-0.0642	-0.0387	0.0421	0.2073	-0.0348	-0.1335	0.0654	0.0000	0.0000	0.0000	0.0000	0.0000	0.0060	0.0513	0.0000	0.2044	1.3338	0.4822	0.3515	0.8842	0.5654	0.3113	0.8960	0.3647	0.3146	1.2876	0.5374	0.3178	1.2879	0.4334	0.2357	0.8292	0.4163	0.2604	0.8219	0.5396	0.1892	0.4575	0.6595	0.1876	0.4626	0.2785	0.1983	0.0616	0.6975	0.1416	0.0800	0.2284	0.1998	0.4508	0.6033	0.1960	0.4502	0.3305	0.2160	0.0689	0.6607	0.1643	0.0780	0.2595	0.1627	0.0364	0.6396	0.1128	0.0488	0.2654	0.3383	0.0378	0.7000	0.2878	0.0363	0.2543	0.1843	0.9568	0.4896	0.2337	0.0763	0.6238	0.1871	0.0760	0.2906	0.2103	0.4442	0.5470	0.2045	0.4378	0.3825
693	6.93	0.3513	0.8842	0.5642	0.3116	0.8959	0.3660	0.2639	0.4507	0.6210	0.2529	0.4788	0.3105	0.2455	0.3879	0.6268	0.2287	0.3928	0.2959	0.2175	0.2052	0.7051	0.2446	0.1527	0.6856	0.2729	0.1559	0.7286	0.1827	0.2140	0.2245	0.2009	0.1525	0.2369	0.2276	0.1579	0.1931	0.3315	0.8901	0.4651	0.3315	0.8901	0.4651	0.2403	0.0371	0.6663	0.1901	0.0433	0.2605	0.2063	0.2962	0.6265	0.1832	0.2994	0.3018	0.0159	-0.0053	0.0380	0.0095	-0.0003	-0.0374	0.3163	1.2877	0.4853	0.2177	0.6567	0.3773	0.0076	0.0265	-0.0466	0.2329	0.6531	0.5686	0.0130	0.0335	0.0450	-0.0529	-0.0171	-0.0867	-0.0501	-0.0254	0.0755	0.1795	-0.0478	0.1557	0.0622	0.0000	0.0000	0.0000	0.0000	0.0000	0.0038	0.0514	0.0000	-0.0660	-0.0368	-0.0525	-0.0642	-0.0387	0.0422	0.2073	-0.0348	-0.1335	0.0654	0.0000	0.0000	0.0000	0.0000	0.0000	0.0060	0.0513	0.0000	0.2046	1.3338	0.4821	0.3516	0.8841	0.5654	0.3114	0.8960	0.3647	0.3147	1.2875	0.5373	0.3180	1.2878	0.4334	0.2358	0.8292	0.4163	0.2605	0.8219	0.5396	0.1892	0.4575	0.6595	0.1876	0.4626	0.2785	0.1983	0.0616	0.6975	0.1416	0.0800	0.2284	0.1998	0.4508	0.6032	0.1960	0.4502	0.3305	0.2160	0.0689	0.6607	0.1643	0.0780	0.2595	0.1626	0.0364	0.6396	0.1127	0.0489	0.2654	0.3383	0.0378	0.7000	0.2877	0.0363	0.2543	0.1844	0.9568	0.4896	0.2336	0.0763	0.6238	0.1870	0.0760	0.2906	0.2104	0.4442	0.5470	0.2044	0.4377	0.3825
694	6.94	0.3514	0.8842	0.5642	0.3118	0.8959	0.3660	0.2639	0.4506	0.6210	0.2530	0.4789	0.3105	0.2455	0.3879	0.6267	0.2288	0.3928	0.2959	0.2176	0.2052	0.7051	0.2447	0.1527	0.6856	0.2729	0.1559	0.7286	0.1827	0.2140	0.2245	0.2009	0.1525	0.2369	0.2276	0.1579	0.1931	0.3316	0.8900	0.4651	0.3316	0.8900	0.4651	0.2403	0.0370	0.6663	0.1901	0.0433	0.2605	0.2064	0.2962	0.6265	0.1832	0.2994	0.3018	0.0159	-0.0053	0.0380	0.0095	-0.0003	-0.0374	0.3165	1.2877	0.4853	0.2178	0.6567	0.3773	0.0076	0.0265	-0.0466	0.2330	0.6531	0.5686	0.0130	0.0335	0.0450	-0.0530	-0.0171	-0.0866	-0.0501	-0.0254	0.0755	0.1795	-0.0479	0.1557	0.0622	0.0000	0.0000	0.0000	0.0000	0.0000	0.0038	0.0514	0.0000	-0.0660	-0.0368	-0.0525	-0.0642	-0.0387	0.0422	0.2073	-0.0348	-0.1335	0.0654	0.0000	0.0000	0.0000	0.0000	0.0000	0.0060	0.0513	0.0000	0.2048	1.3338	0.4821	0.3517	0.8841	0.5654	0.3115	0.8960	0.3647	0.3149	1.2875	0.5373	0.3181	1.2878	0.4333	0.2360	0.8292	0.4163	0.2606	0.8219	0.5396	0.1893	0.4575	0.6595	0.1877	0.4627	0.2785	0.1983	0.0616	0.6975	0.1416	0.0800	0.2284	0.1998	0.4508	0.6032	0.1961	0.4502	0.3305	0.2160	0.0689	0.6607	0.1643	0.0780	0.2595	0.1626	0.0364	0.6396	0.1127	0.0489	0.2654	0.3383	0.0378	0.7000	0.2877	0.0362	0.2543	0.1846	0.9568	0.4896	0.2336	0.0763	0.6238	0.1870	0.0760	0.2906	0.2104	0.4442	0.5470	0.2045	0.4377	0.3825
695	6.95	0.3516	0.8842	0.5642	0.3119	0.8959	0.3660	0.2640	0.4507	0.6210	0.2530	0.4789	0.3105	0.2452	0.3878	0.6265	0.2288	0.3929	0.2958	0.2176	0.2052	0.7051	0.2447	0.1527	0.6856	0.2729	0.1559	0.7286	0.1827	0.2141	0.2245	0.2010	0.1525	0.2369	0.2276	0.1580	0.1931	0.3317	0.8901	0.4651	0.3317	0.8901	0.4651	0.2403	0.0371	0.6663	0.1901	0.0433	0.2605	0.2064	0.2962	0.6265	0.1833	0.2995	0.3018	0.0159	-0.0053	0.0380	0.0095	-0.0003	-0.0374	0.3167	1.2877	0.4853	0.2179	0.6568	0.3773	0.0076	0.0265	-0.0466	0.2331	0.6531	0.5685	0.0130	0.0335	0.0450	-0.0530	-0.0171	-0.0866	-0.0501	-0.0254	0.0755	0.1796	-0.0483	0.1556	0.0622	0.0000	0.0000	0.0000	0.0000	0.0000	0.0038	0.0514	0.0000	-0.0660	-0.0368	-0.0525	-0.0642	-0.0387	0.0422	0.2073	-0.0348	-0.1335	0.0654	0.0000	0.0000	0.0000	0.0000	0.0000	0.0060	0.0513	0.0000	0.2050	1.3338	0.4821	0.3518	0.8841	0.5654	0.3117	0.8960	0.3647	0.3151	1.2875	0.5373	0.3183	1.2878	0.4333	0.2361	0.8292	0.4163	0.2608	0.8219	0.5396	0.1894	0.4575	0.6595	0.1877	0.4627	0.2785	0.1984	0.0616	0.6976	0.1416	0.0800	0.2284	0.1999	0.4508	0.6032	0.1962	0.4502	0.3305	0.2160	0.0690	0.6607	0.1643	0.0780	0.2595	0.1626	0.0365	0.6396	0.1128	0.0489	0.2654	0.3383	0.0378	0.7001	0.2878	0.0363	0.2543	0.1848	0.9568	0.4896	0.2336	0.0763	0.6238	0.1871	0.0760	0.2906	0.2105	0.4442	0.5470	0.2046	0.4377	0.3825
696	6.96	0.3517	0.8841	0.5642	0.3121	0.8959	0.3660	0.2641	0.4507	0.6210	0.2531	0.4789	0.3106	0.2452	0.3878	0.6264	0.2289	0.3928	0.2959	0.2176	0.2052	0.7051	0.2447	0.1528	0.6856	0.2730	0.1559	0.7286	0.1828	0.2141	0.2245	0.2010	0.1525	0.2370	0.2276	0.1579	0.1931	0.3319	0.8900	0.4651	0.3319	0.8900	0.4651	0.2403	0.0371	0.6663	0.1901	0.0434	0.2605	0.2065	0.2962	0.6265	0.1833	0.2995	0.3018	0.0159	-0.0053	0.0380	0.0095	-0.0003	-0.0374	0.3169	1.2876	0.4853	0.2180	0.6568	0.3773	0.0076	0.0265	-0.0466	0.2332	0.6531	0.5686	0.0130	0.0335	0.0450	-0.0530	-0.0170	-0.0866	-0.0500	-0.0253	0.0755	0.1795	-0.0484	0.1555	0.0622	0.0000	0.0000	0.0000	0.0000	0.0000	0.0038	0.0514	0.0000	-0.0660	-0.0368	-0.0525	-0.0642	-0.0387	0.0422	0.2073	-0.0348	-0.1336	0.0654	0.0000	0.0000	0.0000	0.0000	0.0000	0.0060	0.0513	0.0000	0.2052	1.3338	0.4820	0.3519	0.8841	0.5654	0.3118	0.8960	0.3648	0.3153	1.2875	0.5372	0.3185	1.2878	0.4333	0.2362	0.8292	0.4163	0.2609	0.8219	0.5396	0.1894	0.4575	0.6595	0.1878	0.4627	0.2785	0.1984	0.0616	0.6976	0.1416	0.0801	0.2284	0.2000	0.4509	0.6032	0.1962	0.4502	0.3305	0.2160	0.0690	0.6607	0.1644	0.0780	0.2595	0.1627	0.0365	0.6396	0.1128	0.0490	0.2654	0.3383	0.0378	0.7001	0.2878	0.0363	0.2543	0.1849	0.9568	0.4896	0.2337	0.0764	0.6238	0.1871	0.0760	0.2906	0.2106	0.4442	0.5470	0.2047	0.4378	0.3825
697	6.97	0.3518	0.8841	0.5642	0.3122	0.8958	0.3660	0.2642	0.4506	0.6210	0.2532	0.4788	0.3106	0.2452	0.3877	0.6264	0.2289	0.3928	0.2959	0.2177	0.2052	0.7051	0.2448	0.1528	0.6856	0.2730	0.1559	0.7286	0.1828	0.2140	0.2245	0.2010	0.1525	0.2370	0.2277	0.1579	0.1931	0.3320	0.8900	0.4651	0.3320	0.8900	0.4651	0.2403	0.0371	0.6663	0.1901	0.0434	0.2604	0.2066	0.2962	0.6265	0.1834	0.2995	0.3017	0.0159	-0.0053	0.0381	0.0095	-0.0003	-0.0374	0.3171	1.2876	0.4852	0.2181	0.6568	0.3773	0.0077	0.0265	-0.0466	0.2332	0.6531	0.5686	0.0130	0.0335	0.0450	-0.0530	-0.0171	-0.0866	-0.0500	-0.0253	0.0755	0.1795	-0.0484	0.1554	0.0622	0.0000	0.0000	0.0000	0.0000	0.0000	0.0038	0.0514	0.0000	-0.0660	-0.0368	-0.0524	-0.0641	-0.0386	0.0421	0.2072	-0.0348	-0.1336	0.0654	0.0000	0.0000	0.0000	0.0000	0.0000	0.0060	0.0513	0.0000	0.2054	1.3339	0.4820	0.3521	0.8840	0.5655	0.3120	0.8959	0.3648	0.3155	1.2875	0.5372	0.3187	1.2878	0.4333	0.2363	0.8292	0.4163	0.2609	0.8219	0.5396	0.1895	0.4575	0.6595	0.1879	0.4627	0.2785	0.1984	0.0616	0.6975	0.1417	0.0801	0.2283	0.2001	0.4509	0.6032	0.1963	0.4502	0.3305	0.2161	0.0690	0.6606	0.1644	0.0781	0.2595	0.1627	0.0365	0.6396	0.1128	0.0491	0.2653	0.3383	0.0378	0.7000	0.2878	0.0363	0.2543	0.1850	0.9569	0.4895	0.2338	0.0764	0.6237	0.1871	0.0760	0.2906	0.2106	0.4442	0.5470	0.2048	0.4378	0.3825
698	6.98	0.3519	0.8841	0.5642	0.3124	0.8958	0.3660	0.2642	0.4507	0.6210	0.2532	0.4788	0.3105	0.2453	0.3877	0.6264	0.2290	0.3928	0.2959	0.2177	0.2052	0.7051	0.2448	0.1528	0.6856	0.2730	0.1559	0.7286	0.1828	0.2140	0.2245	0.2010	0.1525	0.2369	0.2277	0.1579	0.1931	0.3321	0.8899	0.4651	0.3321	0.8899	0.4651	0.2403	0.0371	0.6663	0.1901	0.0434	0.2604	0.2066	0.2962	0.6265	0.1834	0.2995	0.3017	0.0159	-0.0053	0.0381	0.0095	-0.0003	-0.0374	0.3173	1.2876	0.4852	0.2182	0.6568	0.3772	0.0077	0.0265	-0.0465	0.2333	0.6531	0.5685	0.0130	0.0335	0.0450	-0.0529	-0.0170	-0.0867	-0.0500	-0.0253	0.0755	0.1795	-0.0484	0.1554	0.0622	0.0000	0.0000	0.0000	0.0000	0.0000	0.0038	0.0514	0.0000	-0.0660	-0.0368	-0.0524	-0.0641	-0.0386	0.0421	0.2073	-0.0348	-0.1335	0.0654	0.0000	0.0000	0.0000	0.0000	0.0000	0.0060	0.0513	0.0000	0.2056	1.3339	0.4819	0.3522	0.8840	0.5654	0.3121	0.8959	0.3648	0.3157	1.2875	0.5372	0.3189	1.2877	0.4332	0.2364	0.8292	0.4163	0.2611	0.8219	0.5396	0.1896	0.4575	0.6595	0.1879	0.4627	0.2785	0.1984	0.0616	0.6976	0.1417	0.0801	0.2283	0.2001	0.4509	0.6032	0.1964	0.4502	0.3305	0.2161	0.0690	0.6606	0.1644	0.0781	0.2595	0.1627	0.0365	0.6395	0.1128	0.0491	0.2653	0.3383	0.0378	0.7000	0.2878	0.0363	0.2543	0.1852	0.9569	0.4895	0.2338	0.0764	0.6237	0.1871	0.0761	0.2906	0.2107	0.4442	0.5470	0.2049	0.4378	0.3825
699	6.99	0.3521	0.8841	0.5642	0.3125	0.8958	0.3660	0.2642	0.4507	0.6211	0.2533	0.4788	0.3105	0.2453	0.3878	0.6264	0.2290	0.3928	0.2959	0.2177	0.2052	0.7051	0.2448	0.1527	0.6856	0.2730	0.1559	0.7286	0.1829	0.2141	0.2245	0.2010	0.1525	0.2369	0.2277	0.1579	0.1931	0.3323	0.8900	0.4651	0.3323	0.8900	0.4651	0.2403	0.0371	0.6663	0.1901	0.0434	0.2605	0.2066	0.2962	0.6265	0.1834	0.2995	0.3017	0.0159	-0.0053	0.0382	0.0095	-0.0003	-0.0374	0.3175	1.2876	0.4852	0.2183	0.6568	0.3772	0.0076	0.0265	-0.0466	0.2334	0.6531	0.5685	0.0130	0.0335	0.0450	-0.0528	-0.0167	-0.0867	-0.0501	-0.0253	0.0755	0.1795	-0.0484	0.1555	0.0622	0.0000	0.0000	0.0000	0.0000	0.0000	0.0038	0.0514	0.0000	-0.0659	-0.0366	-0.0524	-0.0642	-0.0387	0.0421	0.2073	-0.0349	-0.1335	0.0654	0.0000	0.0000	0.0000	0.0000	0.0000	0.0060	0.0513	0.0000	0.2059	1.3338	0.4819	0.3523	0.8840	0.5654	0.3123	0.8959	0.3647	0.3159	1.2874	0.5372	0.3191	1.2878	0.4332	0.2366	0.8292	0.4163	0.2612	0.8219	0.5396	0.1896	0.4575	0.6595	0.1880	0.4627	0.2785	0.1984	0.0617	0.6979	0.1417	0.0801	0.2284	0.2002	0.4509	0.6032	0.1964	0.4502	0.3305	0.2161	0.0690	0.6608	0.1644	0.0781	0.2595	0.1627	0.0365	0.6396	0.1128	0.0490	0.2653	0.3383	0.0378	0.7000	0.2878	0.0363	0.2543	0.1853	0.9568	0.4895	0.2338	0.0763	0.6237	0.1871	0.0760	0.2906	0.2108	0.4442	0.5470	0.2049	0.4378	0.3825
700	7.00	0.3522	0.8841	0.5642	0.3126	0.8958	0.3659	0.2642	0.4506	0.6211	0.2534	0.4788	0.3105	0.2454	0.3878	0.6264	0.2291	0.3928	0.2958	0.2177	0.2052	0.7051	0.2447	0.1527	0.6856	0.2730	0.1558	0.7286	0.1829	0.2141	0.2244	0.2011	0.1525	0.2369	0.2277	0.1579	0.1931	0.3324	0.8900	0.4651	0.3324	0.8900	0.4651	0.2403	0.0370	0.6663	0.1901	0.0433	0.2605	0.2067	0.2962	0.6265	0.1835	0.2995	0.3017	0.0160	-0.0053	0.0382	0.0095	-0.0004	-0.0374	0.3177	1.2875	0.4851	0.2184	0.6567	0.3772	0.0076	0.0265	-0.0466	0.2336	0.6530	0.5685	0.0130	0.0335	0.0450	-0.0527	-0.0167	-0.0866	-0.0501	-0.0254	0.0755	0.1796	-0.0484	0.1555	0.0622	0.0000	0.0000	0.0000	0.0000	0.0000	0.0038	0.0514	0.0000	-0.0659	-0.0366	-0.0524	-0.0643	-0.0387	0.0422	0.2072	-0.0349	-0.1336	0.0654	0.0000	0.0000	0.0000	0.0000	0.0000	0.0061	0.0513	0.0000	0.2061	1.3338	0.4819	0.3525	0.8840	0.5654	0.3124	0.8959	0.3647	0.3161	1.2874	0.5371	0.3194	1.2877	0.4331	0.2368	0.8292	0.4162	0.2614	0.8219	0.5396	0.1896	0.4575	0.6595	0.1880	0.4627	0.2785	0.1984	0.0617	0.6979	0.1416	0.0800	0.2284	0.2002	0.4508	0.6032	0.1965	0.4502	0.3305	0.2161	0.0690	0.6608	0.1643	0.0780	0.2595	0.1626	0.0364	0.6396	0.1128	0.0489	0.2654	0.3383	0.0378	0.7000	0.2877	0.0362	0.2543	0.1855	0.9568	0.4895	0.2338	0.0763	0.6237	0.1871	0.0760	0.2906	0.2109	0.4442	0.5470	0.2049	0.4377	0.3825
701	7.01	0.3524	0.8841	0.5642	0.3128	0.8958	0.3660	0.2643	0.4505	0.6211	0.2534	0.4788	0.3105	0.2454	0.3878	0.6264	0.2292	0.3928	0.2958	0.2177	0.2051	0.7051	0.2448	0.1526	0.6856	0.2730	0.1557	0.7286	0.1829	0.2141	0.2244	0.2011	0.1525	0.2369	0.2278	0.1579	0.1931	0.3326	0.8899	0.4651	0.3326	0.8899	0.4651	0.2403	0.0370	0.6663	0.1901	0.0432	0.2605	0.2067	0.2962	0.6266	0.1835	0.2994	0.3018	0.0160	-0.0053	0.0382	0.0095	-0.0004	-0.0374	0.3180	1.2875	0.4851	0.2185	0.6567	0.3773	0.0076	0.0265	-0.0466	0.2337	0.6530	0.5686	0.0131	0.0335	0.0450	-0.0528	-0.0167	-0.0866	-0.0502	-0.0254	0.0755	0.1796	-0.0483	0.1555	0.0622	0.0000	0.0000	0.0000	0.0000	0.0000	0.0038	0.0514	0.0000	-0.0659	-0.0366	-0.0524	-0.0643	-0.0387	0.0422	0.2072	-0.0349	-0.1336	0.0654	0.0000	0.0000	0.0000	0.0000	0.0000	0.0061	0.0513	0.0000	0.2063	1.3337	0.4819	0.3526	0.8840	0.5654	0.3125	0.8959	0.3648	0.3163	1.2873	0.5372	0.3196	1.2877	0.4331	0.2369	0.8291	0.4163	0.2615	0.8218	0.5396	0.1897	0.4574	0.6595	0.1881	0.4627	0.2785	0.1985	0.0617	0.6980	0.1417	0.0800	0.2284	0.2003	0.4508	0.6032	0.1965	0.4502	0.3305	0.2161	0.0690	0.6608	0.1644	0.0780	0.2595	0.1626	0.0364	0.6396	0.1128	0.0488	0.2654	0.3383	0.0377	0.7001	0.2877	0.0362	0.2543	0.1857	0.9567	0.4895	0.2338	0.0763	0.6237	0.1871	0.0759	0.2906	0.2109	0.4442	0.5470	0.2049	0.4377	0.3826
702	7.02	0.3525	0.8841	0.5642	0.3129	0.8958	0.3660	0.2643	0.4506	0.6211	0.2535	0.4788	0.3105	0.2454	0.3878	0.6264	0.2292	0.3928	0.2958	0.2177	0.2051	0.7051	0.2447	0.1527	0.6856	0.2730	0.1558	0.7286	0.1829	0.2141	0.2245	0.2011	0.1525	0.2369	0.2277	0.1579	0.1930	0.3327	0.8899	0.4651	0.3327	0.8899	0.4651	0.2402	0.0370	0.6663	0.1901	0.0433	0.2605	0.2067	0.2962	0.6265	0.1835	0.2994	0.3018	0.0160	-0.0053	0.0381	0.0095	-0.0004	-0.0374	0.3182	1.2875	0.4851	0.2186	0.6567	0.3773	0.0076	0.0265	-0.0466	0.2337	0.6530	0.5686	0.0131	0.0335	0.0450	-0.0528	-0.0168	-0.0866	-0.0502	-0.0254	0.0755	0.1796	-0.0483	0.1556	0.0622	0.0000	0.0000	0.0000	0.0000	0.0000	0.0038	0.0514	0.0000	-0.0659	-0.0367	-0.0524	-0.0643	-0.0387	0.0422	0.2072	-0.0349	-0.1336	0.0654	0.0000	0.0000	0.0000	0.0000	0.0000	0.0061	0.0513	0.0000	0.2065	1.3337	0.4819	0.3527	0.8840	0.5655	0.3126	0.8958	0.3648	0.3165	1.2873	0.5371	0.3198	1.2877	0.4331	0.2370	0.8291	0.4163	0.2616	0.8219	0.5396	0.1897	0.4575	0.6595	0.1881	0.4627	0.2785	0.1984	0.0617	0.6978	0.1416	0.0800	0.2284	0.2003	0.4508	0.6032	0.1965	0.4502	0.3305	0.2160	0.0690	0.6608	0.1643	0.0780	0.2595	0.1626	0.0364	0.6396	0.1128	0.0489	0.2654	0.3382	0.0377	0.7001	0.2877	0.0362	0.2543	0.1858	0.9568	0.4895	0.2337	0.0763	0.6238	0.1870	0.0760	0.2906	0.2109	0.4442	0.5470	0.2049	0.4377	0.3826
703	7.03	0.3526	0.8841	0.5642	0.3131	0.8958	0.3660	0.2644	0.4506	0.6211	0.2536	0.4788	0.3105	0.2455	0.3878	0.6264	0.2293	0.3928	0.2958	0.2177	0.2052	0.7051	0.2448	0.1527	0.6856	0.2730	0.1558	0.7286	0.1830	0.2141	0.2245	0.2011	0.1525	0.2369	0.2278	0.1579	0.1930	0.3329	0.8899	0.4651	0.3329	0.8899	0.4651	0.2403	0.0371	0.6663	0.1901	0.0433	0.2605	0.2067	0.2962	0.6265	0.1835	0.2995	0.3017	0.0159	-0.0053	0.0380	0.0095	-0.0003	-0.0374	0.3184	1.2875	0.4851	0.2187	0.6568	0.3773	0.0076	0.0264	-0.0466	0.2338	0.6531	0.5686	0.0130	0.0335	0.0450	-0.0529	-0.0170	-0.0867	-0.0501	-0.0254	0.0755	0.1795	-0.0484	0.1556	0.0622	0.0000	0.0000	0.0000	0.0000	0.0000	0.0038	0.0514	0.0000	-0.0659	-0.0368	-0.0525	-0.0642	-0.0387	0.0422	0.2072	-0.0348	-0.1336	0.0654	0.0000	0.0000	0.0000	0.0000	0.0000	0.0060	0.0513	0.0000	0.2067	1.3338	0.4818	0.3529	0.8840	0.5654	0.3128	0.8958	0.3648	0.3167	1.2874	0.5371	0.3200	1.2877	0.4330	0.2371	0.8292	0.4163	0.2618	0.8219	0.5396	0.1898	0.4575	0.6594	0.1882	0.4627	0.2785	0.1984	0.0616	0.6976	0.1416	0.0801	0.2284	0.2004	0.4509	0.6032	0.1966	0.4503	0.3305	0.2160	0.0690	0.6607	0.1644	0.0781	0.2595	0.1626	0.0365	0.6396	0.1128	0.0490	0.2654	0.3383	0.0378	0.7000	0.2877	0.0362	0.2543	0.1859	0.9568	0.4895	0.2336	0.0763	0.6238	0.1871	0.0760	0.2906	0.2110	0.4442	0.5470	0.2050	0.4378	0.3825
704	7.04	0.3528	0.8840	0.5642	0.3132	0.8957	0.3660	0.2646	0.4507	0.6211	0.2537	0.4788	0.3105	0.2456	0.3878	0.6263	0.2294	0.3928	0.2958	0.2178	0.2052	0.7051	0.2449	0.1527	0.6856	0.2731	0.1558	0.7286	0.1830	0.2141	0.2245	0.2012	0.1525	0.2369	0.2278	0.1579	0.1931	0.3330	0.8899	0.4651	0.3330	0.8899	0.4651	0.2403	0.0371	0.6663	0.1902	0.0434	0.2605	0.2068	0.2962	0.6265	0.1836	0.2996	0.3017	0.0159	-0.0053	0.0380	0.0095	-0.0003	-0.0374	0.3186	1.2875	0.4850	0.2188	0.6568	0.3773	0.0077	0.0265	-0.0466	0.2340	0.6531	0.5686	0.0130	0.0335	0.0450	-0.0529	-0.0169	-0.0867	-0.0501	-0.0254	0.0755	0.1795	-0.0485	0.1555	0.0622	0.0000	0.0000	0.0000	0.0000	0.0000	0.0038	0.0514	0.0000	-0.0659	-0.0367	-0.0526	-0.0642	-0.0387	0.0422	0.2072	-0.0348	-0.1336	0.0654	0.0000	0.0000	0.0000	0.0000	0.0000	0.0060	0.0513	0.0000	0.2070	1.3338	0.4817	0.3531	0.8840	0.5655	0.3130	0.8958	0.3648	0.3170	1.2874	0.5370	0.3203	1.2877	0.4330	0.2373	0.8292	0.4163	0.2619	0.8219	0.5396	0.1899	0.4575	0.6594	0.1883	0.4627	0.2785	0.1985	0.0617	0.6976	0.1417	0.0801	0.2284	0.2005	0.4509	0.6032	0.1967	0.4503	0.3305	0.2161	0.0690	0.6607	0.1644	0.0781	0.2595	0.1627	0.0365	0.6396	0.1128	0.0490	0.2653	0.3383	0.0378	0.7000	0.2878	0.0363	0.2543	0.1862	0.9569	0.4895	0.2337	0.0763	0.6238	0.1872	0.0761	0.2906	0.2111	0.4443	0.5470	0.2051	0.4378	0.3825
705	7.05	0.3529	0.8840	0.5643	0.3133	0.8957	0.3660	0.2646	0.4507	0.6211	0.2537	0.4788	0.3105	0.2456	0.3877	0.6264	0.2294	0.3928	0.2959	0.2179	0.2052	0.7051	0.2449	0.1527	0.6856	0.2731	0.1558	0.7286	0.1830	0.2141	0.2245	0.2011	0.1525	0.2369	0.2278	0.1579	0.1931	0.3331	0.8898	0.4651	0.3331	0.8898	0.4651	0.2403	0.0371	0.6663	0.1902	0.0434	0.2604	0.2069	0.2962	0.6265	0.1837	0.2996	0.3017	0.0159	-0.0054	0.0380	0.0095	-0.0003	-0.0374	0.3188	1.2875	0.4850	0.2189	0.6568	0.3773	0.0077	0.0265	-0.0466	0.2340	0.6531	0.5686	0.0130	0.0335	0.0450	-0.0528	-0.0168	-0.0866	-0.0500	-0.0253	0.0755	0.1796	-0.0485	0.1554	0.0622	0.0000	0.0000	0.0000	0.0000	0.0000	0.0038	0.0514	0.0000	-0.0659	-0.0367	-0.0525	-0.0642	-0.0387	0.0421	0.2072	-0.0348	-0.1336	0.0654	0.0000	0.0000	0.0000	0.0000	0.0000	0.0060	0.0513	0.0000	0.2073	1.3338	0.4817	0.3532	0.8839	0.5655	0.3131	0.8957	0.3648	0.3172	1.2874	0.5370	0.3205	1.2876	0.4330	0.2373	0.8292	0.4164	0.2620	0.8219	0.5397	0.1900	0.4575	0.6595	0.1883	0.4627	0.2785	0.1985	0.0617	0.6978	0.1417	0.0802	0.2283	0.2006	0.4509	0.6032	0.1968	0.4503	0.3305	0.2161	0.0690	0.6608	0.1645	0.0781	0.2595	0.1627	0.0365	0.6396	0.1128	0.0491	0.2653	0.3383	0.0378	0.7001	0.2878	0.0363	0.2543	0.1863	0.9570	0.4895	0.2336	0.0763	0.6238	0.1872	0.0761	0.2906	0.2112	0.4443	0.5470	0.2053	0.4378	0.3825
706	7.06	0.3531	0.8839	0.5643	0.3135	0.8956	0.3660	0.2647	0.4507	0.6211	0.2538	0.4788	0.3105	0.2457	0.3877	0.6264	0.2294	0.3928	0.2959	0.2179	0.2052	0.7051	0.2449	0.1527	0.6856	0.2731	0.1558	0.7286	0.1830	0.2141	0.2245	0.2011	0.1525	0.2369	0.2278	0.1579	0.1931	0.3333	0.8898	0.4651	0.3333	0.8898	0.4651	0.2403	0.0371	0.6663	0.1901	0.0435	0.2604	0.2069	0.2962	0.6265	0.1837	0.2996	0.3017	0.0159	-0.0053	0.0380	0.0095	-0.0003	-0.0374	0.3191	1.2875	0.4850	0.2190	0.6568	0.3773	0.0077	0.0265	-0.0465	0.2341	0.6531	0.5686	0.0130	0.0335	0.0450	-0.0529	-0.0170	-0.0867	-0.0500	-0.0253	0.0755	0.1795	-0.0484	0.1554	0.0622	0.0000	0.0000	0.0000	0.0000	0.0000	0.0038	0.0514	0.0000	-0.0660	-0.0368	-0.0526	-0.0641	-0.0386	0.0421	0.2072	-0.0348	-0.1336	0.0654	0.0000	0.0000	0.0000	0.0000	0.0000	0.0060	0.0513	0.0000	0.2075	1.3339	0.4817	0.3533	0.8838	0.5655	0.3132	0.8957	0.3648	0.3175	1.2874	0.5370	0.3207	1.2876	0.4330	0.2375	0.8292	0.4164	0.2621	0.8219	0.5397	0.1900	0.4576	0.6594	0.1884	0.4627	0.2785	0.1984	0.0617	0.6976	0.1417	0.0802	0.2283	0.2006	0.4509	0.6032	0.1969	0.4503	0.3305	0.2160	0.0690	0.6607	0.1645	0.0782	0.2595	0.1627	0.0366	0.6395	0.1128	0.0492	0.2653	0.3383	0.0378	0.7000	0.2878	0.0363	0.2543	0.1865	0.9570	0.4894	0.2337	0.0763	0.6238	0.1872	0.0761	0.2906	0.2112	0.4442	0.5470	0.2053	0.4379	0.3825
707	7.07	0.3533	0.8839	0.5642	0.3137	0.8956	0.3660	0.2648	0.4506	0.6210	0.2539	0.4788	0.3105	0.2458	0.3877	0.6264	0.2295	0.3928	0.2959	0.2179	0.2052	0.7050	0.2449	0.1527	0.6855	0.2732	0.1558	0.7286	0.1831	0.2141	0.2245	0.2012	0.1525	0.2369	0.2279	0.1579	0.1931	0.3335	0.8898	0.4651	0.3335	0.8898	0.4651	0.2403	0.0371	0.6663	0.1902	0.0435	0.2604	0.2069	0.2962	0.6265	0.1838	0.2996	0.3017	0.0159	-0.0053	0.0380	0.0095	-0.0003	-0.0374	0.3194	1.2875	0.4850	0.2191	0.6568	0.3773	0.0077	0.0265	-0.0466	0.2343	0.6531	0.5686	0.0130	0.0335	0.0450	-0.0529	-0.0169	-0.0867	-0.0500	-0.0253	0.0755	0.1795	-0.0484	0.1554	0.0622	0.0000	0.0000	0.0000	0.0000	0.0000	0.0038	0.0514	0.0000	-0.0659	-0.0367	-0.0526	-0.0641	-0.0386	0.0422	0.2072	-0.0349	-0.1336	0.0654	0.0000	0.0000	0.0000	0.0000	0.0000	0.0060	0.0513	0.0000	0.2078	1.3338	0.4817	0.3535	0.8838	0.5655	0.3135	0.8957	0.3648	0.3178	1.2873	0.5370	0.3210	1.2876	0.4330	0.2377	0.8292	0.4163	0.2623	0.8219	0.5396	0.1901	0.4576	0.6594	0.1885	0.4627	0.2785	0.1984	0.0617	0.6976	0.1418	0.0802	0.2283	0.2007	0.4509	0.6032	0.1969	0.4503	0.3305	0.2161	0.0690	0.6607	0.1645	0.0781	0.2594	0.1627	0.0365	0.6395	0.1128	0.0492	0.2653	0.3383	0.0378	0.7000	0.2878	0.0363	0.2543	0.1867	0.9570	0.4894	0.2337	0.0763	0.6238	0.1872	0.0761	0.2906	0.2113	0.4442	0.5470	0.2054	0.4379	0.3825
